timestamp,ops,success_rate,duration,cpu,memory,receive,transmit
2025-05-31 07:09:21,7.0,1.0,7.825,0.0,38805504.0,44968238.0,71539796.0
2025-05-31 07:09:26,7.0,1.0,7.825,0.0,38805504.0,44968238.0,71539796.0
2025-05-31 07:09:31,7.0,1.0,7.825,0.0,38805504.0,44968238.0,71539796.0
2025-05-31 07:09:36,7.0,1.0,7.825,0.0,38805504.0,45048966.0,71670137.0
2025-05-31 07:09:41,7.0,1.0,7.825,0.0,38805504.0,45048966.0,71670137.0
2025-05-31 07:09:46,7.0,1.0,7.825,0.0,38805504.0,45048966.0,71670137.0
2025-05-31 07:09:51,7.0,1.0,7.825,0.009523809523809322,32694272.0,45129655.0,71800442.0
2025-05-31 07:09:56,7.0,1.0,7.825,0.009523809523809322,32694272.0,45129655.0,71800442.0
2025-05-31 07:10:01,7.0,1.0,7.825,0.009523809523809322,32694272.0,45129655.0,71800442.0
2025-05-31 07:10:06,7.0,1.0,7.825,0.009523809523809322,32694272.0,45210526.0,71930982.0
2025-05-31 07:10:11,7.0,1.0,7.825,0.009523809523809322,32694272.0,45210526.0,71930982.0
2025-05-31 07:10:16,7.0,1.0,7.825,0.009523809523809322,32694272.0,45210526.0,71930982.0
2025-05-31 07:10:21,7.0,1.0,7.825,0.019047619047619067,32694272.0,45291215.0,72061288.0
2025-05-31 07:10:26,7.0,1.0,7.825,0.019047619047619067,32694272.0,45291215.0,72061288.0
2025-05-31 07:10:31,7.0,1.0,7.825,0.019047619047619067,32694272.0,45291215.0,72061288.0
2025-05-31 07:10:36,7.0,1.0,7.825,0.019047619047619067,32694272.0,45371995.0,72191579.0
2025-05-31 07:10:41,7.0,1.0,7.825,0.019047619047619067,32694272.0,45371995.0,72191579.0
2025-05-31 07:10:46,7.0,1.0,7.825,0.019047619047619067,32694272.0,45371995.0,72191579.0
2025-05-31 07:10:51,7.0,1.0,7.825,0.019047619047619067,32694272.0,45452632.0,72321834.0
2025-05-31 07:10:56,7.0,1.0,7.825,0.019047619047619067,32694272.0,45452632.0,72321834.0
2025-05-31 07:11:01,7.0,1.0,7.825,0.019047619047619067,32694272.0,45452632.0,72321834.0
2025-05-31 07:11:06,7.0,1.0,7.825,0.02380952380952373,32694272.0,45533360.0,72452179.0
2025-05-31 07:11:11,7.0,1.0,7.825,0.02380952380952373,32694272.0,45533360.0,72452179.0
2025-05-31 07:11:16,7.0,1.0,7.825,0.02380952380952373,32694272.0,45533360.0,72452179.0
2025-05-31 07:11:21,7.0,1.0,7.825,0.02857142857142839,32694272.0,45613997.0,72582433.0
2025-05-31 07:11:26,7.0,1.0,7.825,0.02857142857142839,32694272.0,45613997.0,72582433.0
2025-05-31 07:11:31,7.0,1.0,7.825,0.02857142857142839,32694272.0,45613997.0,72582433.0
2025-05-31 07:11:36,7.0,1.0,7.825,0.03333333333333305,32694272.0,45694868.0,72712866.0
2025-05-31 07:11:41,7.0,1.0,7.825,0.03333333333333305,32694272.0,45694868.0,72712866.0
2025-05-31 07:11:46,7.0,1.0,7.825,0.03333333333333305,32694272.0,45694868.0,72712866.0
2025-05-31 07:11:51,7.0,1.0,7.825,0.042857142857142795,32694272.0,45775505.0,72843117.0
2025-05-31 07:11:56,7.0,1.0,7.825,0.042857142857142795,32694272.0,45775505.0,72843117.0
2025-05-31 07:12:01,7.0,1.0,7.825,0.042857142857142795,32694272.0,45775505.0,72843117.0
2025-05-31 07:12:06,7.0,1.0,7.825,0.042857142857142795,32694272.0,45856233.0,72973460.0
2025-05-31 07:12:11,7.0,1.0,7.825,0.042857142857142795,32694272.0,45856233.0,72973460.0
2025-05-31 07:12:16,7.0,1.0,7.825,0.042857142857142795,32694272.0,45856233.0,72973460.0
2025-05-31 07:12:21,7.0,1.0,7.825,0.042857142857142795,32694272.0,45936870.0,73103713.0
2025-05-31 07:12:26,7.0,1.0,7.825,0.042857142857142795,32694272.0,45936870.0,73103713.0
2025-05-31 07:12:31,7.0,1.0,7.825,0.042857142857142795,32694272.0,45936870.0,73103713.0
2025-05-31 07:12:36,7.0,1.0,7.825,0.04761904761904746,32694272.0,46017546.0,73234055.0
2025-05-31 07:12:41,7.0,1.0,7.825,0.04761904761904746,32694272.0,46017546.0,73234055.0
2025-05-31 07:12:46,7.0,1.0,7.825,0.04761904761904746,32694272.0,46017546.0,73234055.0
2025-05-31 07:12:51,7.0,1.0,7.825,0.05238095238095212,32694272.0,46098183.0,73364308.0
2025-05-31 07:12:56,7.0,1.0,7.825,0.05238095238095212,32694272.0,46098183.0,73364308.0
2025-05-31 07:13:01,7.0,1.0,7.825,0.05238095238095212,32694272.0,46098183.0,73364308.0
2025-05-31 07:13:06,7.0,1.0,7.825,0.05238095238095212,32694272.0,46178963.0,73494600.0
2025-05-31 07:13:11,7.0,1.0,7.825,0.05238095238095212,32694272.0,46178963.0,73494600.0
2025-05-31 07:13:16,7.0,1.0,7.825,0.05238095238095212,32694272.0,46178963.0,73494600.0
2025-05-31 07:13:21,7.0,1.0,7.825,0.057142857142857204,32694272.0,46259600.0,73624851.0
2025-05-31 07:13:26,7.0,1.0,7.825,0.057142857142857204,32694272.0,46259600.0,73624851.0
2025-05-31 07:13:31,7.0,1.0,7.825,0.057142857142857204,32694272.0,46259600.0,73624851.0
2025-05-31 07:13:36,7.0,1.0,7.825,0.061904761904761865,32694272.0,46340328.0,73755195.0
2025-05-31 07:13:41,7.0,1.0,7.825,0.061904761904761865,32694272.0,46340328.0,73755195.0
2025-05-31 07:13:46,7.0,1.0,7.825,0.061904761904761865,32694272.0,46340328.0,73755195.0
2025-05-31 07:13:51,7.0,1.0,7.825,0.06666666666666653,32694272.0,46421017.0,73885500.0
2025-05-31 07:13:56,7.0,1.0,7.825,0.06666666666666653,32694272.0,46421017.0,73885500.0
2025-05-31 07:14:01,7.0,1.0,7.825,0.06666666666666653,32694272.0,46421017.0,73885500.0
2025-05-31 07:14:06,7.0,1.0,7.825,0.07142857142857119,32694272.0,46501745.0,74015841.0
2025-05-31 07:14:11,7.0,1.0,7.825,0.07142857142857119,32694272.0,46501745.0,74015841.0
2025-05-31 07:14:16,7.0,1.0,7.825,0.07142857142857119,32694272.0,46501745.0,74015841.0
2025-05-31 07:14:21,7.0,1.0,7.825,0.07619047619047627,32694272.0,46582434.0,74146092.0
2025-05-31 07:14:26,7.0,1.0,7.825,0.07619047619047627,32694272.0,46582434.0,74146092.0
2025-05-31 07:14:31,7.0,1.0,7.825,0.07619047619047627,32694272.0,46582434.0,74146092.0
2025-05-31 07:14:36,7.0,1.0,7.825,0.07619047619047627,32694272.0,46663214.0,74276436.0
2025-05-31 07:14:41,7.0,1.0,7.825,0.07619047619047627,32694272.0,46663214.0,74276436.0
2025-05-31 07:14:46,7.0,1.0,7.825,0.07619047619047627,32694272.0,46663214.0,74276436.0
2025-05-31 07:14:51,7.0,1.0,7.825,0.08095238095238093,32694272.0,46743851.0,74406688.0
2025-05-31 07:14:56,7.0,1.0,7.825,0.08095238095238093,32694272.0,46743851.0,74406688.0
2025-05-31 07:15:01,7.0,1.0,7.825,0.08095238095238093,32694272.0,46743851.0,74406688.0
2025-05-31 07:15:06,7.0,1.0,7.825,0.08095238095238093,32694272.0,46824579.0,74536979.0
2025-05-31 07:15:11,7.0,1.0,7.825,0.08095238095238093,32694272.0,46824579.0,74536979.0
2025-05-31 07:15:16,7.0,1.0,7.825,0.08095238095238093,32694272.0,46824579.0,74536979.0
2025-05-31 07:15:21,7.0,1.0,7.825,0.08571428571428559,32694272.0,46905216.0,74667228.0
2025-05-31 07:15:26,7.0,1.0,7.825,0.08571428571428559,32694272.0,46905216.0,74667228.0
2025-05-31 07:15:31,7.0,1.0,7.825,0.08571428571428559,32694272.0,46905216.0,74667228.0
2025-05-31 07:15:36,7.0,1.0,7.825,0.08571428571428559,32694272.0,46986087.0,74797662.0
2025-05-31 07:15:41,7.0,1.0,7.825,0.08571428571428559,32694272.0,46986087.0,74797662.0
2025-05-31 07:15:46,7.0,1.0,7.825,0.08571428571428559,32694272.0,46986087.0,74797662.0
2025-05-31 07:15:51,7.0,1.0,7.825,0.09047619047619025,32694272.0,47066724.0,74927914.0
2025-05-31 07:15:56,7.0,1.0,7.825,0.09047619047619025,32694272.0,47066724.0,74927914.0
2025-05-31 07:16:01,7.0,1.0,7.825,0.09047619047619025,32694272.0,47066724.0,74927914.0
2025-05-31 07:16:06,7.0,1.0,7.825,0.09523809523809534,32694272.0,47147504.0,75058207.0
2025-05-31 07:16:11,7.0,1.0,7.825,0.09523809523809534,32694272.0,47147504.0,75058207.0
2025-05-31 07:16:16,7.0,1.0,7.825,0.09523809523809534,32694272.0,47147504.0,75058207.0
2025-05-31 07:16:21,7.0,1.0,7.825,0.09523809523809534,32694272.0,47228141.0,75188459.0
2025-05-31 07:16:26,7.0,1.0,7.825,0.09523809523809534,32694272.0,47228141.0,75188459.0
2025-05-31 07:16:31,7.0,1.0,7.825,0.09523809523809534,32694272.0,47228141.0,75188459.0
2025-05-31 07:16:36,7.0,1.0,7.825,0.09523809523809534,32694272.0,47308869.0,75318799.0
2025-05-31 07:16:41,7.0,1.0,7.825,0.09523809523809534,32694272.0,47308869.0,75318799.0
2025-05-31 07:16:46,7.0,1.0,7.825,0.09523809523809534,32694272.0,47308869.0,75318799.0
2025-05-31 07:16:51,7.0,1.0,7.825,0.1,32694272.0,47389506.0,75449051.0
2025-05-31 07:16:56,7.0,1.0,7.825,0.1,32694272.0,47389506.0,75449051.0
2025-05-31 07:17:01,7.0,1.0,7.825,0.1,32694272.0,47389506.0,75449051.0
2025-05-31 07:17:06,7.0,1.0,7.825,0.1,32694272.0,47470286.0,75579394.0
2025-05-31 07:17:11,7.0,1.0,7.825,0.1,32694272.0,47470286.0,75579394.0
2025-05-31 07:17:16,7.0,1.0,7.825,0.1,32694272.0,47470286.0,75579394.0
2025-05-31 07:17:21,7.0,1.0,7.825,0.10476190476190467,32694272.0,47550923.0,75709647.0
2025-05-31 07:17:26,7.0,1.0,7.825,0.10476190476190467,32694272.0,47550923.0,75709647.0
2025-05-31 07:17:31,7.0,1.0,7.825,0.10476190476190467,32694272.0,47550923.0,75709647.0
2025-05-31 07:17:36,7.0,1.0,7.825,0.10476190476190467,32694272.0,47631703.0,75840043.0
2025-05-31 07:17:41,7.0,1.0,7.825,0.10476190476190467,32694272.0,47631703.0,75840043.0
2025-05-31 07:17:46,7.0,1.0,7.825,0.10476190476190467,32694272.0,47631703.0,75840043.0
2025-05-31 07:17:51,7.0,1.0,7.825,0.11428571428571441,32694272.0,47712392.0,75970349.0
2025-05-31 07:17:56,7.0,1.0,7.825,0.11428571428571441,32694272.0,47712392.0,75970349.0
2025-05-31 07:18:01,7.0,1.0,7.825,0.11428571428571441,32694272.0,47712392.0,75970349.0
2025-05-31 07:18:06,7.0,1.0,7.825,0.11428571428571441,32694272.0,47793068.0,76100694.0
2025-05-31 07:18:11,7.0,1.0,7.825,0.11428571428571441,32694272.0,47793068.0,76100694.0
2025-05-31 07:18:16,7.0,1.0,7.825,0.11428571428571441,32694272.0,47793068.0,76100694.0
2025-05-31 07:18:21,7.0,1.0,7.825,0.11904761904761907,32694272.0,47873809.0,76231001.0
2025-05-31 07:18:26,7.0,1.0,7.825,0.11904761904761907,32694272.0,47873809.0,76231001.0
2025-05-31 07:18:31,7.0,1.0,7.825,0.11904761904761907,32694272.0,47873809.0,76231001.0
2025-05-31 07:18:36,7.0,1.0,7.825,0.11904761904761907,32694272.0,47954537.0,76361346.0
2025-05-31 07:18:41,7.0,1.0,7.825,0.11904761904761907,32694272.0,47954537.0,76361346.0
2025-05-31 07:18:46,7.0,1.0,7.825,0.11904761904761907,32694272.0,47954537.0,76361346.0
2025-05-31 07:18:51,7.0,1.0,7.825,0.12380952380952373,32694272.0,48035174.0,76491601.0
2025-05-31 07:18:56,7.0,1.0,7.825,0.12380952380952373,32694272.0,48035174.0,76491601.0
2025-05-31 07:19:01,7.0,1.0,7.825,0.12380952380952373,32694272.0,48035174.0,76491601.0
2025-05-31 07:19:06,7.0,1.0,7.825,0.1285714285714284,32694272.0,48115902.0,76621941.0
2025-05-31 07:19:11,7.0,1.0,7.825,0.1285714285714284,32694272.0,48115902.0,76621941.0
2025-05-31 07:19:16,7.0,1.0,7.825,0.1285714285714284,32694272.0,48115902.0,76621941.0
2025-05-31 07:19:21,7.0,1.0,7.825,0.1285714285714284,32694272.0,48196591.0,76752142.0
2025-05-31 07:19:26,7.0,1.0,7.825,0.1285714285714284,32694272.0,48196591.0,76752142.0
2025-05-31 07:19:31,7.0,1.0,7.825,0.1285714285714284,32694272.0,48196591.0,76752142.0
2025-05-31 07:19:36,7.0,1.0,7.825,0.1285714285714284,32694272.0,48277267.0,76882488.0
2025-05-31 07:19:41,7.0,1.0,7.825,0.1285714285714284,32694272.0,48277267.0,76882488.0
2025-05-31 07:19:46,7.0,1.0,7.825,0.1285714285714284,32694272.0,48277267.0,76882488.0
2025-05-31 07:19:51,7.0,1.0,7.825,0.13809523809523813,32694272.0,48357904.0,77012743.0
2025-05-31 07:19:56,7.0,1.0,7.825,0.13809523809523813,32694272.0,48357904.0,77012743.0
2025-05-31 07:20:01,7.0,1.0,7.825,0.13809523809523813,32694272.0,48357904.0,77012743.0
2025-05-31 07:20:06,7.0,1.0,7.825,0.13809523809523813,32694272.0,48438775.0,77143283.0
2025-05-31 07:20:11,7.0,1.0,7.825,0.13809523809523813,32694272.0,48438775.0,77143283.0
2025-05-31 07:20:16,7.0,1.0,7.825,0.13809523809523813,32694272.0,48438775.0,77143283.0
2025-05-31 07:20:21,7.0,1.0,7.825,0.13809523809523813,32694272.0,48519412.0,77273537.0
2025-05-31 07:20:26,7.0,1.0,7.825,0.13809523809523813,32694272.0,48519412.0,77273537.0
2025-05-31 07:20:31,7.0,1.0,7.825,0.13809523809523813,32694272.0,48519412.0,77273537.0
2025-05-31 07:20:36,7.0,1.0,7.825,0.1428571428571428,32694272.0,48600140.0,77403877.0
2025-05-31 07:20:41,7.0,1.0,7.825,0.1428571428571428,32694272.0,48600140.0,77403877.0
2025-05-31 07:20:46,7.0,1.0,7.825,0.1428571428571428,32694272.0,48600140.0,77403877.0
2025-05-31 07:20:51,7.0,1.0,7.825,0.14761904761904746,32694272.0,48680777.0,77534128.0
2025-05-31 07:20:56,7.0,1.0,7.825,0.14761904761904746,32694272.0,48680777.0,77534128.0
2025-05-31 07:21:01,7.0,1.0,7.825,0.14761904761904746,32694272.0,48680777.0,77534128.0
2025-05-31 07:21:06,7.0,1.0,7.825,0.15238095238095212,32694272.0,48761505.0,77664471.0
2025-05-31 07:21:11,7.0,1.0,7.825,0.15238095238095212,32694272.0,48761505.0,77664471.0
2025-05-31 07:21:16,7.0,1.0,7.825,0.15238095238095212,32694272.0,48761505.0,77664471.0
2025-05-31 07:21:21,7.0,1.0,7.825,0.15238095238095212,32694272.0,48842142.0,77794724.0
2025-05-31 07:21:26,7.0,1.0,7.825,0.15238095238095212,32694272.0,48842142.0,77794724.0
2025-05-31 07:21:31,7.0,1.0,7.825,0.15238095238095212,32694272.0,48842142.0,77794724.0
2025-05-31 07:21:36,7.0,1.0,7.825,0.15238095238095212,32694272.0,48922870.0,77925070.0
2025-05-31 07:21:41,7.0,1.0,7.825,0.15238095238095212,32694272.0,48922870.0,77925070.0
2025-05-31 07:21:46,7.0,1.0,7.825,0.15238095238095212,32694272.0,48922870.0,77925070.0
2025-05-31 07:21:51,7.0,1.0,7.825,0.16190476190476186,32788480.0,49003507.0,78055322.0
2025-05-31 07:21:56,7.0,1.0,7.825,0.16190476190476186,32788480.0,49003507.0,78055322.0
2025-05-31 07:22:01,7.0,1.0,7.825,0.16190476190476186,32788480.0,49003507.0,78055322.0
2025-05-31 07:22:06,7.0,1.0,7.825,0.16190476190476186,32788480.0,49084287.0,78185720.0
2025-05-31 07:22:11,7.0,1.0,7.825,0.16190476190476186,32788480.0,49084287.0,78185720.0
2025-05-31 07:22:16,7.0,1.0,7.825,0.16190476190476186,32788480.0,49084287.0,78185720.0
2025-05-31 07:22:21,7.0,1.0,7.825,0.16666666666666652,32772096.0,49164924.0,78315973.0
2025-05-31 07:22:26,7.0,1.0,7.825,0.16666666666666652,32772096.0,49164924.0,78315973.0
2025-05-31 07:22:31,7.0,1.0,7.825,0.16666666666666652,32772096.0,49164924.0,78315973.0
2025-05-31 07:22:36,7.0,1.0,7.825,0.16666666666666652,32772096.0,49245652.0,78446319.0
2025-05-31 07:22:41,7.0,1.0,7.825,0.16666666666666652,32772096.0,49245652.0,78446319.0
2025-05-31 07:22:46,7.0,1.0,7.825,0.16666666666666652,32772096.0,49245652.0,78446319.0
2025-05-31 07:22:51,7.0,1.0,7.825,0.17142857142857118,32772096.0,49326289.0,78576573.0
2025-05-31 07:22:56,7.0,1.0,7.825,0.17142857142857118,32772096.0,49326289.0,78576573.0
2025-05-31 07:23:01,7.0,1.0,7.825,0.17142857142857118,32772096.0,49326289.0,78576573.0
2025-05-31 07:23:06,7.0,1.0,7.825,0.17619047619047626,32772096.0,49407160.0,78707009.0
2025-05-31 07:23:11,7.0,1.0,7.825,0.17619047619047626,32772096.0,49407160.0,78707009.0
2025-05-31 07:23:16,7.0,1.0,7.825,0.17619047619047626,32772096.0,49407160.0,78707009.0
2025-05-31 07:23:21,7.0,1.0,7.825,0.18095238095238092,32772096.0,49487797.0,78837264.0
2025-05-31 07:23:26,7.0,1.0,7.825,0.18095238095238092,32772096.0,49487797.0,78837264.0
2025-05-31 07:23:31,7.0,1.0,7.825,0.18095238095238092,32772096.0,49487797.0,78837264.0
2025-05-31 07:23:36,7.0,1.0,7.825,0.18571428571428558,32772096.0,49568525.0,78967611.0
2025-05-31 07:23:41,7.0,1.0,7.825,0.18571428571428558,32772096.0,49568525.0,78967611.0
2025-05-31 07:23:46,7.0,1.0,7.825,0.18571428571428558,32772096.0,49568525.0,78967611.0
2025-05-31 07:23:51,7.0,1.0,7.825,0.18571428571428558,32772096.0,49649162.0,79097866.0
2025-05-31 07:23:56,7.0,1.0,7.825,0.18571428571428558,32772096.0,49649162.0,79097866.0
2025-05-31 07:24:01,7.0,1.0,7.825,0.18571428571428558,32772096.0,49649162.0,79097866.0
2025-05-31 07:24:06,7.0,1.0,7.825,0.19047619047619024,32772096.0,49729942.0,79228210.0
2025-05-31 07:24:11,7.0,1.0,7.825,0.19047619047619024,32772096.0,49729942.0,79228210.0
2025-05-31 07:24:16,7.0,1.0,7.825,0.19047619047619024,32772096.0,49729942.0,79228210.0
2025-05-31 07:24:21,7.0,1.0,7.825,0.19047619047619024,32772096.0,49810579.0,79358462.0
2025-05-31 07:24:26,7.0,1.0,7.825,0.19047619047619024,32772096.0,49810579.0,79358462.0
2025-05-31 07:24:31,7.0,1.0,7.825,0.19047619047619024,32772096.0,49810579.0,79358462.0
2025-05-31 07:24:36,7.0,1.0,7.825,0.19523809523809535,32772096.0,49891255.0,79488807.0
2025-05-31 07:24:41,7.0,1.0,7.825,0.19523809523809535,32772096.0,49891255.0,79488807.0
2025-05-31 07:24:46,7.0,1.0,7.825,0.19523809523809535,32772096.0,49891255.0,79488807.0
2025-05-31 07:24:51,7.0,1.0,7.825,0.2,32772096.0,49971892.0,79619061.0
2025-05-31 07:24:56,7.0,1.0,7.825,0.2,32772096.0,49971892.0,79619061.0
2025-05-31 07:25:01,7.0,1.0,7.825,0.2,32772096.0,49971892.0,79619061.0
2025-05-31 07:25:06,7.0,1.0,7.825,0.20476190476190467,32772096.0,50052672.0,79749457.0
2025-05-31 07:25:11,7.0,1.0,7.825,0.20476190476190467,32772096.0,50052672.0,79749457.0
2025-05-31 07:25:16,7.0,1.0,7.825,0.20476190476190467,32772096.0,50052672.0,79749457.0
2025-05-31 07:25:21,7.0,1.0,7.825,0.20952380952380933,32772096.0,50133309.0,79879712.0
2025-05-31 07:25:26,7.0,1.0,7.825,0.20952380952380933,32772096.0,50133309.0,79879712.0
2025-05-31 07:25:31,7.0,1.0,7.825,0.20952380952380933,32772096.0,50133309.0,79879712.0
2025-05-31 07:25:36,7.0,1.0,7.825,0.20952380952380933,32661504.0,50214037.0,80010055.0
2025-05-31 07:25:41,7.0,1.0,7.825,0.20952380952380933,32661504.0,50214037.0,80010055.0
2025-05-31 07:25:46,7.0,1.0,7.825,0.20952380952380933,32661504.0,50214037.0,80010055.0
2025-05-31 07:25:51,7.0,1.0,7.825,0.20952380952380933,32661504.0,50294674.0,80140308.0
2025-05-31 07:25:56,7.0,1.0,7.825,0.20952380952380933,32661504.0,50294674.0,80140308.0
2025-05-31 07:26:01,7.0,1.0,7.825,0.20952380952380933,32661504.0,50294674.0,80140308.0
2025-05-31 07:26:06,7.0,1.0,7.825,0.21904761904761907,32661504.0,50375597.0,80270849.0
2025-05-31 07:26:11,7.0,1.0,7.825,0.21904761904761907,32661504.0,50375597.0,80270849.0
2025-05-31 07:26:16,7.0,1.0,7.825,0.21904761904761907,32661504.0,50375597.0,80270849.0
2025-05-31 07:26:21,7.0,1.0,7.825,0.21904761904761907,32661504.0,50456286.0,80401155.0
2025-05-31 07:26:26,7.0,1.0,7.825,0.21904761904761907,32661504.0,50456286.0,80401155.0
2025-05-31 07:26:31,7.0,1.0,7.825,0.21904761904761907,32661504.0,50456286.0,80401155.0
2025-05-31 07:26:36,7.0,1.0,7.825,0.22380952380952374,32641024.0,50537066.0,80531501.0
2025-05-31 07:26:41,7.0,1.0,7.825,0.22380952380952374,32641024.0,50537066.0,80531501.0
2025-05-31 07:26:46,7.0,1.0,7.825,0.22380952380952374,32641024.0,50537066.0,80531501.0
2025-05-31 07:26:51,7.0,1.0,7.825,0.2285714285714284,32641024.0,50653313.0,80691654.0
2025-05-31 07:26:56,7.0,1.0,7.825,0.2285714285714284,32641024.0,50653313.0,80691654.0
2025-05-31 07:27:01,7.0,1.0,7.825,0.2285714285714284,32641024.0,50653313.0,80691654.0
2025-05-31 07:27:06,7.0,1.0,7.825,0.2285714285714284,32641024.0,50769244.0,80851790.0
2025-05-31 07:27:11,7.0,1.0,7.825,0.2285714285714284,32641024.0,50769244.0,80851790.0
2025-05-31 07:27:16,7.0,1.0,7.825,0.2285714285714284,32641024.0,50769244.0,80851790.0
2025-05-31 07:27:21,7.0,1.0,7.825,0.23333333333333348,32641024.0,50862265.0,80992218.0
2025-05-31 07:27:26,7.0,1.0,7.825,0.23333333333333348,32641024.0,50862265.0,80992218.0
2025-05-31 07:27:31,7.0,1.0,7.825,0.23333333333333348,32641024.0,50862265.0,80992218.0
2025-05-31 07:27:36,7.0,1.0,7.825,0.23333333333333348,32641024.0,50978354.0,81152304.0
2025-05-31 07:27:41,7.0,1.0,7.825,0.23333333333333348,32641024.0,50978354.0,81152304.0
2025-05-31 07:27:46,7.0,1.0,7.825,0.23333333333333348,32641024.0,50978354.0,81152304.0
2025-05-31 07:27:51,7.0,1.0,7.825,0.23809523809523814,32600064.0,51058993.0,81282561.0
2025-05-31 07:27:56,7.0,1.0,7.825,0.23809523809523814,32600064.0,51058993.0,81282561.0
2025-05-31 07:28:01,7.0,1.0,7.825,0.23809523809523814,32600064.0,51058993.0,81282561.0
2025-05-31 07:28:06,7.0,1.0,7.825,0.2428571428571428,36724736.0,51139723.0,81412908.0
2025-05-31 07:28:11,7.0,1.0,7.825,0.2428571428571428,36724736.0,51139723.0,81412908.0
2025-05-31 07:28:16,7.0,1.0,7.825,0.2428571428571428,36724736.0,51139723.0,81412908.0
2025-05-31 07:28:21,7.0,1.0,7.825,0.2428571428571428,36966400.0,51220466.0,81543165.0
2025-05-31 07:28:26,7.0,1.0,7.825,0.2428571428571428,36966400.0,51220466.0,81543165.0
2025-05-31 07:28:31,7.0,1.0,7.825,0.2428571428571428,36966400.0,51220466.0,81543165.0
2025-05-31 07:28:36,7.0,1.0,7.825,0.24761904761904746,36966400.0,51301196.0,81673510.0
2025-05-31 07:28:41,7.0,1.0,7.825,0.24761904761904746,36966400.0,51301196.0,81673510.0
2025-05-31 07:28:46,7.0,1.0,7.825,0.24761904761904746,36966400.0,51301196.0,81673510.0
2025-05-31 07:28:51,7.0,1.0,7.825,0.24761904761904746,36966400.0,51381835.0,81803764.0
2025-05-31 07:28:56,7.0,1.0,7.825,0.24761904761904746,36966400.0,51381835.0,81803764.0
2025-05-31 07:29:01,7.0,1.0,7.825,0.24761904761904746,36966400.0,51381835.0,81803764.0
2025-05-31 07:29:06,7.0,1.0,7.825,0.25238095238095254,36966400.0,51462565.0,81934057.0
2025-05-31 07:29:11,7.0,1.0,7.825,0.25238095238095254,36966400.0,51462565.0,81934057.0
2025-05-31 07:29:16,7.0,1.0,7.825,0.25238095238095254,36966400.0,51462565.0,81934057.0
2025-05-31 07:29:21,7.0,1.0,7.825,0.25238095238095254,36966400.0,51543204.0,82064310.0
2025-05-31 07:29:26,7.0,1.0,7.825,0.25238095238095254,36966400.0,51543204.0,82064310.0
2025-05-31 07:29:31,7.0,1.0,7.825,0.25238095238095254,36966400.0,51543204.0,82064310.0
2025-05-31 07:29:36,7.0,1.0,7.825,0.25714285714285723,36966400.0,51623934.0,82194653.0
2025-05-31 07:29:41,7.0,1.0,7.825,0.25714285714285723,36966400.0,51623934.0,82194653.0
2025-05-31 07:29:46,7.0,1.0,7.825,0.25714285714285723,36966400.0,51623934.0,82194653.0
2025-05-31 07:29:51,7.0,1.0,7.825,0.2714285714285712,36966400.0,51704573.0,82324907.0
2025-05-31 07:29:56,7.0,1.0,7.825,0.2714285714285712,36966400.0,51704573.0,82324907.0
2025-05-31 07:30:01,7.0,1.0,7.825,0.2714285714285712,36966400.0,51704573.0,82324907.0
2025-05-31 07:30:06,7.0,1.0,7.825,0.2714285714285712,36966400.0,51785394.0,82455395.0
2025-05-31 07:30:11,7.0,1.0,7.825,0.2714285714285712,36966400.0,51785394.0,82455395.0
2025-05-31 07:30:16,7.0,1.0,7.825,0.2714285714285712,36966400.0,51785394.0,82455395.0
2025-05-31 07:30:21,7.0,1.0,7.825,0.27619047619047626,36966400.0,51866033.0,82585648.0
2025-05-31 07:30:26,7.0,1.0,7.825,0.27619047619047626,36966400.0,51866033.0,82585648.0
2025-05-31 07:30:31,7.0,1.0,7.825,0.27619047619047626,36966400.0,51866033.0,82585648.0
2025-05-31 07:30:36,7.0,1.0,7.825,0.27619047619047626,36966400.0,51946763.0,82715993.0
2025-05-31 07:30:41,7.0,1.0,7.825,0.27619047619047626,36966400.0,51946763.0,82715993.0
2025-05-31 07:30:46,7.0,1.0,7.825,0.27619047619047626,36966400.0,51946763.0,82715993.0
2025-05-31 07:30:51,7.0,1.0,7.825,0.28095238095238095,36966400.0,52027402.0,82846244.0
2025-05-31 07:30:56,7.0,1.0,7.825,0.28095238095238095,36966400.0,52027402.0,82846244.0
2025-05-31 07:31:01,7.0,1.0,7.825,0.28095238095238095,36966400.0,52027402.0,82846244.0
2025-05-31 07:31:06,7.0,1.0,7.825,0.28095238095238095,36966400.0,52108223.0,82976730.0
2025-05-31 07:31:11,7.0,1.0,7.825,0.28095238095238095,36966400.0,52108223.0,82976730.0
2025-05-31 07:31:16,7.0,1.0,7.825,0.28095238095238095,36966400.0,52108223.0,82976730.0
2025-05-31 07:31:21,7.0,1.0,7.825,0.2857142857142856,36966400.0,52188914.0,83107033.0
2025-05-31 07:31:26,7.0,1.0,7.825,0.2857142857142856,36966400.0,52188914.0,83107033.0
2025-05-31 07:31:31,7.0,1.0,7.825,0.2857142857142856,36966400.0,52188914.0,83107033.0
2025-05-31 07:31:36,7.0,1.0,7.825,0.2904761904761903,36966400.0,52269696.0,83237376.0
2025-05-31 07:31:41,7.0,1.0,7.825,0.2904761904761903,36966400.0,52269696.0,83237376.0
2025-05-31 07:31:46,7.0,1.0,7.825,0.2904761904761903,36966400.0,52269696.0,83237376.0
2025-05-31 07:31:51,7.0,1.0,7.825,0.2904761904761903,36966400.0,52350387.0,83367682.0
2025-05-31 07:31:56,7.0,1.0,7.825,0.2904761904761903,36966400.0,52350387.0,83367682.0
2025-05-31 07:32:01,7.0,1.0,7.825,0.2904761904761903,36966400.0,52350387.0,83367682.0
2025-05-31 07:32:06,7.0,1.0,7.825,0.29523809523809535,36966400.0,52431065.0,83498027.0
2025-05-31 07:32:11,7.0,1.0,7.825,0.29523809523809535,36966400.0,52431065.0,83498027.0
2025-05-31 07:32:16,7.0,1.0,7.825,0.29523809523809535,36966400.0,52431065.0,83498027.0
2025-05-31 07:32:21,7.0,1.0,7.825,0.3,36966400.0,52511704.0,83628276.0
2025-05-31 07:32:26,7.0,1.0,7.825,0.3,36966400.0,52511704.0,83628276.0
2025-05-31 07:32:31,7.0,1.0,7.825,0.3,36966400.0,52511704.0,83628276.0
2025-05-31 07:32:36,7.0,1.0,7.825,0.3,36966400.0,52592538.0,83758619.0
2025-05-31 07:32:41,7.0,1.0,7.825,0.3,36966400.0,52592538.0,83758619.0
2025-05-31 07:32:46,7.0,1.0,7.825,0.3,36966400.0,52592538.0,83758619.0
2025-05-31 07:32:51,7.0,1.0,7.825,0.3,36966400.0,52673177.0,83888870.0
2025-05-31 07:32:56,7.0,1.0,7.825,0.3,36966400.0,52673177.0,83888870.0
2025-05-31 07:33:01,7.0,1.0,7.825,0.3,36966400.0,52673177.0,83888870.0
2025-05-31 07:33:06,7.0,1.0,7.825,0.3047619047619047,36966400.0,52753907.0,84019160.0
2025-05-31 07:33:11,7.0,1.0,7.825,0.3047619047619047,36966400.0,52753907.0,84019160.0
2025-05-31 07:33:16,7.0,1.0,7.825,0.3047619047619047,36966400.0,52753907.0,84019160.0
2025-05-31 07:33:21,7.0,1.0,7.825,0.3095238095238093,36966400.0,52834598.0,84149463.0
2025-05-31 07:33:26,7.0,1.0,7.825,0.3095238095238093,36966400.0,52834598.0,84149463.0
2025-05-31 07:33:31,7.0,1.0,7.825,0.3095238095238093,36966400.0,52834598.0,84149463.0
2025-05-31 07:33:36,7.0,1.0,7.825,0.3142857142857144,36966400.0,52915328.0,84279807.0
2025-05-31 07:33:41,7.0,1.0,7.825,0.3142857142857144,36966400.0,52915328.0,84279807.0
2025-05-31 07:33:46,7.0,1.0,7.825,0.3142857142857144,36966400.0,52915328.0,84279807.0
2025-05-31 07:33:51,7.0,1.0,7.825,0.3142857142857144,36966400.0,52995967.0,84410059.0
2025-05-31 07:33:56,7.0,1.0,7.825,0.3142857142857144,36966400.0,52995967.0,84410059.0
2025-05-31 07:34:01,7.0,1.0,7.825,0.3142857142857144,36966400.0,52995967.0,84410059.0
2025-05-31 07:34:06,7.0,1.0,7.825,0.3190476190476191,36773888.0,53076788.0,84540494.0
2025-05-31 07:34:11,7.0,1.0,7.825,0.3190476190476191,36773888.0,53076788.0,84540494.0
2025-05-31 07:34:16,7.0,1.0,7.825,0.3190476190476191,36773888.0,53076788.0,84540494.0
2025-05-31 07:34:21,7.0,1.0,7.825,0.3190476190476191,36773888.0,53157427.0,84670749.0
2025-05-31 07:34:26,7.0,1.0,7.825,0.3190476190476191,36773888.0,53157427.0,84670749.0
2025-05-31 07:34:31,7.0,1.0,7.825,0.3190476190476191,36773888.0,53157427.0,84670749.0
2025-05-31 07:34:36,7.0,1.0,7.825,0.3238095238095237,36773888.0,53238157.0,84801042.0
2025-05-31 07:34:41,7.0,1.0,7.825,0.3238095238095237,36773888.0,53238157.0,84801042.0
2025-05-31 07:34:46,7.0,1.0,7.825,0.3238095238095237,36773888.0,53238157.0,84801042.0
2025-05-31 07:34:51,7.0,1.0,7.825,0.3238095238095237,36773888.0,53318848.0,84931296.0
2025-05-31 07:34:56,7.0,1.0,7.825,0.3238095238095237,36773888.0,53318848.0,84931296.0
2025-05-31 07:35:01,7.0,1.0,7.825,0.3238095238095237,36773888.0,53318848.0,84931296.0
2025-05-31 07:35:06,7.0,1.0,7.825,0.3285714285714284,36773888.0,53399721.0,85061732.0
2025-05-31 07:35:11,7.0,1.0,7.825,0.3285714285714284,36773888.0,53399721.0,85061732.0
2025-05-31 07:35:16,7.0,1.0,7.825,0.3285714285714284,36773888.0,53399721.0,85061732.0
2025-05-31 07:35:21,7.0,1.0,7.825,0.3333333333333335,36773888.0,53480464.0,85191987.0
2025-05-31 07:35:26,7.0,1.0,7.825,0.3333333333333335,36773888.0,53480464.0,85191987.0
2025-05-31 07:35:31,7.0,1.0,7.825,0.3333333333333335,36773888.0,53480464.0,85191987.0
2025-05-31 07:35:36,7.0,1.0,7.825,0.3333333333333335,36773888.0,53561389.0,85322475.0
2025-05-31 07:35:41,7.0,1.0,7.825,0.3333333333333335,36773888.0,53561389.0,85322475.0
2025-05-31 07:35:46,7.0,1.0,7.825,0.3333333333333335,36773888.0,53561389.0,85322475.0
2025-05-31 07:35:51,7.0,1.0,7.825,0.3380952380952381,36773888.0,53642028.0,85452729.0
2025-05-31 07:35:56,7.0,1.0,7.825,0.3380952380952381,36773888.0,53642028.0,85452729.0
2025-05-31 07:36:01,7.0,1.0,7.825,0.3380952380952381,36773888.0,53642028.0,85452729.0
2025-05-31 07:36:06,7.0,1.0,7.825,0.3428571428571428,36773888.0,53722971.0,85583271.0
2025-05-31 07:36:11,7.0,1.0,7.825,0.3428571428571428,36773888.0,53722971.0,85583271.0
2025-05-31 07:36:16,7.0,1.0,7.825,0.3428571428571428,36773888.0,53722971.0,85583271.0
2025-05-31 07:36:21,8.0,1.0,9.675,0.3571428571428572,40267776.0,54076113.0,86063796.0
2025-05-31 07:36:26,8.0,1.0,9.675,0.3571428571428572,40267776.0,54076113.0,86063796.0
2025-05-31 07:36:31,8.0,1.0,9.675,0.3571428571428572,40267776.0,54076113.0,86063796.0
2025-05-31 07:36:36,8.0,1.0,9.675,0.3571428571428572,40267776.0,54156752.0,86194048.0
2025-05-31 07:36:41,8.0,1.0,9.675,0.3571428571428572,40267776.0,54156752.0,86194048.0
2025-05-31 07:36:46,8.0,1.0,9.675,0.3571428571428572,40267776.0,54156752.0,86194048.0
2025-05-31 07:36:51,8.0,1.0,9.675,0.3571428571428572,40267776.0,54237625.0,86324593.0
2025-05-31 07:36:56,8.0,1.0,9.675,0.3571428571428572,40267776.0,54237625.0,86324593.0
2025-05-31 07:37:01,8.0,1.0,9.675,0.3571428571428572,40267776.0,54237625.0,86324593.0
2025-05-31 07:37:06,8.0,1.0,9.675,0.36190476190476184,40267776.0,54318264.0,86454852.0
2025-05-31 07:37:11,8.0,1.0,9.675,0.36190476190476184,40267776.0,54318264.0,86454852.0
2025-05-31 07:37:16,8.0,1.0,9.675,0.36190476190476184,40267776.0,54318264.0,86454852.0
2025-05-31 07:37:21,8.0,1.0,9.675,0.36666666666666653,40267776.0,54399046.0,86585249.0
2025-05-31 07:37:26,8.0,1.0,9.675,0.36666666666666653,40267776.0,54399046.0,86585249.0
2025-05-31 07:37:31,8.0,1.0,9.675,0.36666666666666653,40267776.0,54399046.0,86585249.0
2025-05-31 07:37:36,8.0,1.0,9.675,0.3714285714285716,40267776.0,54479685.0,86715508.0
2025-05-31 07:37:41,8.0,1.0,9.675,0.3714285714285716,40267776.0,54479685.0,86715508.0
2025-05-31 07:37:46,8.0,1.0,9.675,0.3714285714285716,40267776.0,54479685.0,86715508.0
2025-05-31 07:37:51,8.0,1.0,9.675,0.3714285714285716,40267776.0,54560415.0,86845858.0
2025-05-31 07:37:56,8.0,1.0,9.675,0.3714285714285716,40267776.0,54560415.0,86845858.0
2025-05-31 07:38:01,8.0,1.0,9.675,0.3714285714285716,40267776.0,54560415.0,86845858.0
2025-05-31 07:38:06,8.0,1.0,9.675,0.3761904761904763,40267776.0,54641054.0,86976116.0
2025-05-31 07:38:11,8.0,1.0,9.675,0.3761904761904763,40267776.0,54641054.0,86976116.0
2025-05-31 07:38:16,8.0,1.0,9.675,0.3761904761904763,40267776.0,54641054.0,86976116.0
2025-05-31 07:38:21,8.0,1.0,9.675,0.3761904761904763,40267776.0,54721784.0,87106462.0
2025-05-31 07:38:26,8.0,1.0,9.675,0.3761904761904763,40267776.0,54721784.0,87106462.0
2025-05-31 07:38:31,8.0,1.0,9.675,0.3761904761904763,40267776.0,54721784.0,87106462.0
2025-05-31 07:38:36,8.0,1.0,9.675,0.3761904761904763,40267776.0,54802423.0,87236716.0
2025-05-31 07:38:41,8.0,1.0,9.675,0.3761904761904763,40267776.0,54802423.0,87236716.0
2025-05-31 07:38:46,8.0,1.0,9.675,0.3761904761904763,40267776.0,54802423.0,87236716.0
2025-05-31 07:38:51,8.0,1.0,9.675,0.38095238095238093,40267776.0,54883101.0,87367066.0
2025-05-31 07:38:56,8.0,1.0,9.675,0.38095238095238093,40267776.0,54883101.0,87367066.0
2025-05-31 07:39:01,8.0,1.0,9.675,0.38095238095238093,40267776.0,54883101.0,87367066.0
2025-05-31 07:39:06,8.0,1.0,9.675,0.3857142857142856,40267776.0,54963740.0,87497320.0
2025-05-31 07:39:11,8.0,1.0,9.675,0.3857142857142856,40267776.0,54963740.0,87497320.0
2025-05-31 07:39:16,8.0,1.0,9.675,0.3857142857142856,40267776.0,54963740.0,87497320.0
2025-05-31 07:39:21,8.0,1.0,9.675,0.3857142857142856,40267776.0,55044470.0,87627665.0
2025-05-31 07:39:26,8.0,1.0,9.675,0.3857142857142856,40267776.0,55044470.0,87627665.0
2025-05-31 07:39:31,8.0,1.0,9.675,0.3857142857142856,40267776.0,55044470.0,87627665.0
2025-05-31 07:39:36,8.0,1.0,9.675,0.39047619047619025,40267776.0,55125161.0,87757974.0
2025-05-31 07:39:41,8.0,1.0,9.675,0.39047619047619025,40267776.0,55125161.0,87757974.0
2025-05-31 07:39:46,8.0,1.0,9.675,0.39047619047619025,40267776.0,55125161.0,87757974.0
2025-05-31 07:39:51,8.0,1.0,9.675,0.4,40267776.0,55205891.0,87888324.0
2025-05-31 07:39:56,8.0,1.0,9.675,0.4,40267776.0,55205891.0,87888324.0
2025-05-31 07:40:01,8.0,1.0,9.675,0.4,40267776.0,55205891.0,87888324.0
2025-05-31 07:40:06,8.0,1.0,9.675,0.40476190476190466,35926016.0,55286530.0,88018581.0
2025-05-31 07:40:11,8.0,1.0,9.675,0.40476190476190466,35926016.0,55286530.0,88018581.0
2025-05-31 07:40:16,8.0,1.0,9.675,0.40476190476190466,35926016.0,55286530.0,88018581.0
2025-05-31 07:40:21,8.0,1.0,9.675,0.40952380952380935,35926016.0,55367299.0,88149066.0
2025-05-31 07:40:26,8.0,1.0,9.675,0.40952380952380935,35926016.0,55367299.0,88149066.0
2025-05-31 07:40:31,8.0,1.0,9.675,0.40952380952380935,35926016.0,55367299.0,88149066.0
2025-05-31 07:40:36,8.0,1.0,9.675,0.40952380952380935,35926016.0,55447990.0,88279369.0
2025-05-31 07:40:41,8.0,1.0,9.675,0.40952380952380935,35926016.0,55447990.0,88279369.0
2025-05-31 07:40:46,8.0,1.0,9.675,0.40952380952380935,35926016.0,55447990.0,88279369.0
2025-05-31 07:40:51,8.0,1.0,9.675,0.4142857142857144,35926016.0,55528668.0,88409710.0
2025-05-31 07:40:56,8.0,1.0,9.675,0.4142857142857144,35926016.0,55528668.0,88409710.0
2025-05-31 07:41:01,8.0,1.0,9.675,0.4142857142857144,35926016.0,55528668.0,88409710.0
2025-05-31 07:41:06,8.0,1.0,9.675,0.4142857142857144,35926016.0,55609307.0,88539961.0
2025-05-31 07:41:11,8.0,1.0,9.675,0.4142857142857144,35926016.0,55609307.0,88539961.0
2025-05-31 07:41:16,8.0,1.0,9.675,0.4142857142857144,35926016.0,55609307.0,88539961.0
2025-05-31 07:41:21,8.0,1.0,9.675,0.41904761904761906,35926016.0,55689985.0,88670307.0
2025-05-31 07:41:26,8.0,1.0,9.675,0.41904761904761906,35926016.0,55689985.0,88670307.0
2025-05-31 07:41:31,8.0,1.0,9.675,0.41904761904761906,35926016.0,55689985.0,88670307.0
2025-05-31 07:41:36,8.0,1.0,9.675,0.41904761904761906,36253696.0,55770624.0,88800561.0
2025-05-31 07:41:41,8.0,1.0,9.675,0.41904761904761906,36253696.0,55770624.0,88800561.0
2025-05-31 07:41:46,8.0,1.0,9.675,0.41904761904761906,36253696.0,55770624.0,88800561.0
2025-05-31 07:41:51,8.0,1.0,9.675,0.42380952380952375,36253696.0,55851354.0,88930905.0
2025-05-31 07:41:56,8.0,1.0,9.675,0.42380952380952375,36253696.0,55851354.0,88930905.0
2025-05-31 07:42:01,8.0,1.0,9.675,0.42380952380952375,36253696.0,55851354.0,88930905.0
2025-05-31 07:42:06,8.0,1.0,9.675,0.4285714285714284,32448512.0,55932045.0,89061211.0
2025-05-31 07:42:11,8.0,1.0,9.675,0.4285714285714284,32448512.0,55932045.0,89061211.0
2025-05-31 07:42:16,8.0,1.0,9.675,0.4285714285714284,32448512.0,55932045.0,89061211.0
2025-05-31 07:42:21,8.0,1.0,9.675,0.43333333333333346,32710656.0,56012775.0,89191501.0
2025-05-31 07:42:26,8.0,1.0,9.675,0.43333333333333346,32710656.0,56012775.0,89191501.0
2025-05-31 07:42:31,8.0,1.0,9.675,0.43333333333333346,32710656.0,56012775.0,89191501.0
2025-05-31 07:42:36,8.0,1.0,9.675,0.43333333333333346,32710656.0,56093414.0,89321754.0
2025-05-31 07:42:41,8.0,1.0,9.675,0.43333333333333346,32710656.0,56093414.0,89321754.0
2025-05-31 07:42:46,8.0,1.0,9.675,0.43333333333333346,32710656.0,56093414.0,89321754.0
2025-05-31 07:42:51,8.0,1.0,9.675,0.43809523809523815,32710656.0,56174144.0,89452100.0
2025-05-31 07:42:56,8.0,1.0,9.675,0.43809523809523815,32710656.0,56174144.0,89452100.0
2025-05-31 07:43:01,8.0,1.0,9.675,0.43809523809523815,32710656.0,56174144.0,89452100.0
2025-05-31 07:43:06,8.0,1.0,9.675,0.43809523809523815,32710656.0,56254783.0,89582353.0
2025-05-31 07:43:11,8.0,1.0,9.675,0.43809523809523815,32710656.0,56254783.0,89582353.0
2025-05-31 07:43:16,8.0,1.0,9.675,0.43809523809523815,32710656.0,56254783.0,89582353.0
2025-05-31 07:43:21,8.0,1.0,9.675,0.43809523809523815,32710656.0,56335515.0,89712703.0
2025-05-31 07:43:26,8.0,1.0,9.675,0.43809523809523815,32710656.0,56335515.0,89712703.0
2025-05-31 07:43:31,8.0,1.0,9.675,0.43809523809523815,32710656.0,56335515.0,89712703.0
2025-05-31 07:43:36,8.0,1.0,9.675,0.4428571428571428,32710656.0,56416156.0,89842962.0
2025-05-31 07:43:41,8.0,1.0,9.675,0.4428571428571428,32710656.0,56416156.0,89842962.0
2025-05-31 07:43:46,8.0,1.0,9.675,0.4428571428571428,32710656.0,56416156.0,89842962.0
2025-05-31 07:43:51,8.0,1.0,9.675,0.44761904761904747,32710656.0,56496888.0,89973313.0
2025-05-31 07:43:56,8.0,1.0,9.675,0.44761904761904747,32710656.0,56496888.0,89973313.0
2025-05-31 07:44:01,8.0,1.0,9.675,0.44761904761904747,32710656.0,56496888.0,89973313.0
2025-05-31 07:44:06,8.0,1.0,9.675,0.44761904761904747,32710656.0,56577529.0,90103573.0
2025-05-31 07:44:11,8.0,1.0,9.675,0.44761904761904747,32710656.0,56577529.0,90103573.0
2025-05-31 07:44:16,8.0,1.0,9.675,0.44761904761904747,32710656.0,56577529.0,90103573.0
2025-05-31 07:44:21,8.0,1.0,9.675,0.45238095238095255,32710656.0,56658352.0,90234064.0
2025-05-31 07:44:26,8.0,1.0,9.675,0.45238095238095255,32710656.0,56658352.0,90234064.0
2025-05-31 07:44:31,8.0,1.0,9.675,0.45238095238095255,32710656.0,56658352.0,90234064.0
2025-05-31 07:44:36,8.0,1.0,9.675,0.45238095238095255,32710656.0,56738993.0,90364320.0
2025-05-31 07:44:41,8.0,1.0,9.675,0.45238095238095255,32710656.0,56738993.0,90364320.0
2025-05-31 07:44:46,8.0,1.0,9.675,0.45238095238095255,32710656.0,56738993.0,90364320.0
2025-05-31 07:44:51,8.0,1.0,9.675,0.4571428571428572,32710656.0,56819725.0,90494670.0
2025-05-31 07:44:56,8.0,1.0,9.675,0.4571428571428572,32710656.0,56819725.0,90494670.0
2025-05-31 07:45:01,8.0,1.0,9.675,0.4571428571428572,32710656.0,56819725.0,90494670.0
2025-05-31 07:45:06,8.0,1.0,9.675,0.4571428571428572,32710656.0,56900366.0,90624930.0
2025-05-31 07:45:11,8.0,1.0,9.675,0.4571428571428572,32710656.0,56900366.0,90624930.0
2025-05-31 07:45:16,8.0,1.0,9.675,0.4571428571428572,32710656.0,56900366.0,90624930.0
2025-05-31 07:45:21,8.0,1.0,9.675,0.4619047619047619,32710656.0,56981098.0,90755281.0
2025-05-31 07:45:26,8.0,1.0,9.675,0.4619047619047619,32710656.0,56981098.0,90755281.0
2025-05-31 07:45:31,8.0,1.0,9.675,0.4619047619047619,32710656.0,56981098.0,90755281.0
2025-05-31 07:45:36,8.0,1.0,9.675,0.4619047619047619,32710656.0,57061739.0,90885542.0
2025-05-31 07:45:41,8.0,1.0,9.675,0.4619047619047619,32710656.0,57061739.0,90885542.0
2025-05-31 07:45:46,8.0,1.0,9.675,0.4619047619047619,32710656.0,57061739.0,90885542.0
2025-05-31 07:45:51,8.0,1.0,9.675,0.4619047619047619,32710656.0,57142471.0,91015894.0
2025-05-31 07:45:56,8.0,1.0,9.675,0.4619047619047619,32710656.0,57142471.0,91015894.0
2025-05-31 07:46:01,8.0,1.0,9.675,0.4619047619047619,32710656.0,57142471.0,91015894.0
2025-05-31 07:46:06,8.0,1.0,9.675,0.4714285714285716,32710656.0,57223112.0,91146152.0
2025-05-31 07:46:11,8.0,1.0,9.675,0.4714285714285716,32710656.0,57223112.0,91146152.0
2025-05-31 07:46:16,8.0,1.0,9.675,0.4714285714285716,32710656.0,57223112.0,91146152.0
2025-05-31 07:46:21,8.0,1.0,9.675,0.4761904761904763,32710656.0,57303844.0,91276501.0
2025-05-31 07:46:26,8.0,1.0,9.675,0.4761904761904763,32710656.0,57303844.0,91276501.0
2025-05-31 07:46:31,8.0,1.0,9.675,0.4761904761904763,32710656.0,57303844.0,91276501.0
2025-05-31 07:46:36,8.0,1.0,9.675,0.4761904761904763,32710656.0,57384485.0,91406754.0
2025-05-31 07:46:41,8.0,1.0,9.675,0.4761904761904763,32710656.0,57384485.0,91406754.0
2025-05-31 07:46:46,8.0,1.0,9.675,0.4761904761904763,32710656.0,57384485.0,91406754.0
2025-05-31 07:46:51,8.0,1.0,9.675,0.4761904761904763,32710656.0,57465217.0,91537103.0
2025-05-31 07:46:56,8.0,1.0,9.675,0.4761904761904763,32710656.0,57465217.0,91537103.0
2025-05-31 07:47:01,8.0,1.0,9.675,0.4761904761904763,32710656.0,57465217.0,91537103.0
2025-05-31 07:47:06,8.0,1.0,9.675,0.4809523809523809,32710656.0,57545910.0,91667411.0
2025-05-31 07:47:11,8.0,1.0,9.675,0.4809523809523809,32710656.0,57545910.0,91667411.0
2025-05-31 07:47:16,8.0,1.0,9.675,0.4809523809523809,32710656.0,57545910.0,91667411.0
2025-05-31 07:47:21,8.0,1.0,9.675,0.4857142857142856,32710656.0,57626642.0,91797757.0
2025-05-31 07:47:26,8.0,1.0,9.675,0.4857142857142856,32710656.0,57626642.0,91797757.0
2025-05-31 07:47:31,8.0,1.0,9.675,0.4857142857142856,32710656.0,57626642.0,91797757.0
2025-05-31 07:47:36,8.0,1.0,9.675,0.4857142857142856,32710656.0,57707335.0,91928066.0
2025-05-31 07:47:41,8.0,1.0,9.675,0.4857142857142856,32710656.0,57707335.0,91928066.0
2025-05-31 07:47:46,8.0,1.0,9.675,0.4857142857142856,32710656.0,57707335.0,91928066.0
2025-05-31 07:47:51,8.0,1.0,9.675,0.4904761904761907,32710656.0,57788067.0,92058416.0
2025-05-31 07:47:56,8.0,1.0,9.675,0.4904761904761907,32710656.0,57788067.0,92058416.0
2025-05-31 07:48:01,8.0,1.0,9.675,0.4904761904761907,32710656.0,57788067.0,92058416.0
2025-05-31 07:48:06,8.0,1.0,9.675,0.4904761904761907,32710656.0,57868708.0,92188675.0
2025-05-31 07:48:11,8.0,1.0,9.675,0.4904761904761907,32710656.0,57868708.0,92188675.0
2025-05-31 07:48:16,8.0,1.0,9.675,0.4904761904761907,32710656.0,57868708.0,92188675.0
2025-05-31 07:48:21,8.0,1.0,9.675,0.49523809523809537,32710656.0,57949440.0,92319025.0
2025-05-31 07:48:26,8.0,1.0,9.675,0.49523809523809537,32710656.0,57949440.0,92319025.0
2025-05-31 07:48:31,8.0,1.0,9.675,0.49523809523809537,32710656.0,57949440.0,92319025.0
2025-05-31 07:48:36,8.0,1.0,9.675,0.49523809523809537,32710656.0,58030133.0,92449335.0
2025-05-31 07:48:41,8.0,1.0,9.675,0.49523809523809537,32710656.0,58030133.0,92449335.0
2025-05-31 07:48:46,8.0,1.0,9.675,0.49523809523809537,32710656.0,58030133.0,92449335.0
2025-05-31 07:48:51,8.0,1.0,9.675,0.5,32710656.0,58110813.0,92579684.0
2025-05-31 07:48:56,8.0,1.0,9.675,0.5,32710656.0,58110813.0,92579684.0
2025-05-31 07:49:01,8.0,1.0,9.675,0.5,32710656.0,58110813.0,92579684.0
2025-05-31 07:49:06,8.0,1.0,9.675,0.5,32710656.0,58191454.0,92709939.0
2025-05-31 07:49:11,8.0,1.0,9.675,0.5,32710656.0,58191454.0,92709939.0
2025-05-31 07:49:16,8.0,1.0,9.675,0.5,32710656.0,58191454.0,92709939.0
2025-05-31 07:49:21,8.0,1.0,9.675,0.5047619047619046,32710656.0,58272134.0,92840290.0
2025-05-31 07:49:26,8.0,1.0,9.675,0.5047619047619046,32710656.0,58272134.0,92840290.0
2025-05-31 07:49:31,8.0,1.0,9.675,0.5047619047619046,32710656.0,58272134.0,92840290.0
2025-05-31 07:49:36,8.0,1.0,9.675,0.5047619047619046,32710656.0,58352775.0,92970546.0
2025-05-31 07:49:41,8.0,1.0,9.675,0.5047619047619046,32710656.0,58352775.0,92970546.0
2025-05-31 07:49:46,8.0,1.0,9.675,0.5047619047619046,32710656.0,58352775.0,92970546.0
2025-05-31 07:49:51,8.0,1.0,9.675,0.5142857142857145,32710656.0,58433455.0,93100895.0
2025-05-31 07:49:56,8.0,1.0,9.675,0.5142857142857145,32710656.0,58433455.0,93100895.0
2025-05-31 07:50:01,8.0,1.0,9.675,0.5142857142857145,32710656.0,58433455.0,93100895.0
2025-05-31 07:50:06,8.0,1.0,9.675,0.5142857142857145,32710656.0,58514096.0,93231155.0
2025-05-31 07:50:11,8.0,1.0,9.675,0.5142857142857145,32710656.0,58514096.0,93231155.0
2025-05-31 07:50:16,8.0,1.0,9.675,0.5142857142857145,32710656.0,58514096.0,93231155.0
2025-05-31 07:50:21,8.0,1.0,9.675,0.5142857142857145,32710656.0,58594971.0,93361650.0
2025-05-31 07:50:26,8.0,1.0,9.675,0.5142857142857145,32710656.0,58594971.0,93361650.0
2025-05-31 07:50:31,8.0,1.0,9.675,0.5142857142857145,32710656.0,58594971.0,93361650.0
2025-05-31 07:50:36,8.0,1.0,9.675,0.5190476190476191,32710656.0,58675612.0,93491903.0
2025-05-31 07:50:41,8.0,1.0,9.675,0.5190476190476191,32710656.0,58675612.0,93491903.0
2025-05-31 07:50:46,8.0,1.0,9.675,0.5190476190476191,32710656.0,58675612.0,93491903.0
2025-05-31 07:50:51,8.0,1.0,9.675,0.5238095238095237,32710656.0,58756292.0,93622254.0
2025-05-31 07:50:56,8.0,1.0,9.675,0.5238095238095237,32710656.0,58756292.0,93622254.0
2025-05-31 07:51:01,8.0,1.0,9.675,0.5238095238095237,32710656.0,58756292.0,93622254.0
2025-05-31 07:51:06,8.0,1.0,9.675,0.5238095238095237,32710656.0,58836933.0,93752514.0
2025-05-31 07:51:11,8.0,1.0,9.675,0.5238095238095237,32710656.0,58836933.0,93752514.0
2025-05-31 07:51:16,8.0,1.0,9.675,0.5238095238095237,32710656.0,58836933.0,93752514.0
2025-05-31 07:51:21,8.0,1.0,9.675,0.5238095238095237,32710656.0,58917665.0,93882864.0
2025-05-31 07:51:26,8.0,1.0,9.675,0.5238095238095237,32710656.0,58917665.0,93882864.0
2025-05-31 07:51:31,8.0,1.0,9.675,0.5238095238095237,32710656.0,58917665.0,93882864.0
2025-05-31 07:51:36,8.0,1.0,9.675,0.5238095238095237,32710656.0,58998306.0,94013124.0
2025-05-31 07:51:41,8.0,1.0,9.675,0.5238095238095237,32710656.0,58998306.0,94013124.0
2025-05-31 07:51:46,8.0,1.0,9.675,0.5238095238095237,32710656.0,58998306.0,94013124.0
2025-05-31 07:51:51,8.0,1.0,9.675,0.5333333333333334,32710656.0,59079090.0,94143474.0
2025-05-31 07:51:56,8.0,1.0,9.675,0.5333333333333334,32710656.0,59079090.0,94143474.0
2025-05-31 07:52:01,8.0,1.0,9.675,0.5333333333333334,32710656.0,59079090.0,94143474.0
2025-05-31 07:52:06,8.0,1.0,9.675,0.5380952380952382,32710656.0,59159783.0,94273731.0
2025-05-31 07:52:11,8.0,1.0,9.675,0.5380952380952382,32710656.0,59159783.0,94273731.0
2025-05-31 07:52:16,8.0,1.0,9.675,0.5380952380952382,32710656.0,59159783.0,94273731.0
2025-05-31 07:52:21,8.0,1.0,9.675,0.5380952380952382,32710656.0,59240515.0,94404080.0
2025-05-31 07:52:26,8.0,1.0,9.675,0.5380952380952382,32710656.0,59240515.0,94404080.0
2025-05-31 07:52:31,8.0,1.0,9.675,0.5380952380952382,32710656.0,59240515.0,94404080.0
2025-05-31 07:52:36,8.0,1.0,9.675,0.5428571428571428,32710656.0,59321208.0,94534390.0
2025-05-31 07:52:41,8.0,1.0,9.675,0.5428571428571428,32710656.0,59321208.0,94534390.0
2025-05-31 07:52:46,8.0,1.0,9.675,0.5428571428571428,32710656.0,59321208.0,94534390.0
2025-05-31 07:52:51,8.0,1.0,9.675,0.5428571428571428,32710656.0,59401940.0,94664738.0
2025-05-31 07:52:56,8.0,1.0,9.675,0.5428571428571428,32710656.0,59401940.0,94664738.0
2025-05-31 07:53:01,8.0,1.0,9.675,0.5428571428571428,32710656.0,59401940.0,94664738.0
2025-05-31 07:53:06,8.0,1.0,9.675,0.5476190476190474,32710656.0,59482581.0,94794996.0
2025-05-31 07:53:11,8.0,1.0,9.675,0.5476190476190474,32710656.0,59482581.0,94794996.0
2025-05-31 07:53:16,8.0,1.0,9.675,0.5476190476190474,32710656.0,59482581.0,94794996.0
2025-05-31 07:53:21,8.0,1.0,9.675,0.5476190476190474,32710656.0,59563404.0,94925489.0
2025-05-31 07:53:26,8.0,1.0,9.675,0.5476190476190474,32710656.0,59563404.0,94925489.0
2025-05-31 07:53:31,8.0,1.0,9.675,0.5476190476190474,32710656.0,59563404.0,94925489.0
2025-05-31 07:53:36,8.0,1.0,9.675,0.5476190476190474,32710656.0,59644149.0,95055799.0
2025-05-31 07:53:41,8.0,1.0,9.675,0.5476190476190474,32710656.0,59644149.0,95055799.0
2025-05-31 07:53:46,8.0,1.0,9.675,0.5476190476190474,32710656.0,59644149.0,95055799.0
2025-05-31 07:53:51,8.0,1.0,9.675,0.5523809523809525,32710656.0,59724933.0,95186199.0
2025-05-31 07:53:56,8.0,1.0,9.675,0.5523809523809525,32710656.0,59724933.0,95186199.0
2025-05-31 07:54:01,8.0,1.0,9.675,0.5523809523809525,32710656.0,59724933.0,95186199.0
2025-05-31 07:54:06,8.0,1.0,9.675,0.5571428571428572,32710656.0,59805574.0,95316456.0
2025-05-31 07:54:11,8.0,1.0,9.675,0.5571428571428572,32710656.0,59805574.0,95316456.0
2025-05-31 07:54:16,8.0,1.0,9.675,0.5571428571428572,32710656.0,59805574.0,95316456.0
2025-05-31 07:54:21,8.0,1.0,9.675,0.5571428571428572,32710656.0,59886449.0,95446898.0
2025-05-31 07:54:26,8.0,1.0,9.675,0.5571428571428572,32710656.0,59886449.0,95446898.0
2025-05-31 07:54:31,8.0,1.0,9.675,0.5571428571428572,32710656.0,59886449.0,95446898.0
2025-05-31 07:54:36,8.0,1.0,9.675,0.5619047619047619,32710656.0,59967090.0,95577159.0
2025-05-31 07:54:41,8.0,1.0,9.675,0.5619047619047619,32710656.0,59967090.0,95577159.0
2025-05-31 07:54:46,8.0,1.0,9.675,0.5619047619047619,32710656.0,59967090.0,95577159.0
2025-05-31 07:54:51,8.0,1.0,9.675,0.5619047619047619,32710656.0,60047822.0,95707510.0
2025-05-31 07:54:56,8.0,1.0,9.675,0.5619047619047619,32710656.0,60047822.0,95707510.0
2025-05-31 07:55:01,8.0,1.0,9.675,0.5619047619047619,32710656.0,60047822.0,95707510.0
2025-05-31 07:55:06,8.0,1.0,9.675,0.5666666666666665,32710656.0,60128463.0,95837770.0
2025-05-31 07:55:11,8.0,1.0,9.675,0.5666666666666665,32710656.0,60128463.0,95837770.0
2025-05-31 07:55:16,8.0,1.0,9.675,0.5666666666666665,32710656.0,60128463.0,95837770.0
2025-05-31 07:55:21,8.0,1.0,9.675,0.5666666666666665,32710656.0,60209195.0,95968117.0
2025-05-31 07:55:26,8.0,1.0,9.675,0.5666666666666665,32710656.0,60209195.0,95968117.0
2025-05-31 07:55:31,8.0,1.0,9.675,0.5666666666666665,32710656.0,60209195.0,95968117.0
2025-05-31 07:55:36,8.0,1.0,9.675,0.5714285714285716,32710656.0,60289888.0,96098326.0
2025-05-31 07:55:41,8.0,1.0,9.675,0.5714285714285716,32710656.0,60289888.0,96098326.0
2025-05-31 07:55:46,8.0,1.0,9.675,0.5714285714285716,32710656.0,60289888.0,96098326.0
2025-05-31 07:55:51,8.0,1.0,9.675,0.5714285714285716,32710656.0,60370620.0,96228675.0
2025-05-31 07:55:56,8.0,1.0,9.675,0.5714285714285716,32710656.0,60370620.0,96228675.0
2025-05-31 07:56:01,8.0,1.0,9.675,0.5714285714285716,32710656.0,60370620.0,96228675.0
2025-05-31 07:56:06,8.0,1.0,9.675,0.5761904761904763,32710656.0,60463333.0,96369004.0
2025-05-31 07:56:11,8.0,1.0,9.675,0.5761904761904763,32710656.0,60463333.0,96369004.0
2025-05-31 07:56:16,8.0,1.0,9.675,0.5761904761904763,32710656.0,60463333.0,96369004.0
2025-05-31 07:56:21,8.0,1.0,9.675,0.5761904761904763,32710656.0,60579476.0,96529302.0
2025-05-31 07:56:26,8.0,1.0,9.675,0.5761904761904763,32710656.0,60579476.0,96529302.0
2025-05-31 07:56:31,8.0,1.0,9.675,0.5761904761904763,32710656.0,60579476.0,96529302.0
2025-05-31 07:56:36,8.0,1.0,9.675,0.5809523809523809,32710656.0,60660117.0,96659560.0
2025-05-31 07:56:41,8.0,1.0,9.675,0.5809523809523809,32710656.0,60660117.0,96659560.0
2025-05-31 07:56:46,8.0,1.0,9.675,0.5809523809523809,32710656.0,60660117.0,96659560.0
2025-05-31 07:56:51,8.0,1.0,9.675,0.5857142857142856,32616448.0,60764742.0,96809898.0
2025-05-31 07:56:56,8.0,1.0,9.675,0.5857142857142856,32616448.0,60764742.0,96809898.0
2025-05-31 07:57:01,8.0,1.0,9.675,0.5857142857142856,32616448.0,60764742.0,96809898.0
2025-05-31 07:57:06,8.0,1.0,9.675,0.5857142857142856,32616448.0,60857152.0,96950071.0
2025-05-31 07:57:11,8.0,1.0,9.675,0.5857142857142856,32616448.0,60857152.0,96950071.0
2025-05-31 07:57:16,8.0,1.0,9.675,0.5857142857142856,32616448.0,60857152.0,96950071.0
2025-05-31 07:57:21,8.0,1.0,9.675,0.5904761904761907,32616448.0,60961881.0,97100460.0
2025-05-31 07:57:26,8.0,1.0,9.675,0.5904761904761907,32616448.0,60961881.0,97100460.0
2025-05-31 07:57:31,8.0,1.0,9.675,0.5904761904761907,32616448.0,60961881.0,97100460.0
2025-05-31 07:57:36,8.0,1.0,9.675,0.5904761904761907,32616448.0,61054291.0,97240633.0
2025-05-31 07:57:41,8.0,1.0,9.675,0.5904761904761907,32616448.0,61054291.0,97240633.0
2025-05-31 07:57:46,8.0,1.0,9.675,0.5904761904761907,32616448.0,61054291.0,97240633.0
2025-05-31 07:57:51,8.0,1.0,9.675,0.5904761904761907,32616448.0,61135023.0,97370929.0
2025-05-31 07:57:56,8.0,1.0,9.675,0.5904761904761907,32616448.0,61135023.0,97370929.0
2025-05-31 07:58:01,8.0,1.0,9.675,0.5904761904761907,32616448.0,61135023.0,97370929.0
2025-05-31 07:58:06,8.0,1.0,9.675,0.6,32616448.0,61215664.0,97501188.0
2025-05-31 07:58:11,8.0,1.0,9.675,0.6,32616448.0,61215664.0,97501188.0
2025-05-31 07:58:16,8.0,1.0,9.675,0.6,32616448.0,61215664.0,97501188.0
2025-05-31 07:58:21,8.0,1.0,9.675,0.6,32616448.0,61296500.0,97631538.0
2025-05-31 07:58:26,8.0,1.0,9.675,0.6,32616448.0,61296500.0,97631538.0
2025-05-31 07:58:31,8.0,1.0,9.675,0.6,32616448.0,61296500.0,97631538.0
2025-05-31 07:58:36,8.0,1.0,9.675,0.6,32616448.0,61377141.0,97761794.0
2025-05-31 07:58:41,8.0,1.0,9.675,0.6,32616448.0,61377141.0,97761794.0
2025-05-31 07:58:46,8.0,1.0,9.675,0.6,32616448.0,61377141.0,97761794.0
2025-05-31 07:58:51,8.0,1.0,9.675,0.6047619047619046,32616448.0,61457873.0,97892093.0
2025-05-31 07:58:56,8.0,1.0,9.675,0.6047619047619046,32616448.0,61457873.0,97892093.0
2025-05-31 07:59:01,8.0,1.0,9.675,0.6047619047619046,32616448.0,61457873.0,97892093.0
2025-05-31 07:59:06,8.0,1.0,9.675,0.6047619047619046,32616448.0,61538514.0,98022352.0
2025-05-31 07:59:11,8.0,1.0,9.675,0.6047619047619046,32616448.0,61538514.0,98022352.0
2025-05-31 07:59:16,8.0,1.0,9.675,0.6047619047619046,32616448.0,61538514.0,98022352.0
2025-05-31 07:59:21,8.0,1.0,9.675,0.6142857142857144,32616448.0,61619246.0,98152702.0
2025-05-31 07:59:26,8.0,1.0,9.675,0.6142857142857144,32616448.0,61619246.0,98152702.0
2025-05-31 07:59:31,8.0,1.0,9.675,0.6142857142857144,32616448.0,61619246.0,98152702.0
2025-05-31 07:59:36,8.0,1.0,9.675,0.6142857142857144,32616448.0,61699887.0,98282961.0
2025-05-31 07:59:41,8.0,1.0,9.675,0.6142857142857144,32616448.0,61699887.0,98282961.0
2025-05-31 07:59:46,8.0,1.0,9.675,0.6142857142857144,32616448.0,61699887.0,98282961.0
2025-05-31 07:59:51,8.0,1.0,9.675,0.6142857142857144,32616448.0,61780619.0,98413308.0
2025-05-31 07:59:56,8.0,1.0,9.675,0.6142857142857144,32616448.0,61780619.0,98413308.0
2025-05-31 08:00:01,8.0,1.0,9.675,0.6142857142857144,32616448.0,61780619.0,98413308.0
2025-05-31 08:00:06,8.0,1.0,9.675,0.6190476190476191,32616448.0,61861312.0,98543619.0
2025-05-31 08:00:11,8.0,1.0,9.675,0.6190476190476191,32616448.0,61861312.0,98543619.0
2025-05-31 08:00:16,8.0,1.0,9.675,0.6190476190476191,32616448.0,61861312.0,98543619.0
2025-05-31 08:00:21,8.0,1.0,9.675,0.6238095238095237,32616448.0,61942187.0,98674054.0
2025-05-31 08:00:26,8.0,1.0,9.675,0.6238095238095237,32616448.0,61942187.0,98674054.0
2025-05-31 08:00:31,8.0,1.0,9.675,0.6238095238095237,32616448.0,61942187.0,98674054.0
2025-05-31 08:00:36,8.0,1.0,9.675,0.6238095238095237,32616448.0,62022880.0,98804363.0
2025-05-31 08:00:41,8.0,1.0,9.675,0.6238095238095237,32616448.0,62022880.0,98804363.0
2025-05-31 08:00:46,8.0,1.0,9.675,0.6238095238095237,32616448.0,62022880.0,98804363.0
2025-05-31 08:00:51,8.0,1.0,9.675,0.6238095238095237,32616448.0,62103612.0,98934659.0
2025-05-31 08:00:56,8.0,1.0,9.675,0.6238095238095237,32616448.0,62103612.0,98934659.0
2025-05-31 08:01:01,8.0,1.0,9.675,0.6238095238095237,32616448.0,62103612.0,98934659.0
2025-05-31 08:01:06,8.0,1.0,9.675,0.6285714285714283,32616448.0,62184253.0,99064916.0
2025-05-31 08:01:11,8.0,1.0,9.675,0.6285714285714283,32616448.0,62184253.0,99064916.0
2025-05-31 08:01:16,8.0,1.0,9.675,0.6285714285714283,32616448.0,62184253.0,99064916.0
2025-05-31 08:01:21,8.0,1.0,9.675,0.6285714285714283,32616448.0,62264985.0,99195263.0
2025-05-31 08:01:26,8.0,1.0,9.675,0.6285714285714283,32616448.0,62264985.0,99195263.0
2025-05-31 08:01:31,8.0,1.0,9.675,0.6285714285714283,32616448.0,62264985.0,99195263.0
2025-05-31 08:01:36,8.0,1.0,9.675,0.6333333333333335,32616448.0,62345626.0,99325519.0
2025-05-31 08:01:41,8.0,1.0,9.675,0.6333333333333335,32616448.0,62345626.0,99325519.0
2025-05-31 08:01:46,8.0,1.0,9.675,0.6333333333333335,32616448.0,62345626.0,99325519.0
2025-05-31 08:01:51,8.0,1.0,9.675,0.6333333333333335,32616448.0,62426306.0,99455868.0
2025-05-31 08:01:56,8.0,1.0,9.675,0.6333333333333335,32616448.0,62426306.0,99455868.0
2025-05-31 08:02:01,8.0,1.0,9.675,0.6333333333333335,32616448.0,62426306.0,99455868.0
2025-05-31 08:02:06,8.0,1.0,9.675,0.6380952380952382,32616448.0,62506947.0,99586126.0
2025-05-31 08:02:11,8.0,1.0,9.675,0.6380952380952382,32616448.0,62506947.0,99586126.0
2025-05-31 08:02:16,8.0,1.0,9.675,0.6380952380952382,32616448.0,62506947.0,99586126.0
2025-05-31 08:02:21,8.0,1.0,9.675,0.6428571428571428,32616448.0,62587627.0,99716473.0
2025-05-31 08:02:26,8.0,1.0,9.675,0.6428571428571428,32616448.0,62587627.0,99716473.0
2025-05-31 08:02:31,8.0,1.0,9.675,0.6428571428571428,32616448.0,62587627.0,99716473.0
2025-05-31 08:02:36,8.0,1.0,9.675,0.6428571428571428,32616448.0,62668372.0,99846782.0
2025-05-31 08:02:41,8.0,1.0,9.675,0.6428571428571428,32616448.0,62668372.0,99846782.0
2025-05-31 08:02:46,8.0,1.0,9.675,0.6428571428571428,32616448.0,62668372.0,99846782.0
2025-05-31 08:02:51,8.0,1.0,9.675,0.6476190476190474,32616448.0,62749104.0,99977131.0
2025-05-31 08:02:56,8.0,1.0,9.675,0.6476190476190474,32616448.0,62749104.0,99977131.0
2025-05-31 08:03:01,8.0,1.0,9.675,0.6476190476190474,32616448.0,62749104.0,99977131.0
2025-05-31 08:03:06,8.0,1.0,9.675,0.6523809523809525,32616448.0,62829797.0,100107441.0
2025-05-31 08:03:11,8.0,1.0,9.675,0.6523809523809525,32616448.0,62829797.0,100107441.0
2025-05-31 08:03:16,8.0,1.0,9.675,0.6523809523809525,32616448.0,62829797.0,100107441.0
2025-05-31 08:03:21,8.0,1.0,9.675,0.6523809523809525,32616448.0,62910581.0,100237791.0
2025-05-31 08:03:26,8.0,1.0,9.675,0.6523809523809525,32616448.0,62910581.0,100237791.0
2025-05-31 08:03:31,8.0,1.0,9.675,0.6523809523809525,32616448.0,62910581.0,100237791.0
2025-05-31 08:03:36,8.0,1.0,9.675,0.6571428571428573,32616448.0,62991222.0,100368050.0
2025-05-31 08:03:41,8.0,1.0,9.675,0.6571428571428573,32616448.0,62991222.0,100368050.0
2025-05-31 08:03:46,8.0,1.0,9.675,0.6571428571428573,32616448.0,62991222.0,100368050.0
2025-05-31 08:03:51,8.0,1.0,9.675,0.6571428571428573,32616448.0,63072013.0,100498406.0
2025-05-31 08:03:56,8.0,1.0,9.675,0.6571428571428573,32616448.0,63072013.0,100498406.0
2025-05-31 08:04:01,8.0,1.0,9.675,0.6571428571428573,32616448.0,63072013.0,100498406.0
2025-05-31 08:04:06,8.0,1.0,9.675,0.6619047619047619,32616448.0,63152654.0,100628665.0
2025-05-31 08:04:11,8.0,1.0,9.675,0.6619047619047619,32616448.0,63152654.0,100628665.0
2025-05-31 08:04:16,8.0,1.0,9.675,0.6619047619047619,32616448.0,63152654.0,100628665.0
2025-05-31 08:04:21,8.0,1.0,9.675,0.6666666666666665,32616448.0,63233477.0,100759106.0
2025-05-31 08:04:26,8.0,1.0,9.675,0.6666666666666665,32616448.0,63233477.0,100759106.0
2025-05-31 08:04:31,8.0,1.0,9.675,0.6666666666666665,32616448.0,63233477.0,100759106.0
2025-05-31 08:04:36,8.0,1.0,9.675,0.6714285714285716,32616448.0,63314170.0,100889367.0
2025-05-31 08:04:41,8.0,1.0,9.675,0.6714285714285716,32616448.0,63314170.0,100889367.0
2025-05-31 08:04:46,8.0,1.0,9.675,0.6714285714285716,32616448.0,63314170.0,100889367.0
2025-05-31 08:04:51,8.0,1.0,9.675,0.6714285714285716,32616448.0,63394902.0,101019719.0
2025-05-31 08:04:56,8.0,1.0,9.675,0.6714285714285716,32616448.0,63394902.0,101019719.0
2025-05-31 08:05:01,8.0,1.0,9.675,0.6714285714285716,32616448.0,63394902.0,101019719.0
2025-05-31 08:05:06,8.0,1.0,9.675,0.6761904761904762,32616448.0,63475595.0,101149981.0
2025-05-31 08:05:11,8.0,1.0,9.675,0.6761904761904762,32616448.0,63475595.0,101149981.0
2025-05-31 08:05:16,8.0,1.0,9.675,0.6761904761904762,32616448.0,63475595.0,101149981.0
2025-05-31 08:05:21,8.0,1.0,9.675,0.6761904761904762,32616448.0,63556327.0,101280333.0
2025-05-31 08:05:26,8.0,1.0,9.675,0.6761904761904762,32616448.0,63556327.0,101280333.0
2025-05-31 08:05:31,8.0,1.0,9.675,0.6761904761904762,32616448.0,63556327.0,101280333.0
2025-05-31 08:05:36,8.0,1.0,9.675,0.680952380952381,32616448.0,63636968.0,101410595.0
2025-05-31 08:05:41,8.0,1.0,9.675,0.680952380952381,32616448.0,63636968.0,101410595.0
2025-05-31 08:05:46,8.0,1.0,9.675,0.680952380952381,32616448.0,63636968.0,101410595.0
2025-05-31 08:05:51,8.0,1.0,9.675,0.680952380952381,32616448.0,63717739.0,101541089.0
2025-05-31 08:05:56,8.0,1.0,9.675,0.680952380952381,32616448.0,63717739.0,101541089.0
2025-05-31 08:06:01,8.0,1.0,9.675,0.680952380952381,32616448.0,63717739.0,101541089.0
2025-05-31 08:06:06,8.0,1.0,9.675,0.6904761904761907,32616448.0,63798380.0,101671350.0
2025-05-31 08:06:11,8.0,1.0,9.675,0.6904761904761907,32616448.0,63798380.0,101671350.0
2025-05-31 08:06:16,8.0,1.0,9.675,0.6904761904761907,32616448.0,63798380.0,101671350.0
2025-05-31 08:06:21,8.0,1.0,9.675,0.6904761904761907,32616448.0,63879060.0,101801695.0
2025-05-31 08:06:26,8.0,1.0,9.675,0.6904761904761907,32616448.0,63879060.0,101801695.0
2025-05-31 08:06:31,8.0,1.0,9.675,0.6904761904761907,32616448.0,63879060.0,101801695.0
2025-05-31 08:06:36,8.0,1.0,9.675,0.6952380952380953,32616448.0,63959862.0,101932096.0
2025-05-31 08:06:41,8.0,1.0,9.675,0.6952380952380953,32616448.0,63959862.0,101932096.0
2025-05-31 08:06:46,8.0,1.0,9.675,0.6952380952380953,32616448.0,63959862.0,101932096.0
2025-05-31 08:06:51,9.0,1.0,11.525,0.7047619047619047,38002688.0,64312593.0,102412284.0
2025-05-31 08:06:56,9.0,1.0,11.525,0.7047619047619047,38002688.0,64312593.0,102412284.0
2025-05-31 08:07:01,9.0,1.0,11.525,0.7047619047619047,38002688.0,64312593.0,102412284.0
2025-05-31 08:07:06,9.0,1.0,11.525,0.7047619047619047,38002688.0,64393236.0,102542520.0
2025-05-31 08:07:11,9.0,1.0,11.525,0.7047619047619047,38002688.0,64393236.0,102542520.0
2025-05-31 08:07:16,9.0,1.0,11.525,0.7047619047619047,38002688.0,64393236.0,102542520.0
2025-05-31 08:07:21,9.0,1.0,11.525,0.7142857142857144,38002688.0,64473866.0,102672790.0
2025-05-31 08:07:26,9.0,1.0,11.525,0.7142857142857144,38002688.0,64473866.0,102672790.0
2025-05-31 08:07:31,9.0,1.0,11.525,0.7142857142857144,38002688.0,64473866.0,102672790.0
2025-05-31 08:07:36,9.0,1.0,11.525,0.7142857142857144,38002688.0,64554457.0,102802976.0
2025-05-31 08:07:41,9.0,1.0,11.525,0.7142857142857144,38002688.0,64554457.0,102802976.0
2025-05-31 08:07:46,9.0,1.0,11.525,0.7142857142857144,38002688.0,64554457.0,102802976.0
2025-05-31 08:07:51,9.0,1.0,11.525,0.7142857142857144,38002688.0,64635139.0,102933250.0
2025-05-31 08:07:56,9.0,1.0,11.525,0.7142857142857144,38002688.0,64635139.0,102933250.0
2025-05-31 08:08:01,9.0,1.0,11.525,0.7142857142857144,38002688.0,64635139.0,102933250.0
2025-05-31 08:08:06,9.0,1.0,11.525,0.7142857142857144,38002688.0,64715730.0,103063433.0
2025-05-31 08:08:11,9.0,1.0,11.525,0.7142857142857144,38002688.0,64715730.0,103063433.0
2025-05-31 08:08:16,9.0,1.0,11.525,0.7142857142857144,38002688.0,64715730.0,103063433.0
2025-05-31 08:08:21,9.0,1.0,11.525,0.7238095238095237,38002688.0,64796607.0,103193850.0
2025-05-31 08:08:26,9.0,1.0,11.525,0.7238095238095237,38002688.0,64796607.0,103193850.0
2025-05-31 08:08:31,9.0,1.0,11.525,0.7238095238095237,38002688.0,64796607.0,103193850.0
2025-05-31 08:08:36,9.0,1.0,11.525,0.7238095238095237,38002688.0,64877250.0,103323983.0
2025-05-31 08:08:41,9.0,1.0,11.525,0.7238095238095237,38002688.0,64877250.0,103323983.0
2025-05-31 08:08:46,9.0,1.0,11.525,0.7238095238095237,38002688.0,64877250.0,103323983.0
2025-05-31 08:08:51,9.0,1.0,11.525,0.7285714285714288,38268928.0,64957932.0,103454260.0
2025-05-31 08:08:56,9.0,1.0,11.525,0.7285714285714288,38268928.0,64957932.0,103454260.0
2025-05-31 08:09:01,9.0,1.0,11.525,0.7285714285714288,38268928.0,64957932.0,103454260.0
2025-05-31 08:09:06,9.0,1.0,11.525,0.7285714285714288,35815424.0,65038575.0,103584394.0
2025-05-31 08:09:11,9.0,1.0,11.525,0.7285714285714288,35815424.0,65038575.0,103584394.0
2025-05-31 08:09:16,9.0,1.0,11.525,0.7285714285714288,35815424.0,65038575.0,103584394.0
2025-05-31 08:09:21,9.0,1.0,11.525,0.7333333333333335,35815424.0,65119309.0,103714720.0
2025-05-31 08:09:26,9.0,1.0,11.525,0.7333333333333335,35815424.0,65119309.0,103714720.0
2025-05-31 08:09:31,9.0,1.0,11.525,0.7333333333333335,35815424.0,65119309.0,103714720.0
2025-05-31 08:09:36,9.0,1.0,11.525,0.7333333333333335,35815424.0,65199900.0,103844905.0
2025-05-31 08:09:41,9.0,1.0,11.525,0.7333333333333335,35815424.0,65199900.0,103844905.0
2025-05-31 08:09:46,9.0,1.0,11.525,0.7333333333333335,35815424.0,65199900.0,103844905.0
2025-05-31 08:09:51,9.0,1.0,11.525,0.7380952380952381,35815424.0,65280634.0,103975231.0
2025-05-31 08:09:56,9.0,1.0,11.525,0.7380952380952381,35815424.0,65280634.0,103975231.0
2025-05-31 08:10:01,9.0,1.0,11.525,0.7380952380952381,35815424.0,65280634.0,103975231.0
2025-05-31 08:10:06,9.0,1.0,11.525,0.7428571428571428,35815424.0,65361277.0,104105466.0
2025-05-31 08:10:11,9.0,1.0,11.525,0.7428571428571428,35815424.0,65361277.0,104105466.0
2025-05-31 08:10:16,9.0,1.0,11.525,0.7428571428571428,35815424.0,65361277.0,104105466.0
2025-05-31 08:10:21,9.0,1.0,11.525,0.7523809523809526,35815424.0,65441959.0,104235741.0
2025-05-31 08:10:26,9.0,1.0,11.525,0.7523809523809526,35815424.0,65441959.0,104235741.0
2025-05-31 08:10:31,9.0,1.0,11.525,0.7523809523809526,35815424.0,65441959.0,104235741.0
2025-05-31 08:10:36,9.0,1.0,11.525,0.7523809523809526,36081664.0,65522550.0,104365927.0
2025-05-31 08:10:41,9.0,1.0,11.525,0.7523809523809526,36081664.0,65522550.0,104365927.0
2025-05-31 08:10:46,9.0,1.0,11.525,0.7523809523809526,36081664.0,65522550.0,104365927.0
2025-05-31 08:10:51,9.0,1.0,11.525,0.7523809523809526,36081664.0,65603232.0,104496202.0
2025-05-31 08:10:56,9.0,1.0,11.525,0.7523809523809526,36081664.0,65603232.0,104496202.0
2025-05-31 08:11:01,9.0,1.0,11.525,0.7523809523809526,36081664.0,65603232.0,104496202.0
2025-05-31 08:11:06,9.0,1.0,11.525,0.7571428571428572,33280000.0,65683823.0,104626387.0
2025-05-31 08:11:11,9.0,1.0,11.525,0.7571428571428572,33280000.0,65683823.0,104626387.0
2025-05-31 08:11:16,9.0,1.0,11.525,0.7571428571428572,33280000.0,65683823.0,104626387.0
2025-05-31 08:11:21,9.0,1.0,11.525,0.7571428571428572,33280000.0,65764505.0,104756651.0
2025-05-31 08:11:26,9.0,1.0,11.525,0.7571428571428572,33280000.0,65764505.0,104756651.0
2025-05-31 08:11:31,9.0,1.0,11.525,0.7571428571428572,33280000.0,65764505.0,104756651.0
2025-05-31 08:11:36,9.0,1.0,11.525,0.7619047619047619,33280000.0,65845096.0,104886831.0
2025-05-31 08:11:41,9.0,1.0,11.525,0.7619047619047619,33280000.0,65845096.0,104886831.0
2025-05-31 08:11:46,9.0,1.0,11.525,0.7619047619047619,33280000.0,65845096.0,104886831.0
2025-05-31 08:11:51,9.0,1.0,11.525,0.7619047619047619,33280000.0,65925726.0,105017099.0
2025-05-31 08:11:56,9.0,1.0,11.525,0.7619047619047619,33280000.0,65925726.0,105017099.0
2025-05-31 08:12:01,9.0,1.0,11.525,0.7619047619047619,33280000.0,65925726.0,105017099.0
2025-05-31 08:12:06,9.0,1.0,11.525,0.7666666666666665,33280000.0,66006317.0,105147274.0
2025-05-31 08:12:11,9.0,1.0,11.525,0.7666666666666665,33280000.0,66006317.0,105147274.0
2025-05-31 08:12:16,9.0,1.0,11.525,0.7666666666666665,33280000.0,66006317.0,105147274.0
2025-05-31 08:12:21,9.0,1.0,11.525,0.7666666666666665,33280000.0,66087051.0,105277597.0
2025-05-31 08:12:26,9.0,1.0,11.525,0.7666666666666665,33280000.0,66087051.0,105277597.0
2025-05-31 08:12:31,9.0,1.0,11.525,0.7666666666666665,33280000.0,66087051.0,105277597.0
2025-05-31 08:12:36,9.0,1.0,11.525,0.7714285714285716,33280000.0,66167694.0,105407776.0
2025-05-31 08:12:41,9.0,1.0,11.525,0.7714285714285716,33280000.0,66167694.0,105407776.0
2025-05-31 08:12:46,9.0,1.0,11.525,0.7714285714285716,33280000.0,66167694.0,105407776.0
2025-05-31 08:12:51,9.0,1.0,11.525,0.7761904761904763,33280000.0,66248324.0,105538043.0
2025-05-31 08:12:56,9.0,1.0,11.525,0.7761904761904763,33280000.0,66248324.0,105538043.0
2025-05-31 08:13:01,9.0,1.0,11.525,0.7761904761904763,33280000.0,66248324.0,105538043.0
2025-05-31 08:13:06,9.0,1.0,11.525,0.7761904761904763,33280000.0,66328915.0,105668223.0
2025-05-31 08:13:11,9.0,1.0,11.525,0.7761904761904763,33280000.0,66328915.0,105668223.0
2025-05-31 08:13:16,9.0,1.0,11.525,0.7761904761904763,33280000.0,66328915.0,105668223.0
2025-05-31 08:13:21,9.0,1.0,11.525,0.780952380952381,33280000.0,66409597.0,105798491.0
2025-05-31 08:13:26,9.0,1.0,11.525,0.780952380952381,33280000.0,66409597.0,105798491.0
2025-05-31 08:13:31,9.0,1.0,11.525,0.780952380952381,33280000.0,66409597.0,105798491.0
2025-05-31 08:13:36,9.0,1.0,11.525,0.780952380952381,33280000.0,66490188.0,105928671.0
2025-05-31 08:13:41,9.0,1.0,11.525,0.780952380952381,33280000.0,66490188.0,105928671.0
2025-05-31 08:13:46,9.0,1.0,11.525,0.780952380952381,33280000.0,66490188.0,105928671.0
2025-05-31 08:13:51,9.0,1.0,11.525,0.7857142857142856,33280000.0,66570922.0,106058885.0
2025-05-31 08:13:56,9.0,1.0,11.525,0.7857142857142856,33280000.0,66570922.0,106058885.0
2025-05-31 08:14:01,9.0,1.0,11.525,0.7857142857142856,33280000.0,66570922.0,106058885.0
2025-05-31 08:14:06,9.0,1.0,11.525,0.7904761904761907,33280000.0,66651513.0,106189058.0
2025-05-31 08:14:11,9.0,1.0,11.525,0.7904761904761907,33280000.0,66651513.0,106189058.0
2025-05-31 08:14:16,9.0,1.0,11.525,0.7904761904761907,33280000.0,66651513.0,106189058.0
2025-05-31 08:14:21,9.0,1.0,11.525,0.7904761904761907,33280000.0,66732338.0,106319524.0
2025-05-31 08:14:26,9.0,1.0,11.525,0.7904761904761907,33280000.0,66732338.0,106319524.0
2025-05-31 08:14:31,9.0,1.0,11.525,0.7904761904761907,33280000.0,66732338.0,106319524.0
2025-05-31 08:14:36,9.0,1.0,11.525,0.7952380952380953,33280000.0,66813033.0,106449756.0
2025-05-31 08:14:41,9.0,1.0,11.525,0.7952380952380953,33280000.0,66813033.0,106449756.0
2025-05-31 08:14:46,9.0,1.0,11.525,0.7952380952380953,33280000.0,66813033.0,106449756.0
2025-05-31 08:14:51,9.0,1.0,11.525,0.7952380952380953,33280000.0,66893715.0,106580026.0
2025-05-31 08:14:56,9.0,1.0,11.525,0.7952380952380953,33280000.0,66893715.0,106580026.0
2025-05-31 08:15:01,9.0,1.0,11.525,0.7952380952380953,33280000.0,66893715.0,106580026.0
2025-05-31 08:15:06,9.0,1.0,11.525,0.8,33280000.0,66974306.0,106710202.0
2025-05-31 08:15:11,9.0,1.0,11.525,0.8,33280000.0,66974306.0,106710202.0
2025-05-31 08:15:16,9.0,1.0,11.525,0.8,33280000.0,66974306.0,106710202.0
2025-05-31 08:15:21,9.0,1.0,11.525,0.8,33280000.0,67054988.0,106840474.0
2025-05-31 08:15:26,9.0,1.0,11.525,0.8,33280000.0,67054988.0,106840474.0
2025-05-31 08:15:31,9.0,1.0,11.525,0.8,33280000.0,67054988.0,106840474.0
2025-05-31 08:15:36,9.0,1.0,11.525,0.8047619047619047,33280000.0,67135579.0,106970643.0
2025-05-31 08:15:41,9.0,1.0,11.525,0.8047619047619047,33280000.0,67135579.0,106970643.0
2025-05-31 08:15:46,9.0,1.0,11.525,0.8047619047619047,33280000.0,67135579.0,106970643.0
2025-05-31 08:15:51,9.0,1.0,11.525,0.8095238095238098,33280000.0,67216261.0,107100910.0
2025-05-31 08:15:56,9.0,1.0,11.525,0.8095238095238098,33280000.0,67216261.0,107100910.0
2025-05-31 08:16:01,9.0,1.0,11.525,0.8095238095238098,33280000.0,67216261.0,107100910.0
2025-05-31 08:16:06,9.0,1.0,11.525,0.8095238095238098,33280000.0,67296904.0,107231081.0
2025-05-31 08:16:11,9.0,1.0,11.525,0.8095238095238098,33280000.0,67296904.0,107231081.0
2025-05-31 08:16:16,9.0,1.0,11.525,0.8095238095238098,33280000.0,67296904.0,107231081.0
2025-05-31 08:16:21,9.0,1.0,11.525,0.8142857142857144,33280000.0,67377586.0,107361347.0
2025-05-31 08:16:26,9.0,1.0,11.525,0.8142857142857144,33280000.0,67377586.0,107361347.0
2025-05-31 08:16:31,9.0,1.0,11.525,0.8142857142857144,33280000.0,67377586.0,107361347.0
2025-05-31 08:16:36,9.0,1.0,11.525,0.8142857142857144,33280000.0,67458229.0,107491471.0
2025-05-31 08:16:41,9.0,1.0,11.525,0.8142857142857144,33280000.0,67458229.0,107491471.0
2025-05-31 08:16:46,9.0,1.0,11.525,0.8142857142857144,33280000.0,67458229.0,107491471.0
2025-05-31 08:16:51,9.0,1.0,11.525,0.819047619047619,33280000.0,67538859.0,107621738.0
2025-05-31 08:16:56,9.0,1.0,11.525,0.819047619047619,33280000.0,67538859.0,107621738.0
2025-05-31 08:17:01,9.0,1.0,11.525,0.819047619047619,33280000.0,67538859.0,107621738.0
2025-05-31 08:17:06,9.0,1.0,11.525,0.8238095238095238,33280000.0,67619450.0,107751914.0
2025-05-31 08:17:11,9.0,1.0,11.525,0.8238095238095238,33280000.0,67619450.0,107751914.0
2025-05-31 08:17:16,9.0,1.0,11.525,0.8238095238095238,33280000.0,67619450.0,107751914.0
2025-05-31 08:17:21,9.0,1.0,11.525,0.8238095238095238,33280000.0,67700223.0,107882318.0
2025-05-31 08:17:26,9.0,1.0,11.525,0.8238095238095238,33280000.0,67700223.0,107882318.0
2025-05-31 08:17:31,9.0,1.0,11.525,0.8238095238095238,33280000.0,67700223.0,107882318.0
2025-05-31 08:17:36,9.0,1.0,11.525,0.8238095238095238,33280000.0,67780814.0,108012493.0
2025-05-31 08:17:41,9.0,1.0,11.525,0.8238095238095238,33280000.0,67780814.0,108012493.0
2025-05-31 08:17:46,9.0,1.0,11.525,0.8238095238095238,33280000.0,67780814.0,108012493.0
2025-05-31 08:17:51,9.0,1.0,11.525,0.8285714285714288,33280000.0,67861548.0,108142808.0
2025-05-31 08:17:56,9.0,1.0,11.525,0.8285714285714288,33280000.0,67861548.0,108142808.0
2025-05-31 08:18:01,9.0,1.0,11.525,0.8285714285714288,33280000.0,67861548.0,108142808.0
2025-05-31 08:18:06,9.0,1.0,11.525,0.8285714285714288,33280000.0,67942139.0,108272983.0
2025-05-31 08:18:11,9.0,1.0,11.525,0.8285714285714288,33280000.0,67942139.0,108272983.0
2025-05-31 08:18:16,9.0,1.0,11.525,0.8285714285714288,33280000.0,67942139.0,108272983.0
2025-05-31 08:18:21,9.0,1.0,11.525,0.8380952380952381,33280000.0,68022821.0,108403246.0
2025-05-31 08:18:26,9.0,1.0,11.525,0.8380952380952381,33280000.0,68022821.0,108403246.0
2025-05-31 08:18:31,9.0,1.0,11.525,0.8380952380952381,33280000.0,68022821.0,108403246.0
2025-05-31 08:18:36,9.0,1.0,11.525,0.8380952380952381,33280000.0,68103412.0,108533421.0
2025-05-31 08:18:41,9.0,1.0,11.525,0.8380952380952381,33280000.0,68103412.0,108533421.0
2025-05-31 08:18:46,9.0,1.0,11.525,0.8380952380952381,33280000.0,68103412.0,108533421.0
2025-05-31 08:18:51,9.0,1.0,11.525,0.8380952380952381,33280000.0,68184146.0,108663687.0
2025-05-31 08:18:56,9.0,1.0,11.525,0.8380952380952381,33280000.0,68184146.0,108663687.0
2025-05-31 08:19:01,9.0,1.0,11.525,0.8380952380952381,33280000.0,68184146.0,108663687.0
2025-05-31 08:19:06,9.0,1.0,11.525,0.8428571428571427,33280000.0,68264841.0,108793910.0
2025-05-31 08:19:11,9.0,1.0,11.525,0.8428571428571427,33280000.0,68264841.0,108793910.0
2025-05-31 08:19:16,9.0,1.0,11.525,0.8428571428571427,33280000.0,68264841.0,108793910.0
2025-05-31 08:19:21,9.0,1.0,11.525,0.8428571428571427,33280000.0,68345575.0,108924228.0
2025-05-31 08:19:26,9.0,1.0,11.525,0.8428571428571427,33280000.0,68345575.0,108924228.0
2025-05-31 08:19:31,9.0,1.0,11.525,0.8428571428571427,33280000.0,68345575.0,108924228.0
2025-05-31 08:19:36,9.0,1.0,11.525,0.8428571428571427,33280000.0,68426166.0,109054404.0
2025-05-31 08:19:41,9.0,1.0,11.525,0.8428571428571427,33280000.0,68426166.0,109054404.0
2025-05-31 08:19:46,9.0,1.0,11.525,0.8428571428571427,33280000.0,68426166.0,109054404.0
2025-05-31 08:19:51,9.0,1.0,11.525,0.8476190476190478,33280000.0,68506848.0,109184671.0
2025-05-31 08:19:56,9.0,1.0,11.525,0.8476190476190478,33280000.0,68506848.0,109184671.0
2025-05-31 08:20:01,9.0,1.0,11.525,0.8476190476190478,33280000.0,68506848.0,109184671.0
2025-05-31 08:20:06,9.0,1.0,11.525,0.8476190476190478,33280000.0,68587439.0,109314847.0
2025-05-31 08:20:11,9.0,1.0,11.525,0.8476190476190478,33280000.0,68587439.0,109314847.0
2025-05-31 08:20:16,9.0,1.0,11.525,0.8476190476190478,33280000.0,68587439.0,109314847.0
2025-05-31 08:20:21,9.0,1.0,11.525,0.8523809523809526,33280000.0,68668121.0,109445114.0
2025-05-31 08:20:26,9.0,1.0,11.525,0.8523809523809526,33280000.0,68668121.0,109445114.0
2025-05-31 08:20:31,9.0,1.0,11.525,0.8523809523809526,33280000.0,68668121.0,109445114.0
2025-05-31 08:20:36,9.0,1.0,11.525,0.8523809523809526,33280000.0,68748712.0,109575289.0
2025-05-31 08:20:41,9.0,1.0,11.525,0.8523809523809526,33280000.0,68748712.0,109575289.0
2025-05-31 08:20:46,9.0,1.0,11.525,0.8523809523809526,33280000.0,68748712.0,109575289.0
2025-05-31 08:20:51,9.0,1.0,11.525,0.8571428571428572,33280000.0,68829446.0,109705502.0
2025-05-31 08:20:56,9.0,1.0,11.525,0.8571428571428572,33280000.0,68829446.0,109705502.0
2025-05-31 08:21:01,9.0,1.0,11.525,0.8571428571428572,33280000.0,68829446.0,109705502.0
2025-05-31 08:21:06,9.0,1.0,11.525,0.8619047619047618,33280000.0,68910037.0,109835675.0
2025-05-31 08:21:11,9.0,1.0,11.525,0.8619047619047618,33280000.0,68910037.0,109835675.0
2025-05-31 08:21:16,9.0,1.0,11.525,0.8619047619047618,33280000.0,68910037.0,109835675.0
2025-05-31 08:21:21,9.0,1.0,11.525,0.8714285714285717,33280000.0,68990719.0,109965896.0
2025-05-31 08:21:26,9.0,1.0,11.525,0.8714285714285717,33280000.0,68990719.0,109965896.0
2025-05-31 08:21:31,9.0,1.0,11.525,0.8714285714285717,33280000.0,68990719.0,109965896.0
2025-05-31 08:21:36,9.0,1.0,11.525,0.8714285714285717,33280000.0,69071362.0,110096124.0
2025-05-31 08:21:41,9.0,1.0,11.525,0.8714285714285717,33280000.0,69071362.0,110096124.0
2025-05-31 08:21:46,9.0,1.0,11.525,0.8714285714285717,33280000.0,69071362.0,110096124.0
2025-05-31 08:21:51,9.0,1.0,11.525,0.8714285714285717,33280000.0,69152096.0,110226442.0
2025-05-31 08:21:56,9.0,1.0,11.525,0.8714285714285717,33280000.0,69152096.0,110226442.0
2025-05-31 08:22:01,9.0,1.0,11.525,0.8714285714285717,33280000.0,69152096.0,110226442.0
2025-05-31 08:22:06,9.0,1.0,11.525,0.8809523809523809,33280000.0,69232687.0,110356618.0
2025-05-31 08:22:11,9.0,1.0,11.525,0.8809523809523809,33280000.0,69232687.0,110356618.0
2025-05-31 08:22:16,9.0,1.0,11.525,0.8809523809523809,33280000.0,69232687.0,110356618.0
2025-05-31 08:22:21,9.0,1.0,11.525,0.8809523809523809,33280000.0,69313369.0,110486885.0
2025-05-31 08:22:26,9.0,1.0,11.525,0.8809523809523809,33280000.0,69313369.0,110486885.0
2025-05-31 08:22:31,9.0,1.0,11.525,0.8809523809523809,33280000.0,69313369.0,110486885.0
2025-05-31 08:22:36,9.0,1.0,11.525,0.8809523809523809,33280000.0,69393960.0,110617062.0
2025-05-31 08:22:41,9.0,1.0,11.525,0.8809523809523809,33280000.0,69393960.0,110617062.0
2025-05-31 08:22:46,9.0,1.0,11.525,0.8809523809523809,33280000.0,69393960.0,110617062.0
2025-05-31 08:22:51,9.0,1.0,11.525,0.8809523809523809,33280000.0,69474785.0,110747418.0
2025-05-31 08:22:56,9.0,1.0,11.525,0.8809523809523809,33280000.0,69474785.0,110747418.0
2025-05-31 08:23:01,9.0,1.0,11.525,0.8809523809523809,33280000.0,69474785.0,110747418.0
2025-05-31 08:23:06,9.0,1.0,11.525,0.8857142857142856,33280000.0,69555376.0,110877595.0
2025-05-31 08:23:11,9.0,1.0,11.525,0.8857142857142856,33280000.0,69555376.0,110877595.0
2025-05-31 08:23:16,9.0,1.0,11.525,0.8857142857142856,33280000.0,69555376.0,110877595.0
2025-05-31 08:23:21,9.0,1.0,11.525,0.8952380952380954,33280000.0,69636058.0,111007866.0
2025-05-31 08:23:26,9.0,1.0,11.525,0.8952380952380954,33280000.0,69636058.0,111007866.0
2025-05-31 08:23:31,9.0,1.0,11.525,0.8952380952380954,33280000.0,69636058.0,111007866.0
2025-05-31 08:23:36,9.0,1.0,11.525,0.8952380952380954,33280000.0,69716649.0,111138039.0
2025-05-31 08:23:41,9.0,1.0,11.525,0.8952380952380954,33280000.0,69716649.0,111138039.0
2025-05-31 08:23:46,9.0,1.0,11.525,0.8952380952380954,33280000.0,69716649.0,111138039.0
2025-05-31 08:23:51,9.0,1.0,11.525,0.8952380952380954,33280000.0,69797435.0,111268301.0
2025-05-31 08:23:56,9.0,1.0,11.525,0.8952380952380954,33280000.0,69797435.0,111268301.0
2025-05-31 08:24:01,9.0,1.0,11.525,0.8952380952380954,33280000.0,69797435.0,111268301.0
2025-05-31 08:24:06,9.0,1.0,11.525,0.8952380952380954,33280000.0,69878026.0,111398475.0
2025-05-31 08:24:11,9.0,1.0,11.525,0.8952380952380954,33280000.0,69878026.0,111398475.0
2025-05-31 08:24:16,9.0,1.0,11.525,0.8952380952380954,33280000.0,69878026.0,111398475.0
2025-05-31 08:24:21,9.0,1.0,11.525,0.9047619047619047,33280000.0,69958708.0,111528742.0
2025-05-31 08:24:26,9.0,1.0,11.525,0.9047619047619047,33280000.0,69958708.0,111528742.0
2025-05-31 08:24:31,9.0,1.0,11.525,0.9047619047619047,33280000.0,69958708.0,111528742.0
2025-05-31 08:24:36,9.0,1.0,11.525,0.9047619047619047,33280000.0,70039299.0,111658914.0
2025-05-31 08:24:41,9.0,1.0,11.525,0.9047619047619047,33280000.0,70039299.0,111658914.0
2025-05-31 08:24:46,9.0,1.0,11.525,0.9047619047619047,33280000.0,70039299.0,111658914.0
2025-05-31 08:24:51,9.0,1.0,11.525,0.9095238095238097,33280000.0,70119981.0,111789177.0
2025-05-31 08:24:56,9.0,1.0,11.525,0.9095238095238097,33280000.0,70119981.0,111789177.0
2025-05-31 08:25:01,9.0,1.0,11.525,0.9095238095238097,33280000.0,70119981.0,111789177.0
2025-05-31 08:25:06,9.0,1.0,11.525,0.9095238095238097,33280000.0,70200572.0,111919353.0
2025-05-31 08:25:11,9.0,1.0,11.525,0.9095238095238097,33280000.0,70200572.0,111919353.0
2025-05-31 08:25:16,9.0,1.0,11.525,0.9095238095238097,33280000.0,70200572.0,111919353.0
2025-05-31 08:25:21,9.0,1.0,11.525,0.9142857142857144,33280000.0,70281202.0,112049624.0
2025-05-31 08:25:26,9.0,1.0,11.525,0.9142857142857144,33280000.0,70281202.0,112049624.0
2025-05-31 08:25:31,9.0,1.0,11.525,0.9142857142857144,33280000.0,70281202.0,112049624.0
2025-05-31 08:25:36,9.0,1.0,11.525,0.9142857142857144,33280000.0,70385738.0,112199993.0
2025-05-31 08:25:41,9.0,1.0,11.525,0.9142857142857144,33280000.0,70385738.0,112199993.0
2025-05-31 08:25:46,9.0,1.0,11.525,0.9142857142857144,33280000.0,70385738.0,112199993.0
2025-05-31 08:25:51,9.0,1.0,11.525,0.9190476190476191,33280000.0,70478332.0,112340368.0
2025-05-31 08:25:56,9.0,1.0,11.525,0.9190476190476191,33280000.0,70478332.0,112340368.0
2025-05-31 08:26:01,9.0,1.0,11.525,0.9190476190476191,33280000.0,70478332.0,112340368.0
2025-05-31 08:26:06,9.0,1.0,11.525,0.9238095238095237,33280000.0,70570694.0,112480459.0
2025-05-31 08:26:11,9.0,1.0,11.525,0.9238095238095237,33280000.0,70570694.0,112480459.0
2025-05-31 08:26:16,9.0,1.0,11.525,0.9238095238095237,33280000.0,70570694.0,112480459.0
2025-05-31 08:26:21,9.0,1.0,11.525,0.9238095238095237,33280000.0,70651326.0,112610725.0
2025-05-31 08:26:26,9.0,1.0,11.525,0.9238095238095237,33280000.0,70651326.0,112610725.0
2025-05-31 08:26:31,9.0,1.0,11.525,0.9238095238095237,33280000.0,70651326.0,112610725.0
2025-05-31 08:26:36,9.0,1.0,11.525,0.9285714285714288,33280000.0,70755864.0,112761097.0
2025-05-31 08:26:41,9.0,1.0,11.525,0.9285714285714288,33280000.0,70755864.0,112761097.0
2025-05-31 08:26:46,9.0,1.0,11.525,0.9285714285714288,33280000.0,70755864.0,112761097.0
2025-05-31 08:26:51,9.0,1.0,11.525,0.9285714285714288,33263616.0,70848265.0,112901279.0
2025-05-31 08:26:56,9.0,1.0,11.525,0.9285714285714288,33263616.0,70848265.0,112901279.0
2025-05-31 08:27:01,9.0,1.0,11.525,0.9285714285714288,33263616.0,70848265.0,112901279.0
2025-05-31 08:27:06,9.0,1.0,11.525,0.9285714285714288,33263616.0,70940982.0,113041586.0
2025-05-31 08:27:11,9.0,1.0,11.525,0.9285714285714288,33263616.0,70940982.0,113041586.0
2025-05-31 08:27:16,9.0,1.0,11.525,0.9285714285714288,33263616.0,70940982.0,113041586.0
2025-05-31 08:27:21,9.0,1.0,11.525,0.9333333333333335,33263616.0,71045152.0,113191688.0
2025-05-31 08:27:26,9.0,1.0,11.525,0.9333333333333335,33263616.0,71045152.0,113191688.0
2025-05-31 08:27:31,9.0,1.0,11.525,0.9333333333333335,33263616.0,71045152.0,113191688.0
2025-05-31 08:27:36,9.0,1.0,11.525,0.9380952380952381,33263616.0,71125797.0,113321922.0
2025-05-31 08:27:41,9.0,1.0,11.525,0.9380952380952381,33263616.0,71125797.0,113321922.0
2025-05-31 08:27:46,9.0,1.0,11.525,0.9380952380952381,33263616.0,71125797.0,113321922.0
2025-05-31 08:27:51,9.0,1.0,11.525,0.9428571428571428,33259520.0,71206481.0,113452193.0
2025-05-31 08:27:56,9.0,1.0,11.525,0.9428571428571428,33259520.0,71206481.0,113452193.0
2025-05-31 08:28:01,9.0,1.0,11.525,0.9428571428571428,33259520.0,71206481.0,113452193.0
2025-05-31 08:28:06,9.0,1.0,11.525,0.9476190476190479,33259520.0,71287074.0,113582371.0
2025-05-31 08:28:11,9.0,1.0,11.525,0.9476190476190479,33259520.0,71287074.0,113582371.0
2025-05-31 08:28:16,9.0,1.0,11.525,0.9476190476190479,33259520.0,71287074.0,113582371.0
2025-05-31 08:28:21,9.0,1.0,11.525,0.9523809523809526,33259520.0,71367758.0,113712641.0
2025-05-31 08:28:26,9.0,1.0,11.525,0.9523809523809526,33259520.0,71367758.0,113712641.0
2025-05-31 08:28:31,9.0,1.0,11.525,0.9523809523809526,33259520.0,71367758.0,113712641.0
2025-05-31 08:28:36,9.0,1.0,11.525,0.9571428571428572,33259520.0,71448351.0,113842821.0
2025-05-31 08:28:41,9.0,1.0,11.525,0.9571428571428572,33259520.0,71448351.0,113842821.0
2025-05-31 08:28:46,9.0,1.0,11.525,0.9571428571428572,33259520.0,71448351.0,113842821.0
2025-05-31 08:28:51,9.0,1.0,11.525,0.9571428571428572,33259520.0,71529035.0,113973091.0
2025-05-31 08:28:56,9.0,1.0,11.525,0.9571428571428572,33259520.0,71529035.0,113973091.0
2025-05-31 08:29:01,9.0,1.0,11.525,0.9571428571428572,33259520.0,71529035.0,113973091.0
2025-05-31 08:29:06,9.0,1.0,11.525,0.9619047619047618,33259520.0,71609628.0,114103272.0
2025-05-31 08:29:11,9.0,1.0,11.525,0.9619047619047618,33259520.0,71609628.0,114103272.0
2025-05-31 08:29:16,9.0,1.0,11.525,0.9619047619047618,33259520.0,71609628.0,114103272.0
2025-05-31 08:29:21,9.0,1.0,11.525,0.9666666666666669,33259520.0,71690312.0,114233542.0
2025-05-31 08:29:26,9.0,1.0,11.525,0.9666666666666669,33259520.0,71690312.0,114233542.0
2025-05-31 08:29:31,9.0,1.0,11.525,0.9666666666666669,33259520.0,71690312.0,114233542.0
2025-05-31 08:29:36,9.0,1.0,11.525,0.9666666666666669,33259520.0,71770905.0,114363730.0
2025-05-31 08:29:41,9.0,1.0,11.525,0.9666666666666669,33259520.0,71770905.0,114363730.0
2025-05-31 08:29:46,9.0,1.0,11.525,0.9666666666666669,33259520.0,71770905.0,114363730.0
2025-05-31 08:29:51,9.0,1.0,11.525,0.9714285714285716,33259520.0,71851589.0,114494003.0
2025-05-31 08:29:56,9.0,1.0,11.525,0.9714285714285716,33259520.0,71851589.0,114494003.0
2025-05-31 08:30:01,9.0,1.0,11.525,0.9714285714285716,33259520.0,71851589.0,114494003.0
2025-05-31 08:30:06,9.0,1.0,11.525,0.9714285714285716,33259520.0,71932182.0,114624187.0
2025-05-31 08:30:11,9.0,1.0,11.525,0.9714285714285716,33259520.0,71932182.0,114624187.0
2025-05-31 08:30:16,9.0,1.0,11.525,0.9714285714285716,33259520.0,71932182.0,114624187.0
2025-05-31 08:30:21,9.0,1.0,11.525,0.9714285714285716,33259520.0,72013009.0,114754553.0
2025-05-31 08:30:26,9.0,1.0,11.525,0.9714285714285716,33259520.0,72013009.0,114754553.0
2025-05-31 08:30:31,9.0,1.0,11.525,0.9714285714285716,33259520.0,72013009.0,114754553.0
2025-05-31 08:30:36,9.0,1.0,11.525,0.9809523809523809,33259520.0,72093602.0,114884732.0
2025-05-31 08:30:41,9.0,1.0,11.525,0.9809523809523809,33259520.0,72093602.0,114884732.0
2025-05-31 08:30:46,9.0,1.0,11.525,0.9809523809523809,33259520.0,72093602.0,114884732.0
2025-05-31 08:30:51,9.0,1.0,11.525,0.9809523809523809,33529856.0,72174286.0,115015004.0
2025-05-31 08:30:56,9.0,1.0,11.525,0.9809523809523809,33529856.0,72174286.0,115015004.0
2025-05-31 08:31:01,9.0,1.0,11.525,0.9809523809523809,33529856.0,72174286.0,115015004.0
2025-05-31 08:31:06,9.0,1.0,11.525,0.9809523809523809,33517568.0,72254879.0,115145186.0
2025-05-31 08:31:11,9.0,1.0,11.525,0.9809523809523809,33517568.0,72254879.0,115145186.0
2025-05-31 08:31:16,9.0,1.0,11.525,0.9809523809523809,33517568.0,72254879.0,115145186.0
2025-05-31 08:31:21,9.0,1.0,11.525,0.9904761904761907,33300480.0,72335602.0,115275535.0
2025-05-31 08:31:26,9.0,1.0,11.525,0.9904761904761907,33300480.0,72335602.0,115275535.0
2025-05-31 08:31:31,9.0,1.0,11.525,0.9904761904761907,33300480.0,72335602.0,115275535.0
2025-05-31 08:31:36,9.0,1.0,11.525,0.9904761904761907,33300480.0,72416195.0,115405719.0
2025-05-31 08:31:41,9.0,1.0,11.525,0.9904761904761907,33300480.0,72416195.0,115405719.0
2025-05-31 08:31:46,9.0,1.0,11.525,0.9904761904761907,33300480.0,72416195.0,115405719.0
2025-05-31 08:31:51,9.0,1.0,11.525,0.9904761904761907,33300480.0,72496827.0,115535997.0
2025-05-31 08:31:56,9.0,1.0,11.525,0.9904761904761907,33300480.0,72496827.0,115535997.0
2025-05-31 08:32:01,9.0,1.0,11.525,0.9904761904761907,33300480.0,72496827.0,115535997.0
2025-05-31 08:32:06,9.0,1.0,11.525,0.9952380952380954,33247232.0,72577420.0,115666184.0
2025-05-31 08:32:11,9.0,1.0,11.525,0.9952380952380954,33247232.0,72577420.0,115666184.0
2025-05-31 08:32:16,9.0,1.0,11.525,0.9952380952380954,33247232.0,72577420.0,115666184.0
2025-05-31 08:32:21,9.0,1.0,11.525,0.9952380952380954,33247232.0,72658052.0,115796462.0
2025-05-31 08:32:26,9.0,1.0,11.525,0.9952380952380954,33247232.0,72658052.0,115796462.0
2025-05-31 08:32:31,9.0,1.0,11.525,0.9952380952380954,33247232.0,72658052.0,115796462.0
2025-05-31 08:32:36,9.0,1.0,11.525,1.0,33247232.0,72738645.0,115926650.0
