timestamp,LSTM,GRU,ISST,AE,MLSTM,MMAE
2025-05-31 12:19:28+00:00,,,0.0,,,
2025-05-31 12:19:30+00:00,,,0.0,,,
2025-05-31 12:19:32+00:00,,,0.0,,,
2025-05-31 12:19:34+00:00,,,0.0,,,
2025-05-31 12:19:36+00:00,,,0.0,,,
2025-05-31 12:19:38+00:00,,,0.0,,,
2025-05-31 12:19:40+00:00,,,0.0,,,
2025-05-31 12:19:42+00:00,,,0.0,,,
2025-05-31 12:19:44+00:00,,,0.0,,,
2025-05-31 12:19:46+00:00,,,0.0,,,
2025-05-31 12:19:48+00:00,,,0.0,,,
2025-05-31 12:19:50+00:00,,,0.0,,,
2025-05-31 12:19:52+00:00,,,0.0,,,
2025-05-31 12:19:54+00:00,,,0.0,,,
2025-05-31 12:19:56+00:00,,,0.0,,,
2025-05-31 12:19:58+00:00,,,0.0,,,
2025-05-31 12:20:00+00:00,,,0.0,,,
2025-05-31 12:20:02+00:00,,,0.0,,,
2025-05-31 12:20:04+00:00,,,0.0,,,
2025-05-31 12:20:06+00:00,,,0.0,,,
2025-05-31 12:20:08+00:00,,,0.0,,,
2025-05-31 12:20:10+00:00,,,0.0,,,
2025-05-31 12:20:12+00:00,,,0.0,,,
2025-05-31 12:20:14+00:00,,,0.0,,,
2025-05-31 12:20:16+00:00,,,0.0,,,
2025-05-31 12:20:18+00:00,,,0.0,,,
2025-05-31 12:20:20+00:00,,,0.0,,,
2025-05-31 12:20:22+00:00,,,0.0,,,
2025-05-31 12:20:24+00:00,,,0.0,,,
2025-05-31 12:20:26+00:00,,,0.0,,,
2025-05-31 12:20:28+00:00,,,0.0,,,
2025-05-31 12:20:30+00:00,,,0.0,,,
2025-05-31 12:20:32+00:00,,,0.0,,,
2025-05-31 12:20:34+00:00,,,0.0,,,
2025-05-31 12:20:36+00:00,,,0.0,,,
2025-05-31 12:20:38+00:00,,,0.0,,,
2025-05-31 12:20:40+00:00,,,0.0,,,
2025-05-31 12:20:42+00:00,,,0.0,,,
2025-05-31 12:20:44+00:00,,,0.0,,,
2025-05-31 12:20:46+00:00,,,0.0,,,
2025-05-31 12:20:48+00:00,,,0.0,,,
2025-05-31 12:20:50+00:00,,,0.0,,,
2025-05-31 12:20:52+00:00,,,0.0,,,
2025-05-31 12:20:54+00:00,,,0.0,,,
2025-05-31 12:20:56+00:00,,,0.0,,,
2025-05-31 12:20:58+00:00,,,0.0,,,
2025-05-31 12:21:00+00:00,,,0.0,,,
2025-05-31 12:21:02+00:00,,,0.0,,,
2025-05-31 12:21:04+00:00,,,0.0,,,
2025-05-31 12:21:06+00:00,,,0.0,,,
2025-05-31 12:21:08+00:00,,,0.0,,,
2025-05-31 12:21:10+00:00,,,0.0,,,
2025-05-31 12:21:12+00:00,,,0.0,,,
2025-05-31 12:21:14+00:00,,,0.0,,,
2025-05-31 12:21:16+00:00,,,0.0,,,
2025-05-31 12:21:18+00:00,,,0.0,,,
2025-05-31 12:21:20+00:00,,,0.0,,,
2025-05-31 12:21:22+00:00,,,0.0,,,
2025-05-31 12:21:24+00:00,,,0.0,,,
2025-05-31 12:21:26+00:00,,,0.0,,,
2025-05-31 12:21:28+00:00,,,0.0,,,
2025-05-31 12:21:30+00:00,,,0.0,,,
2025-05-31 12:21:32+00:00,,,0.0,,,
2025-05-31 12:21:34+00:00,,,0.0,,,
2025-05-31 12:21:36+00:00,,,0.0,,,
2025-05-31 12:21:38+00:00,,,0.0,,,
2025-05-31 12:21:40+00:00,,,0.0,,,
2025-05-31 12:21:42+00:00,,,0.0,,,
2025-05-31 12:21:44+00:00,,,0.0,,,
2025-05-31 12:21:46+00:00,,,0.0,,,
2025-05-31 12:21:48+00:00,,,0.0,,,
2025-05-31 12:21:50+00:00,,,0.0,,,
2025-05-31 12:21:52+00:00,,,0.0,,,
2025-05-31 12:21:54+00:00,,,0.0,,,
2025-05-31 12:21:56+00:00,,,0.0,,,
2025-05-31 12:21:58+00:00,,,0.0,,,
2025-05-31 12:22:00+00:00,,,0.0,,,
2025-05-31 12:22:02+00:00,,,0.0,,,
2025-05-31 12:22:04+00:00,,,0.0,,,
2025-05-31 12:22:06+00:00,,,0.0,,,
2025-05-31 12:22:08+00:00,,,0.0,,,
2025-05-31 12:22:10+00:00,,,0.0,,,
2025-05-31 12:22:12+00:00,,,0.0,,,
2025-05-31 12:22:14+00:00,,,0.0,,,
2025-05-31 12:22:16+00:00,,,0.0,,,
2025-05-31 12:22:18+00:00,,,0.0,,,
2025-05-31 12:22:20+00:00,,,0.0,,,
2025-05-31 12:22:22+00:00,,,0.0,,,
2025-05-31 12:22:24+00:00,,,0.0,,,
2025-05-31 12:22:26+00:00,,,0.0,,,
2025-05-31 12:22:28+00:00,,,0.0,,,
2025-05-31 12:22:30+00:00,,,0.0,,,
2025-05-31 12:22:32+00:00,,,0.0,,,
2025-05-31 12:22:34+00:00,,,0.0,,,
2025-05-31 12:22:36+00:00,,,0.0,,,
2025-05-31 12:22:38+00:00,,,0.0,,,
2025-05-31 12:22:40+00:00,,,0.0,,,
2025-05-31 12:22:42+00:00,,,0.0,,,
2025-05-31 12:22:44+00:00,,,0.0,,,
2025-05-31 12:22:46+00:00,,,0.0,,,
2025-05-31 12:22:48+00:00,,,0.0,,,
2025-05-31 12:22:50+00:00,,,0.0,,,
2025-05-31 12:22:52+00:00,,,0.0,,,
2025-05-31 12:22:54+00:00,,,0.0,,,
2025-05-31 12:22:56+00:00,,,0.0,,,
2025-05-31 12:22:58+00:00,,,0.0,,,
2025-05-31 12:23:00+00:00,,,0.0,,,
2025-05-31 12:23:02+00:00,,,0.0,,,
2025-05-31 12:23:04+00:00,,,0.0,,,
2025-05-31 12:23:06+00:00,,,0.0,,,
2025-05-31 12:23:08+00:00,,,0.0,,,
2025-05-31 12:23:10+00:00,,,0.0,,,
2025-05-31 12:23:12+00:00,,,0.0,,,
2025-05-31 12:23:14+00:00,,,0.0,,,
2025-05-31 12:23:16+00:00,,,0.0,,,
2025-05-31 12:23:18+00:00,,,0.0,,,
2025-05-31 12:23:20+00:00,,,0.0,,,
2025-05-31 12:23:22+00:00,,,0.0,,,
2025-05-31 12:23:24+00:00,,,0.0,,,
2025-05-31 12:23:26+00:00,,,0.0,,,
2025-05-31 12:23:28+00:00,,,0.0,,,
2025-05-31 12:23:30+00:00,,,0.0,,,
2025-05-31 12:23:32+00:00,,,0.0,,,
2025-05-31 12:23:34+00:00,,,0.0,,,
2025-05-31 12:23:36+00:00,,,0.0,,,
2025-05-31 12:23:38+00:00,,,0.0,,,
2025-05-31 12:23:40+00:00,,,0.0,,,
2025-05-31 12:23:42+00:00,,,0.0,,,
2025-05-31 12:23:44+00:00,,,0.0,,,
2025-05-31 12:23:46+00:00,,,0.0,,,
2025-05-31 12:23:48+00:00,,,0.0,,,
2025-05-31 12:23:50+00:00,,,0.0,,,
2025-05-31 12:23:52+00:00,,,0.0,,,
2025-05-31 12:23:54+00:00,,,0.0,,,
2025-05-31 12:23:56+00:00,,,0.0,,,
2025-05-31 12:23:58+00:00,,,0.0,,,
2025-05-31 12:24:00+00:00,,,0.0,,,
2025-05-31 12:24:02+00:00,,,0.0,,,
2025-05-31 12:24:04+00:00,,,0.0,,,
2025-05-31 12:24:06+00:00,,,0.0,,,
2025-05-31 12:24:08+00:00,,,0.0,,,
2025-05-31 12:24:10+00:00,,,0.0,,,
2025-05-31 12:24:12+00:00,,,0.0,,,
2025-05-31 12:24:14+00:00,,,0.0,,,
2025-05-31 12:24:16+00:00,,,0.0,,,
2025-05-31 12:24:18+00:00,,,0.0,,,
2025-05-31 12:24:20+00:00,,,0.0,,,
2025-05-31 12:24:22+00:00,,,0.0,,,
2025-05-31 12:24:24+00:00,,,0.0,,,
2025-05-31 12:24:26+00:00,,,0.0,,,
2025-05-31 12:24:28+00:00,,,0.0,,,
2025-05-31 12:24:30+00:00,,,0.0,,,
2025-05-31 12:24:32+00:00,,,0.0,,,
2025-05-31 12:24:34+00:00,,,0.0,,,
2025-05-31 12:24:36+00:00,,,0.0,,,
2025-05-31 12:24:38+00:00,,,0.0,,,
2025-05-31 12:24:40+00:00,,,0.0,,,
2025-05-31 12:24:42+00:00,,,0.0,,,
2025-05-31 12:24:44+00:00,,,0.0,,,
2025-05-31 12:24:46+00:00,,,0.0,,,
2025-05-31 12:24:48+00:00,,,0.0,,,
2025-05-31 12:24:50+00:00,,,0.0,,,
2025-05-31 12:24:52+00:00,,,0.0,,,
2025-05-31 12:24:54+00:00,,,0.0,,,
2025-05-31 12:24:56+00:00,,,0.0,,,
2025-05-31 12:24:58+00:00,,,0.0,,,
2025-05-31 12:25:00+00:00,,,0.0,,,
2025-05-31 12:25:02+00:00,,,0.0,,,
2025-05-31 12:25:04+00:00,,,0.0,,,
2025-05-31 12:25:06+00:00,,,0.0,,,
2025-05-31 12:25:08+00:00,,,0.0,,,
2025-05-31 12:25:10+00:00,,,0.0,,,
2025-05-31 12:25:12+00:00,,,0.0,,,
2025-05-31 12:25:14+00:00,,,0.0,,,
2025-05-31 12:25:16+00:00,,,0.0,,,
2025-05-31 12:25:18+00:00,,,0.0,,,
2025-05-31 12:25:20+00:00,,,0.0,,,
2025-05-31 12:25:22+00:00,,,0.0,,,
2025-05-31 12:25:24+00:00,,,0.0,,,
2025-05-31 12:25:26+00:00,,,0.0,,,
2025-05-31 12:25:28+00:00,,,0.0,,,
2025-05-31 12:25:30+00:00,,,0.0,,,
2025-05-31 12:25:32+00:00,,,0.0,,,
2025-05-31 12:25:34+00:00,,,0.0,,,
2025-05-31 12:25:36+00:00,,,0.0,,,
2025-05-31 12:25:38+00:00,,,0.0,,,
2025-05-31 12:25:40+00:00,,,0.0,,,
2025-05-31 12:25:42+00:00,,,0.0,,,
2025-05-31 12:25:44+00:00,,,0.0,,,
2025-05-31 12:25:46+00:00,,,0.0,,,
2025-05-31 12:25:48+00:00,,,0.0,,,
2025-05-31 12:25:50+00:00,,,0.0,,,
2025-05-31 12:25:52+00:00,,,0.0,,,
2025-05-31 12:25:54+00:00,,,0.0,,,
2025-05-31 12:25:56+00:00,,,0.0,,,
2025-05-31 12:25:58+00:00,,,0.0,,,
2025-05-31 12:26:00+00:00,,,0.0,,,
2025-05-31 12:26:02+00:00,,,0.0,,,
2025-05-31 12:26:04+00:00,,,0.0,,,
2025-05-31 12:26:06+00:00,,,0.0,,,
2025-05-31 12:26:08+00:00,,,0.0,,,
2025-05-31 12:26:10+00:00,,,0.0,,,
2025-05-31 12:26:12+00:00,,,0.0,,,
2025-05-31 12:26:14+00:00,,,0.0,,,
2025-05-31 12:26:16+00:00,,,0.0,,,
2025-05-31 12:26:18+00:00,,,0.0,,,
2025-05-31 12:26:20+00:00,,,0.0,,,
2025-05-31 12:26:22+00:00,,,0.0,,,
2025-05-31 12:26:24+00:00,,,0.0,,,
2025-05-31 12:26:26+00:00,,,0.0,,,
2025-05-31 12:26:28+00:00,,,0.0,,,
2025-05-31 12:26:30+00:00,,,0.0,,,
2025-05-31 12:26:32+00:00,,,0.0,,,
2025-05-31 12:26:34+00:00,,,0.0,,,
2025-05-31 12:26:36+00:00,,,0.0,,,
2025-05-31 12:26:38+00:00,,,0.0,,,
2025-05-31 12:26:40+00:00,,,0.0,,,
2025-05-31 12:26:42+00:00,,,0.0,,,
2025-05-31 12:26:44+00:00,,,0.0,,,
2025-05-31 12:26:46+00:00,,,0.0,,,
2025-05-31 12:26:48+00:00,,,0.0,,,
2025-05-31 12:26:50+00:00,,,0.0,,,
2025-05-31 12:26:52+00:00,,,0.0,,,
2025-05-31 12:26:54+00:00,,,0.0,,,
2025-05-31 12:26:56+00:00,,,0.0,,,
2025-05-31 12:26:58+00:00,,,0.0,,,
2025-05-31 12:27:00+00:00,,,0.0,,,
2025-05-31 12:27:02+00:00,,,0.0,,,
2025-05-31 12:27:04+00:00,,,0.0,,,
2025-05-31 12:27:06+00:00,,,0.0,,,
2025-05-31 12:27:08+00:00,,,0.0,,,
2025-05-31 12:27:10+00:00,,,0.0,,,
2025-05-31 12:27:12+00:00,,,0.0,,,
2025-05-31 12:27:14+00:00,,,0.0,,,
2025-05-31 12:27:16+00:00,,,0.0,,,
2025-05-31 12:27:18+00:00,,,0.0,,,
2025-05-31 12:27:20+00:00,,,0.0,,,
2025-05-31 12:27:22+00:00,,,0.0,,,
2025-05-31 12:27:24+00:00,,,0.0,,,
2025-05-31 12:27:26+00:00,,,0.0,,,
2025-05-31 12:27:28+00:00,,,0.0,,,
2025-05-31 12:27:30+00:00,,,0.0,,,
2025-05-31 12:27:32+00:00,,,0.0,,,
2025-05-31 12:27:34+00:00,,,0.0,,,
2025-05-31 12:27:36+00:00,,,0.0,,,
2025-05-31 12:27:38+00:00,,,0.0,,,
2025-05-31 12:27:40+00:00,,,0.0,,,
2025-05-31 12:27:42+00:00,,,0.0,,,
2025-05-31 12:27:44+00:00,,,0.0,,,
2025-05-31 12:27:46+00:00,,,0.0,,,
2025-05-31 12:27:48+00:00,,,0.0,,,
2025-05-31 12:27:50+00:00,,,0.0,,,
2025-05-31 12:27:52+00:00,,,0.0,,,
2025-05-31 12:27:54+00:00,,,0.0,,,
2025-05-31 12:27:56+00:00,,,0.0,,,
2025-05-31 12:27:58+00:00,,,0.0,,,
2025-05-31 12:28:00+00:00,,,0.0,,,
2025-05-31 12:28:02+00:00,,,0.0,,,
2025-05-31 12:28:04+00:00,,,0.0,,,
2025-05-31 12:28:06+00:00,,,0.0,,,
2025-05-31 12:28:08+00:00,,,0.0,,,
2025-05-31 12:28:10+00:00,,,0.0,,,
2025-05-31 12:28:12+00:00,,,0.0,,,
2025-05-31 12:28:14+00:00,,,0.0,,,
2025-05-31 12:28:16+00:00,,,0.0,,,
2025-05-31 12:28:18+00:00,,,0.0,,,
2025-05-31 12:28:20+00:00,,,0.0,,,
2025-05-31 12:28:22+00:00,,,0.0,,,
2025-05-31 12:28:24+00:00,,,0.0,,,
2025-05-31 12:28:26+00:00,,,0.0,,,
2025-05-31 12:28:28+00:00,,,0.0,,,
2025-05-31 12:28:30+00:00,,,0.0,,,
2025-05-31 12:28:32+00:00,,,0.0,,,
2025-05-31 12:28:34+00:00,,,0.0,,,
2025-05-31 12:28:36+00:00,,,0.0,,,
2025-05-31 12:28:38+00:00,,,0.0,,,
2025-05-31 12:28:40+00:00,,,0.0,,,
2025-05-31 12:28:42+00:00,,,0.0,,,
2025-05-31 12:28:44+00:00,,,0.0,,,
2025-05-31 12:28:46+00:00,,,0.0,,,
2025-05-31 12:28:48+00:00,,,0.0,,,
2025-05-31 12:28:50+00:00,,,0.0,,,
2025-05-31 12:28:52+00:00,,,0.0,,,
2025-05-31 12:28:54+00:00,,,0.0,,,
2025-05-31 12:28:56+00:00,,,0.0,,,
2025-05-31 12:28:58+00:00,,,0.0,,,
2025-05-31 12:29:00+00:00,,,0.0,,,
2025-05-31 12:29:02+00:00,,,0.0,,,
2025-05-31 12:29:04+00:00,,,0.0,,,
2025-05-31 12:29:06+00:00,,,0.0,,,
2025-05-31 12:29:08+00:00,,,0.0,,,
2025-05-31 12:29:10+00:00,,,0.0,,,
2025-05-31 12:29:12+00:00,,,0.0,,,
2025-05-31 12:29:14+00:00,,,0.0,,,
2025-05-31 12:29:16+00:00,,,0.0,,,
2025-05-31 12:29:18+00:00,,,0.0,,,
2025-05-31 12:29:20+00:00,,,0.0,,,
2025-05-31 12:29:22+00:00,,,0.0,,,
2025-05-31 12:29:24+00:00,,,0.0,,,
2025-05-31 12:29:26+00:00,,,0.0,,,
2025-05-31 12:29:28+00:00,,,0.0,,,
2025-05-31 12:29:30+00:00,,,0.0,,,
2025-05-31 12:29:32+00:00,,,0.0,,,
2025-05-31 12:29:34+00:00,,,0.0,,,
2025-05-31 12:29:36+00:00,,,0.0,,,
2025-05-31 12:29:38+00:00,,,0.0,,,
2025-05-31 12:29:40+00:00,,,0.0,,,
2025-05-31 12:29:42+00:00,,,0.0,,,
2025-05-31 12:29:44+00:00,,,0.0,,,
2025-05-31 12:29:46+00:00,,,0.0,,,
2025-05-31 12:29:48+00:00,,,0.0,,,
2025-05-31 12:29:50+00:00,,,0.0,,,
2025-05-31 12:29:52+00:00,,,0.0,,,
2025-05-31 12:29:54+00:00,,,0.0,,,
2025-05-31 12:29:56+00:00,,,0.0,,,
2025-05-31 12:29:58+00:00,,,0.0,,,
2025-05-31 12:30:00+00:00,,,0.0,,,
2025-05-31 12:30:02+00:00,,,0.0,,,
2025-05-31 12:30:04+00:00,,,0.0,,,
2025-05-31 12:30:06+00:00,,,0.0,,,
2025-05-31 12:30:08+00:00,,,0.0,,,
2025-05-31 12:30:10+00:00,,,0.0,,,
2025-05-31 12:30:12+00:00,,,0.0,,,
2025-05-31 12:30:14+00:00,,,0.0,,,
2025-05-31 12:30:16+00:00,,,0.0,,,
2025-05-31 12:30:18+00:00,,,0.0,,,
2025-05-31 12:30:20+00:00,,,0.0,,,
2025-05-31 12:30:22+00:00,,,0.0,,,
2025-05-31 12:30:24+00:00,,,0.0,,,
2025-05-31 12:30:26+00:00,,,0.0,,,
2025-05-31 12:30:28+00:00,,,0.0,,,
2025-05-31 12:30:30+00:00,,,0.0,,,
2025-05-31 12:30:32+00:00,,,0.0,,,
2025-05-31 12:30:34+00:00,,,0.0,,,
2025-05-31 12:30:36+00:00,,,0.0,,,
2025-05-31 12:30:38+00:00,,,0.0,,,
2025-05-31 12:30:40+00:00,,,0.0,,,
2025-05-31 12:30:42+00:00,,,0.0,,,
2025-05-31 12:30:44+00:00,,,0.0,,,
2025-05-31 12:30:46+00:00,,,0.0,,,
2025-05-31 12:30:48+00:00,,,0.0,,,
2025-05-31 12:30:50+00:00,,,0.0,,,
2025-05-31 12:30:52+00:00,,,0.0,,,
2025-05-31 12:30:54+00:00,,,0.0,,,
2025-05-31 12:30:56+00:00,,,0.0,,,
2025-05-31 12:30:58+00:00,,,0.0,,,
2025-05-31 12:31:00+00:00,,,0.0,,,
2025-05-31 12:31:02+00:00,,,0.0,,,
2025-05-31 12:31:04+00:00,,,0.0,,,
2025-05-31 12:31:06+00:00,,,0.0,,,
2025-05-31 12:31:08+00:00,,,0.0,,,
2025-05-31 12:31:10+00:00,,,0.0,,,
2025-05-31 12:31:12+00:00,,,0.0,,,
2025-05-31 12:31:14+00:00,,,0.0,,,
2025-05-31 12:31:16+00:00,,,0.0,,,
2025-05-31 12:31:18+00:00,,,0.0,,,
2025-05-31 12:31:20+00:00,,,0.0,,,
2025-05-31 12:31:22+00:00,,,0.0,,,
2025-05-31 12:31:24+00:00,,,0.0,,,
2025-05-31 12:31:26+00:00,,,0.0,,,
2025-05-31 12:31:28+00:00,,,0.0,,,
2025-05-31 12:31:30+00:00,,,0.0,,,
2025-05-31 12:31:32+00:00,,,0.0,,,
2025-05-31 12:31:34+00:00,,,0.0,,,
2025-05-31 12:31:36+00:00,,,0.0,,,
2025-05-31 12:31:38+00:00,,,0.0,,,
2025-05-31 12:31:40+00:00,,,0.0,,,
2025-05-31 12:31:42+00:00,,,0.0,,,
2025-05-31 12:31:44+00:00,,,0.0,,,
2025-05-31 12:31:46+00:00,,,0.0,,,
2025-05-31 12:31:48+00:00,,,0.0,,,
2025-05-31 12:31:50+00:00,,,0.0,,,
2025-05-31 12:31:52+00:00,,,0.0,,,
2025-05-31 12:31:54+00:00,,,0.0,,,
2025-05-31 12:31:56+00:00,,,0.0,,,
2025-05-31 12:31:58+00:00,,,0.0,,,
2025-05-31 12:32:00+00:00,,,0.0,,,
2025-05-31 12:32:02+00:00,,,0.0,,,
2025-05-31 12:32:04+00:00,,,0.0,,,
2025-05-31 12:32:06+00:00,,,0.0,,,
2025-05-31 12:32:08+00:00,,,0.0,,,
2025-05-31 12:32:10+00:00,,,0.0,,,
2025-05-31 12:32:12+00:00,,,0.0,,,
2025-05-31 12:32:14+00:00,,,0.0,,,
2025-05-31 12:32:16+00:00,,,0.0,,,
2025-05-31 12:32:18+00:00,,,0.0,,,
2025-05-31 12:32:20+00:00,,,0.0,,,
2025-05-31 12:32:22+00:00,,,0.0,,,
2025-05-31 12:32:24+00:00,,,0.0,,,
2025-05-31 12:32:26+00:00,,,0.0,,,
2025-05-31 12:32:28+00:00,,,0.0,,,
2025-05-31 12:32:30+00:00,,,0.0,,,
2025-05-31 12:32:32+00:00,,,0.0,,,
2025-05-31 12:32:34+00:00,,,0.0,,,
2025-05-31 12:32:36+00:00,,,0.0,,,
2025-05-31 12:32:38+00:00,,,0.0,,,
2025-05-31 12:32:40+00:00,,,0.0,,,
2025-05-31 12:32:42+00:00,,,0.0,,,
2025-05-31 12:32:44+00:00,,,0.0,,,
2025-05-31 12:32:46+00:00,,,0.0,,,
2025-05-31 12:32:48+00:00,,,0.0,,,
2025-05-31 12:32:50+00:00,,,0.0,,,
2025-05-31 12:32:52+00:00,,,0.0,,,
2025-05-31 12:32:54+00:00,,,0.0,,,
2025-05-31 12:32:56+00:00,,,0.0,,,
2025-05-31 12:32:58+00:00,,,0.0,,,
2025-05-31 12:33:00+00:00,,,0.0,,,
2025-05-31 12:33:02+00:00,,,0.0,,,
2025-05-31 12:33:04+00:00,,,0.0,,,
2025-05-31 12:33:06+00:00,,,0.0,,,
2025-05-31 12:33:08+00:00,,,0.0,,,
2025-05-31 12:33:10+00:00,,,0.0,,,
2025-05-31 12:33:12+00:00,,,0.0,,,
2025-05-31 12:33:14+00:00,,,0.0,,,
2025-05-31 12:33:16+00:00,,,0.0,,,
2025-05-31 12:33:18+00:00,,,0.0,,,
2025-05-31 12:33:20+00:00,,,0.0,,,
2025-05-31 12:33:22+00:00,,,0.0,,,
2025-05-31 12:33:24+00:00,,,0.0,,,
2025-05-31 12:33:26+00:00,,,0.0,,,
2025-05-31 12:33:28+00:00,,,0.0,,,
2025-05-31 12:33:30+00:00,,,0.0,,,
2025-05-31 12:33:32+00:00,,,0.0,,,
2025-05-31 12:33:34+00:00,,,0.0,,,
2025-05-31 12:33:36+00:00,,,0.0,,,
2025-05-31 12:33:38+00:00,,,0.0,,,
2025-05-31 12:33:40+00:00,,,0.0,,,
2025-05-31 12:33:42+00:00,,,0.0,,,
2025-05-31 12:33:44+00:00,,,0.0,,,
2025-05-31 12:33:46+00:00,,,0.0,,,
2025-05-31 12:33:48+00:00,,,0.0,,,
2025-05-31 12:33:50+00:00,,,0.0,,,
2025-05-31 12:33:52+00:00,,,0.0,,,
2025-05-31 12:33:54+00:00,,,0.0,,,
2025-05-31 12:33:56+00:00,,,0.0,,,
2025-05-31 12:33:58+00:00,,,0.0,,,
2025-05-31 12:34:00+00:00,,,0.0,,,
2025-05-31 12:34:02+00:00,,,0.0,,,
2025-05-31 12:34:04+00:00,,,0.0,,,
2025-05-31 12:34:06+00:00,,,0.0,,,
2025-05-31 12:34:08+00:00,,,0.0,,,
2025-05-31 12:34:10+00:00,,,0.0,,,
2025-05-31 12:34:12+00:00,,,0.0,,,
2025-05-31 12:34:14+00:00,,,0.0,,,
2025-05-31 12:34:16+00:00,,,0.0,,,
2025-05-31 12:34:18+00:00,,,0.0,,,
2025-05-31 12:34:20+00:00,,,0.0,,,
2025-05-31 12:34:22+00:00,,,0.0,,,
2025-05-31 12:34:24+00:00,,,0.0,,,
2025-05-31 12:34:26+00:00,,,0.0,,,
2025-05-31 12:34:28+00:00,,,0.0,,,
2025-05-31 12:34:30+00:00,,,0.0,,,
2025-05-31 12:34:32+00:00,,,0.0,,,
2025-05-31 12:34:34+00:00,,,0.0,,,
2025-05-31 12:34:36+00:00,,,0.0,,,
2025-05-31 12:34:38+00:00,,,0.0,,,
2025-05-31 12:34:40+00:00,,,0.0,,,
2025-05-31 12:34:42+00:00,,,0.0,,,
2025-05-31 12:34:44+00:00,,,0.0,,,
2025-05-31 12:34:46+00:00,,,0.0,,,
2025-05-31 12:34:48+00:00,,,0.0,,,
2025-05-31 12:34:50+00:00,,,0.0,,,
2025-05-31 12:34:52+00:00,,,0.0,,,
2025-05-31 12:34:54+00:00,,,0.0,,,
2025-05-31 12:34:56+00:00,,,0.0,,,
2025-05-31 12:34:58+00:00,,,0.0,,,
2025-05-31 12:35:00+00:00,,,0.0,,,
2025-05-31 12:35:02+00:00,,,0.0,,,
2025-05-31 12:35:04+00:00,,,0.0,,,
2025-05-31 12:35:06+00:00,,,0.0,,,
2025-05-31 12:35:08+00:00,,,0.0,,,
2025-05-31 12:35:10+00:00,,,0.0,,,
2025-05-31 12:35:12+00:00,,,0.0,,,
2025-05-31 12:35:14+00:00,,,0.0,,,
2025-05-31 12:35:16+00:00,,,0.0,,,
2025-05-31 12:35:18+00:00,,,0.0,,,
2025-05-31 12:35:20+00:00,,,0.0,,,
2025-05-31 12:35:22+00:00,,,0.0,,,
2025-05-31 12:35:24+00:00,,,0.0,,,
2025-05-31 12:35:26+00:00,,,0.0,,,
2025-05-31 12:35:28+00:00,,,0.0,,,
2025-05-31 12:35:30+00:00,,,0.0,,,
2025-05-31 12:35:32+00:00,,,0.0,,,
2025-05-31 12:35:34+00:00,,,0.0,,,
2025-05-31 12:35:36+00:00,,,0.0,,,
2025-05-31 12:35:38+00:00,,,0.0,,,
2025-05-31 12:35:40+00:00,,,0.0,,,
2025-05-31 12:35:42+00:00,,,0.0,,,
2025-05-31 12:35:44+00:00,,,0.0,,,
2025-05-31 12:35:46+00:00,,,0.0,,,
2025-05-31 12:35:48+00:00,,,0.0,,,
2025-05-31 12:35:50+00:00,,,0.0,,,
2025-05-31 12:35:52+00:00,,,0.0,,,
2025-05-31 12:35:54+00:00,,,0.0,,,
2025-05-31 12:35:56+00:00,,,0.0,,,
2025-05-31 12:35:58+00:00,,,0.0,,,
2025-05-31 12:36:00+00:00,,,0.0,,,
2025-05-31 12:36:02+00:00,,,0.0,,,
2025-05-31 12:36:04+00:00,,,0.0,,,
2025-05-31 12:36:06+00:00,,,0.0,,,
2025-05-31 12:36:08+00:00,,,0.0,,,
2025-05-31 12:36:10+00:00,,,0.0,,,
2025-05-31 12:36:12+00:00,,,0.0,,,
2025-05-31 12:36:14+00:00,,,0.0,,,
2025-05-31 12:36:16+00:00,,,0.0,,,
2025-05-31 12:36:18+00:00,,,0.0,,,
2025-05-31 12:36:20+00:00,,,0.0,,,
2025-05-31 12:36:22+00:00,,,0.0,,,
2025-05-31 12:36:24+00:00,,,0.0,,,
2025-05-31 12:36:26+00:00,,,0.0,,,
2025-05-31 12:36:28+00:00,,,0.0,,,
2025-05-31 12:36:30+00:00,,,0.0,,,
2025-05-31 12:36:32+00:00,,,0.0,,,
2025-05-31 12:36:34+00:00,,,0.0,,,
2025-05-31 12:36:36+00:00,,,0.0,,,
2025-05-31 12:36:38+00:00,,,0.0,,,
2025-05-31 12:36:40+00:00,,,0.0,,,
2025-05-31 12:36:42+00:00,,,0.0,,,
2025-05-31 12:36:44+00:00,,,0.0,,,
2025-05-31 12:36:46+00:00,,,0.0,,,
2025-05-31 12:36:48+00:00,,,0.0,,,
2025-05-31 12:36:50+00:00,,,0.0,,,
2025-05-31 12:36:52+00:00,,,0.0,,,
2025-05-31 12:36:54+00:00,,,0.0,,,
2025-05-31 12:36:56+00:00,,,0.0,,,
2025-05-31 12:36:58+00:00,,,0.0,,,
2025-05-31 12:37:00+00:00,,,0.0,,,
2025-05-31 12:37:02+00:00,,,0.0,,,
2025-05-31 12:37:04+00:00,,,0.0,,,
2025-05-31 12:37:06+00:00,,,0.0,,,
2025-05-31 12:37:08+00:00,,,0.0,,,
2025-05-31 12:37:10+00:00,,,0.0,,,
2025-05-31 12:37:12+00:00,,,0.0,,,
2025-05-31 12:37:14+00:00,,,0.0,,,
2025-05-31 12:37:16+00:00,,,0.0,,,
2025-05-31 12:37:18+00:00,,,0.0,,,
2025-05-31 12:37:20+00:00,,,0.0,,,
2025-05-31 12:37:22+00:00,,,0.0,,,
2025-05-31 12:37:24+00:00,,,0.0,,,
2025-05-31 12:37:26+00:00,,,0.0,,,
2025-05-31 12:37:28+00:00,,,0.0,,,
2025-05-31 12:37:30+00:00,,,0.0,,,
2025-05-31 12:37:32+00:00,,,0.0,,,
2025-05-31 12:37:34+00:00,,,0.0,,,
2025-05-31 12:37:36+00:00,,,0.0,,,
2025-05-31 12:37:38+00:00,,,0.0,,,
2025-05-31 12:37:40+00:00,,,0.0,,,
2025-05-31 12:37:42+00:00,,,0.0,,,
2025-05-31 12:37:44+00:00,,,0.0,,,
2025-05-31 12:37:46+00:00,,,0.0,,,
2025-05-31 12:37:48+00:00,,,0.0,,,
2025-05-31 12:37:50+00:00,,,0.0,,,
2025-05-31 12:37:52+00:00,,,0.0,,,
2025-05-31 12:37:54+00:00,,,0.0,,,
2025-05-31 12:37:56+00:00,,,0.0,,,
2025-05-31 12:37:58+00:00,,,0.0,,,
2025-05-31 12:38:00+00:00,,,0.0,,,
2025-05-31 12:38:02+00:00,,,0.0,,,
2025-05-31 12:38:04+00:00,,,0.0,,,
2025-05-31 12:38:06+00:00,,,0.0,,,
2025-05-31 12:38:08+00:00,,,0.0,,,
2025-05-31 12:38:10+00:00,,,0.0,,,
2025-05-31 12:38:12+00:00,,,0.0,,,
2025-05-31 12:38:14+00:00,,,0.0,,,
2025-05-31 12:38:16+00:00,,,0.0,,,
2025-05-31 12:38:18+00:00,,,0.0,,,
2025-05-31 12:38:20+00:00,,,0.0,,,
2025-05-31 12:38:22+00:00,,,0.0,,,
2025-05-31 12:38:24+00:00,,,0.0,,,
2025-05-31 12:38:26+00:00,,,0.0,,,
2025-05-31 12:38:28+00:00,,,0.0,,,
2025-05-31 12:38:30+00:00,,,0.0,,,
2025-05-31 12:38:32+00:00,,,0.0,,,
2025-05-31 12:38:34+00:00,,,0.0,,,
2025-05-31 12:38:36+00:00,,,0.0,,,
2025-05-31 12:38:38+00:00,,,0.0,,,
2025-05-31 12:38:40+00:00,,,0.0,,,
2025-05-31 12:38:42+00:00,,,0.0,,,
2025-05-31 12:38:44+00:00,,,0.0,,,
2025-05-31 12:38:46+00:00,,,0.0,,,
2025-05-31 12:38:48+00:00,,,0.0,,,
2025-05-31 12:38:50+00:00,,,0.0,,,
2025-05-31 12:38:52+00:00,,,0.0,,,
2025-05-31 12:38:54+00:00,,,0.0,,,
2025-05-31 12:38:56+00:00,,,0.0,,,
2025-05-31 12:38:58+00:00,,,0.0,,,
2025-05-31 12:39:00+00:00,,,0.0,,,
2025-05-31 12:39:02+00:00,,,0.0,,,
2025-05-31 12:39:04+00:00,,,0.0,,,
2025-05-31 12:39:06+00:00,,,0.0,,,
2025-05-31 12:39:08+00:00,,,0.0,,,
2025-05-31 12:39:10+00:00,,,0.0,,,
2025-05-31 12:39:12+00:00,,,0.0,,,
2025-05-31 12:39:14+00:00,,,0.0,,,
2025-05-31 12:39:16+00:00,,,0.0,,,
2025-05-31 12:39:18+00:00,,,0.0,,,
2025-05-31 12:39:20+00:00,,,0.0,,,
2025-05-31 12:39:22+00:00,,,0.0,,,
2025-05-31 12:39:24+00:00,,,0.0,,,
2025-05-31 12:39:26+00:00,,,0.0,,,
2025-05-31 12:39:28+00:00,,,0.0,,,
2025-05-31 12:39:30+00:00,,,0.0,,,
2025-05-31 12:39:32+00:00,,,0.0,,,
2025-05-31 12:39:34+00:00,,,0.0,,,
2025-05-31 12:39:36+00:00,,,0.0,,,
2025-05-31 12:39:38+00:00,,,0.0,,,
2025-05-31 12:39:40+00:00,,,0.0,,,
2025-05-31 12:39:42+00:00,,,0.0,,,
2025-05-31 12:39:44+00:00,,,0.0,,,
2025-05-31 12:39:46+00:00,,,0.0,,,
2025-05-31 12:39:48+00:00,,,0.0,,,
2025-05-31 12:39:50+00:00,,,0.0,,,
2025-05-31 12:39:52+00:00,,,0.0,,,
2025-05-31 12:39:54+00:00,,,0.0,,,
2025-05-31 12:39:56+00:00,,,0.0,,,
2025-05-31 12:39:58+00:00,,,0.0,,,
2025-05-31 12:40:00+00:00,,,0.0,,,
2025-05-31 12:40:02+00:00,,,0.0,,,
2025-05-31 12:40:04+00:00,,,0.0,,,
2025-05-31 12:40:06+00:00,,,0.0,,,
2025-05-31 12:40:08+00:00,,,0.0,,,
2025-05-31 12:40:10+00:00,,,0.0,,,
2025-05-31 12:40:12+00:00,,,0.0,,,
2025-05-31 12:40:14+00:00,,,0.0,,,
2025-05-31 12:40:16+00:00,,,0.0,,,
2025-05-31 12:40:18+00:00,,,0.0,,,
2025-05-31 12:40:20+00:00,,,0.0,,,
2025-05-31 12:40:22+00:00,,,0.0,,,
2025-05-31 12:40:24+00:00,,,0.0,,,
2025-05-31 12:40:26+00:00,,,0.0,,,
2025-05-31 12:40:28+00:00,,,0.0,,,
2025-05-31 12:40:30+00:00,,,0.0,,,
2025-05-31 12:40:32+00:00,,,0.0,,,
2025-05-31 12:40:34+00:00,,,0.0,,,
2025-05-31 12:40:36+00:00,,,0.0,,,
2025-05-31 12:40:38+00:00,,,0.0,,,
2025-05-31 12:40:40+00:00,,,0.0,,,
2025-05-31 12:40:42+00:00,,,0.0,,,
2025-05-31 12:40:44+00:00,,,0.0,,,
2025-05-31 12:40:46+00:00,,,0.0,,,
2025-05-31 12:40:48+00:00,,,0.0,,,
2025-05-31 12:40:50+00:00,,,0.0,,,
2025-05-31 12:40:52+00:00,,,0.0,,,
2025-05-31 12:40:54+00:00,,,0.0,,,
2025-05-31 12:40:56+00:00,,,0.0,,,
2025-05-31 12:40:58+00:00,,,0.0,,,
2025-05-31 12:41:00+00:00,,,0.0,,,
2025-05-31 12:41:02+00:00,,,0.0,,,
2025-05-31 12:41:04+00:00,,,0.0,,,
2025-05-31 12:41:06+00:00,,,0.0,,,
2025-05-31 12:41:08+00:00,,,0.0,,,
2025-05-31 12:41:10+00:00,,,0.0,,,
2025-05-31 12:41:12+00:00,,,0.0,,,
2025-05-31 12:41:14+00:00,,,0.0,,,
2025-05-31 12:41:16+00:00,,,0.0,,,
2025-05-31 12:41:18+00:00,,,0.0,,,
2025-05-31 12:41:20+00:00,,,0.0,,,
2025-05-31 12:41:22+00:00,,,0.0,,,
2025-05-31 12:41:24+00:00,,,0.0,,,
2025-05-31 12:41:26+00:00,,,0.0,,,
2025-05-31 12:41:28+00:00,,,0.0,,,
2025-05-31 12:41:30+00:00,,,0.0,,,
2025-05-31 12:41:32+00:00,,,0.0,,,
2025-05-31 12:41:34+00:00,,,0.0,,,
2025-05-31 12:41:36+00:00,,,0.0,,,
2025-05-31 12:41:38+00:00,,,0.0,,,
2025-05-31 12:41:40+00:00,,,0.0,,,
2025-05-31 12:41:42+00:00,,,0.0,,,
2025-05-31 12:41:44+00:00,,,0.0,,,
2025-05-31 12:41:46+00:00,,,0.0,,,
2025-05-31 12:41:48+00:00,,,0.0,,,
2025-05-31 12:41:50+00:00,,,0.0,,,
2025-05-31 12:41:52+00:00,,,0.0,,,
2025-05-31 12:41:54+00:00,,,0.0,,,
2025-05-31 12:41:56+00:00,,,0.0,,,
2025-05-31 12:41:58+00:00,,,0.0,,,
2025-05-31 12:42:00+00:00,,,0.0,,,
2025-05-31 12:42:02+00:00,,,0.0,,,
2025-05-31 12:42:04+00:00,,,0.0,,,
2025-05-31 12:42:06+00:00,,,0.0,,,
2025-05-31 12:42:08+00:00,,,0.0,,,
2025-05-31 12:42:10+00:00,,,0.0,,,
2025-05-31 12:42:12+00:00,,,0.0,,,
2025-05-31 12:42:14+00:00,,,0.0,,,
2025-05-31 12:42:16+00:00,,,0.0,,,
2025-05-31 12:42:18+00:00,,,0.0,,,
2025-05-31 12:42:20+00:00,,,0.0,,,
2025-05-31 12:42:22+00:00,,,0.0,,,
2025-05-31 12:42:24+00:00,,,0.0,,,
2025-05-31 12:42:26+00:00,,,0.0,,,
2025-05-31 12:42:28+00:00,,,0.0,,,
2025-05-31 12:42:30+00:00,,,0.0,,,
2025-05-31 12:42:32+00:00,,,0.0,,,
2025-05-31 12:42:34+00:00,,,0.0,,,
2025-05-31 12:42:36+00:00,,,0.0,,,
2025-05-31 12:42:38+00:00,,,0.0,,,
2025-05-31 12:42:40+00:00,,,0.0,,,
2025-05-31 12:42:42+00:00,,,0.0,,,
2025-05-31 12:42:44+00:00,,,0.0,,,
2025-05-31 12:42:46+00:00,,,0.0,,,
2025-05-31 12:42:48+00:00,,,0.0,,,
2025-05-31 12:42:50+00:00,,,0.0,,,
2025-05-31 12:42:52+00:00,,,0.0,,,
2025-05-31 12:42:54+00:00,,,0.0,,,
2025-05-31 12:42:56+00:00,,,0.0,,,
2025-05-31 12:42:58+00:00,,,0.0,,,
2025-05-31 12:43:00+00:00,,,0.0,,,
2025-05-31 12:43:02+00:00,,,0.0,,,
2025-05-31 12:43:04+00:00,,,0.0,,,
2025-05-31 12:43:06+00:00,,,0.0,,,
2025-05-31 12:43:08+00:00,,,0.0,,,
2025-05-31 12:43:10+00:00,,,0.0,,,
2025-05-31 12:43:12+00:00,,,0.0,,,
2025-05-31 12:43:14+00:00,,,0.0,,,
2025-05-31 12:43:16+00:00,,,0.0,,,
2025-05-31 12:43:18+00:00,,,0.0,,,
2025-05-31 12:43:20+00:00,,,0.0,,,
2025-05-31 12:43:22+00:00,,,0.0,,,
2025-05-31 12:43:24+00:00,,,0.0,,,
2025-05-31 12:43:26+00:00,,,0.0,,,
2025-05-31 12:43:28+00:00,,,0.0,,,
2025-05-31 12:43:30+00:00,,,0.0,,,
2025-05-31 12:43:32+00:00,,,0.0,,,
2025-05-31 12:43:34+00:00,,,0.0,,,
2025-05-31 12:43:36+00:00,,,0.0,,,
2025-05-31 12:43:38+00:00,,,0.0,,,
2025-05-31 12:43:40+00:00,,,0.0,,,
2025-05-31 12:43:42+00:00,,,0.0,,,
2025-05-31 12:43:44+00:00,,,0.0,,,
2025-05-31 12:43:46+00:00,,,0.0,,,
2025-05-31 12:43:48+00:00,,,0.0,,,
2025-05-31 12:43:50+00:00,,,0.0,,,
2025-05-31 12:43:52+00:00,,,0.0,,,
2025-05-31 12:43:54+00:00,,,0.0,,,
2025-05-31 12:43:56+00:00,,,0.0,,,
2025-05-31 12:43:58+00:00,,,0.0,,,
2025-05-31 12:44:00+00:00,,,0.0,,,
2025-05-31 12:44:02+00:00,,,0.0,,,
2025-05-31 12:44:04+00:00,,,0.0,,,
2025-05-31 12:44:06+00:00,,,0.0,,,
2025-05-31 12:44:08+00:00,,,0.0,,,
2025-05-31 12:44:10+00:00,,,0.0,,,
2025-05-31 12:44:12+00:00,,,0.0,,,
2025-05-31 12:44:14+00:00,,,0.0,,,
2025-05-31 12:44:16+00:00,,,0.0,,,
2025-05-31 12:44:18+00:00,,,0.0,,,
2025-05-31 12:44:20+00:00,,,0.0,,,
2025-05-31 12:44:22+00:00,,,0.0,,,
2025-05-31 12:44:24+00:00,,,0.0,,,
2025-05-31 12:44:26+00:00,,,0.0,,,
2025-05-31 12:44:28+00:00,,,0.0,,,
2025-05-31 12:44:30+00:00,,,0.0,,,
2025-05-31 12:44:32+00:00,,,0.0,,,
2025-05-31 12:44:34+00:00,,,0.0,,,
2025-05-31 12:44:36+00:00,,,0.0,,,
2025-05-31 12:44:38+00:00,,,0.0,,,
2025-05-31 12:44:40+00:00,,,0.0,,,
2025-05-31 12:44:42+00:00,,,0.0,,,
2025-05-31 12:44:44+00:00,,,0.0,,,
2025-05-31 12:44:46+00:00,,,0.0,,,
2025-05-31 12:44:48+00:00,,,0.0,,,
2025-05-31 12:44:50+00:00,,,0.0,,,
2025-05-31 12:44:52+00:00,,,0.0,,,
2025-05-31 12:44:54+00:00,,,0.0,,,
2025-05-31 12:44:56+00:00,,,0.0,,,
2025-05-31 12:44:58+00:00,,,0.0,,,
2025-05-31 12:45:00+00:00,,,0.0,,,
2025-05-31 12:45:02+00:00,,,0.0,,,
2025-05-31 12:45:04+00:00,,,0.0,,,
2025-05-31 12:45:06+00:00,,,0.0,,,
2025-05-31 12:45:08+00:00,,,0.0,,,
2025-05-31 12:45:10+00:00,,,0.0,,,
2025-05-31 12:45:12+00:00,,,0.0,,,
2025-05-31 12:45:14+00:00,,,0.0,,,
2025-05-31 12:45:16+00:00,,,0.0,,,
2025-05-31 12:45:18+00:00,,,0.0,,,
2025-05-31 12:45:20+00:00,,,0.0,,,
2025-05-31 12:45:22+00:00,,,0.0,,,
2025-05-31 12:45:24+00:00,,,0.0,,,
2025-05-31 12:45:26+00:00,,,0.0,,,
2025-05-31 12:45:28+00:00,,,0.0,,,
2025-05-31 12:45:30+00:00,,,0.0,,,
2025-05-31 12:45:32+00:00,,,0.0,,,
2025-05-31 12:45:34+00:00,,,0.0,,,
2025-05-31 12:45:36+00:00,,,0.0,,,
2025-05-31 12:45:38+00:00,,,0.0,,,
2025-05-31 12:45:40+00:00,,,0.0,,,
2025-05-31 12:45:42+00:00,,,0.0,,,
2025-05-31 12:45:44+00:00,,,0.0,,,
2025-05-31 12:45:46+00:00,,,0.0,,,
2025-05-31 12:45:48+00:00,,,0.0,,,
2025-05-31 12:45:50+00:00,,,0.0,,,
2025-05-31 12:45:52+00:00,,,0.0,,,
2025-05-31 12:45:54+00:00,,,0.0,,,
2025-05-31 12:45:56+00:00,,,0.0,,,
2025-05-31 12:45:58+00:00,,,0.0,,,
2025-05-31 12:46:00+00:00,,,0.0,,,
2025-05-31 12:46:02+00:00,,,0.0,,,
2025-05-31 12:46:04+00:00,,,0.0,,,
2025-05-31 12:46:06+00:00,,,0.0,,,
2025-05-31 12:46:08+00:00,,,0.0,,,
2025-05-31 12:46:10+00:00,,,0.0,,,
2025-05-31 12:46:12+00:00,,,0.0,,,
2025-05-31 12:46:14+00:00,,,0.0,,,
2025-05-31 12:46:16+00:00,,,0.0,,,
2025-05-31 12:46:18+00:00,,,0.0,,,
2025-05-31 12:46:20+00:00,,,0.0,,,
2025-05-31 12:46:22+00:00,,,0.0,,,
2025-05-31 12:46:24+00:00,,,0.0,,,
2025-05-31 12:46:26+00:00,,,0.0,,,
2025-05-31 12:46:28+00:00,,,0.0,,,
2025-05-31 12:46:30+00:00,,,0.0,,,
2025-05-31 12:46:32+00:00,,,0.0,,,
2025-05-31 12:46:34+00:00,,,0.0,,,
2025-05-31 12:46:36+00:00,,,0.0,,,
2025-05-31 12:46:38+00:00,,,0.0,,,
2025-05-31 12:46:40+00:00,,,0.0,,,
2025-05-31 12:46:42+00:00,,,0.0,,,
2025-05-31 12:46:44+00:00,,,0.0,,,
2025-05-31 12:46:46+00:00,,,0.0,,,
2025-05-31 12:46:48+00:00,,,0.0,,,
2025-05-31 12:46:50+00:00,,,0.0,,,
2025-05-31 12:46:52+00:00,,,0.0,,,
2025-05-31 12:46:54+00:00,,,0.0,,,
2025-05-31 12:46:56+00:00,,,0.0,,,
2025-05-31 12:46:58+00:00,,,0.0,,,
2025-05-31 12:47:00+00:00,,,0.0,,,
2025-05-31 12:47:02+00:00,,,0.0,,,
2025-05-31 12:47:04+00:00,,,0.0,,,
2025-05-31 12:47:06+00:00,,,0.0,,,
2025-05-31 12:47:08+00:00,,,0.0,,,
2025-05-31 12:47:10+00:00,,,0.0,,,
2025-05-31 12:47:12+00:00,,,0.0,,,
2025-05-31 12:47:14+00:00,,,0.0,,,
2025-05-31 12:47:16+00:00,,,0.0,,,
2025-05-31 12:47:18+00:00,,,0.0,,,
2025-05-31 12:47:20+00:00,,,0.0,,,
2025-05-31 12:47:22+00:00,,,0.0,,,
2025-05-31 12:47:24+00:00,,,0.0,,,
2025-05-31 12:47:26+00:00,,,0.0,,,
2025-05-31 12:47:28+00:00,,,0.0,,,
2025-05-31 12:47:30+00:00,,,0.0,,,
2025-05-31 12:47:32+00:00,,,0.0,,,
2025-05-31 12:47:34+00:00,,,0.0,,,
2025-05-31 12:47:36+00:00,,,0.0,,,
2025-05-31 12:47:38+00:00,,,0.0,,,
2025-05-31 12:47:40+00:00,,,0.0,,,
2025-05-31 12:47:42+00:00,,,0.0,,,
2025-05-31 12:47:44+00:00,,,0.0,,,
2025-05-31 12:47:46+00:00,,,0.0,,,
2025-05-31 12:47:48+00:00,,,0.0,,,
2025-05-31 12:47:50+00:00,,,0.0,,,
2025-05-31 12:47:52+00:00,,,0.0,,,
2025-05-31 12:47:54+00:00,,,0.0,,,
2025-05-31 12:47:56+00:00,,,0.0,,,
2025-05-31 12:47:58+00:00,,,0.0,,,
2025-05-31 12:48:00+00:00,,,0.0,,,
2025-05-31 12:48:02+00:00,,,0.0,,,
2025-05-31 12:48:04+00:00,,,0.0,,,
2025-05-31 12:48:06+00:00,,,0.0,,,
2025-05-31 12:48:08+00:00,,,0.0,,,
2025-05-31 12:48:10+00:00,,,0.0,,,
2025-05-31 12:48:12+00:00,,,0.0,,,
2025-05-31 12:48:14+00:00,,,0.0,,,
2025-05-31 12:48:16+00:00,,,0.0,,,
2025-05-31 12:48:18+00:00,,,0.0,,,
2025-05-31 12:48:20+00:00,,,0.0,,,
2025-05-31 12:48:22+00:00,,,0.0,,,
2025-05-31 12:48:24+00:00,,,0.0,,,
2025-05-31 12:48:26+00:00,,,0.0,,,
2025-05-31 12:48:28+00:00,,,0.0,,,
2025-05-31 12:48:30+00:00,,,0.0,,,
2025-05-31 12:48:32+00:00,,,0.0,,,
2025-05-31 12:48:34+00:00,,,0.0,,,
2025-05-31 12:48:36+00:00,,,0.0,,,
2025-05-31 12:48:38+00:00,,,0.0,,,
2025-05-31 12:48:40+00:00,,,0.0,,,
2025-05-31 12:48:42+00:00,,,0.0,,,
2025-05-31 12:48:44+00:00,,,0.0,,,
2025-05-31 12:48:46+00:00,,,0.0,,,
2025-05-31 12:48:48+00:00,,,0.0,,,
2025-05-31 12:48:50+00:00,,,0.0,,,
2025-05-31 12:48:52+00:00,,,0.0,,,
2025-05-31 12:48:54+00:00,,,0.0,,,
2025-05-31 12:48:56+00:00,,,0.0,,,
2025-05-31 12:48:58+00:00,,,0.0,,,
2025-05-31 12:49:00+00:00,,,0.0,,,
2025-05-31 12:49:02+00:00,,,0.0,,,
2025-05-31 12:49:04+00:00,,,0.0,,,
2025-05-31 12:49:06+00:00,,,0.0,,,
2025-05-31 12:49:08+00:00,,,0.0,,,
2025-05-31 12:49:10+00:00,,,0.0,,,
2025-05-31 12:49:12+00:00,,,0.0,,,
2025-05-31 12:49:14+00:00,,,0.0,,,
2025-05-31 12:49:16+00:00,,,0.0,,,
2025-05-31 12:49:18+00:00,,,0.0,,,
2025-05-31 12:49:20+00:00,,,0.0,,,
2025-05-31 12:49:22+00:00,,,0.0,,,
2025-05-31 12:49:24+00:00,,,0.0,,,
2025-05-31 12:49:26+00:00,,,0.0,,,
2025-05-31 12:49:28+00:00,,,0.0,,,
2025-05-31 12:49:30+00:00,,,0.0,,,
2025-05-31 12:49:32+00:00,,,0.0,,,
2025-05-31 12:49:34+00:00,,,0.0,,,
2025-05-31 12:49:36+00:00,,,0.0,,,
2025-05-31 12:49:38+00:00,,,0.0,,,
2025-05-31 12:49:40+00:00,,,0.0,,,
2025-05-31 12:49:42+00:00,,,0.0,,,
2025-05-31 12:49:44+00:00,,,0.0,,,
2025-05-31 12:49:46+00:00,,,0.0,,,
2025-05-31 12:49:48+00:00,,,0.0,,,
2025-05-31 12:49:50+00:00,,,0.0,,,
2025-05-31 12:49:52+00:00,,,0.0,,,
2025-05-31 12:49:54+00:00,,,0.0,,,
2025-05-31 12:49:56+00:00,,,0.0,,,
2025-05-31 12:49:58+00:00,,,0.0,,,
2025-05-31 12:50:00+00:00,,,0.0,,,
2025-05-31 12:50:02+00:00,,,0.0,,,
2025-05-31 12:50:04+00:00,,,0.0,,,
2025-05-31 12:50:06+00:00,,,0.0,,,
2025-05-31 12:50:08+00:00,,,0.0,,,
2025-05-31 12:50:10+00:00,,,0.0,,,
2025-05-31 12:50:12+00:00,,,0.0,,,
2025-05-31 12:50:14+00:00,,,0.0,,,
2025-05-31 12:50:16+00:00,,,0.0,,,
2025-05-31 12:50:18+00:00,,,0.0,,,
2025-05-31 12:50:20+00:00,,,0.0,,,
2025-05-31 12:50:22+00:00,,,0.0,,,
2025-05-31 12:50:24+00:00,,,0.0,,,
2025-05-31 12:50:26+00:00,,,0.0,,,
2025-05-31 12:50:28+00:00,,,0.0,,,
2025-05-31 12:50:30+00:00,,,0.0,,,
2025-05-31 12:50:32+00:00,,,0.0,,,
2025-05-31 12:50:34+00:00,,,0.0,,,
2025-05-31 12:50:36+00:00,,,0.0,,,
2025-05-31 12:50:38+00:00,,,0.0,,,
2025-05-31 12:50:40+00:00,,,0.0,,,
2025-05-31 12:50:42+00:00,,,0.0,,,
2025-05-31 12:50:44+00:00,,,0.0,,,
2025-05-31 12:50:46+00:00,,,0.0,,,
2025-05-31 12:50:48+00:00,,,0.0,,,
2025-05-31 12:50:50+00:00,,,0.0,,,
2025-05-31 12:50:52+00:00,,,0.0,,,
2025-05-31 12:50:54+00:00,,,0.0,,,
2025-05-31 12:50:56+00:00,,,0.0,,,
2025-05-31 12:50:58+00:00,,,0.0,,,
2025-05-31 12:51:00+00:00,,,0.0,,,
2025-05-31 12:51:02+00:00,,,0.0,,,
2025-05-31 12:51:04+00:00,,,0.0,,,
2025-05-31 12:51:06+00:00,,,0.0,,,
2025-05-31 12:51:08+00:00,,,0.0,,,
2025-05-31 12:51:10+00:00,,,0.0,,,
2025-05-31 12:51:12+00:00,,,0.0,,,
2025-05-31 12:51:14+00:00,,,0.0,,,
2025-05-31 12:51:16+00:00,,,0.0,,,
2025-05-31 12:51:18+00:00,,,0.0,,,
2025-05-31 12:51:20+00:00,,,0.0,,,
2025-05-31 12:51:22+00:00,,,0.0,,,
2025-05-31 12:51:24+00:00,,,0.0,,,
2025-05-31 12:51:26+00:00,,,0.0,,,
2025-05-31 12:51:28+00:00,,,0.0,,,
2025-05-31 12:51:30+00:00,,,0.0,,,
2025-05-31 12:51:32+00:00,,,0.0,,,
2025-05-31 12:51:34+00:00,,,0.0,,,
2025-05-31 12:51:36+00:00,,,0.0,,,
2025-05-31 12:51:38+00:00,,,0.0,,,
2025-05-31 12:51:40+00:00,,,0.0,,,
2025-05-31 12:51:42+00:00,,,0.0,,,
2025-05-31 12:51:44+00:00,,,0.0,,,
2025-05-31 12:51:46+00:00,,,0.0,,,
2025-05-31 12:51:48+00:00,,,0.0,,,
2025-05-31 12:51:50+00:00,,,0.0,,,
2025-05-31 12:51:52+00:00,,,0.0,,,
2025-05-31 12:51:54+00:00,,,0.0,,,
2025-05-31 12:51:56+00:00,,,0.0,,,
2025-05-31 12:51:58+00:00,,,0.0,,,
2025-05-31 12:52:00+00:00,,,0.0,,,
2025-05-31 12:52:02+00:00,,,0.0,,,
2025-05-31 12:52:04+00:00,,,0.0,,,
2025-05-31 12:52:06+00:00,,,0.0,,,
2025-05-31 12:52:08+00:00,,,0.0,,,
2025-05-31 12:52:10+00:00,,,0.0,,,
2025-05-31 12:52:12+00:00,,,0.0,,,
2025-05-31 12:52:14+00:00,,,0.0,,,
2025-05-31 12:52:16+00:00,,,0.0,,,
2025-05-31 12:52:18+00:00,,,0.0,,,
2025-05-31 12:52:20+00:00,,,0.0,,,
2025-05-31 12:52:22+00:00,,,0.0,,,
2025-05-31 12:52:24+00:00,,,0.0,,,
2025-05-31 12:52:26+00:00,,,0.0,,,
2025-05-31 12:52:28+00:00,,,0.0,,,
2025-05-31 12:52:30+00:00,,,0.0,,,
2025-05-31 12:52:32+00:00,,,0.0,,,
2025-05-31 12:52:34+00:00,,,0.0,,,
2025-05-31 12:52:36+00:00,,,0.0,,,
2025-05-31 12:52:38+00:00,,,0.0,,,
2025-05-31 12:52:40+00:00,,,0.0,,,
2025-05-31 12:52:42+00:00,,,0.0,,,
2025-05-31 12:52:44+00:00,,,0.0,,,
2025-05-31 12:52:46+00:00,,,0.0,,,
2025-05-31 12:52:48+00:00,,,0.0,,,
2025-05-31 12:52:50+00:00,,,0.0,,,
2025-05-31 12:52:52+00:00,,,0.0,,,
2025-05-31 12:52:54+00:00,,,0.0,,,
2025-05-31 12:52:56+00:00,,,0.0,,,
2025-05-31 12:52:58+00:00,,,0.0,,,
2025-05-31 12:53:00+00:00,,,0.0,,,
2025-05-31 12:53:02+00:00,,,0.0,,,
2025-05-31 12:53:04+00:00,,,0.0,,,
2025-05-31 12:53:06+00:00,,,0.0,,,
2025-05-31 12:53:08+00:00,,,0.0,,,
2025-05-31 12:53:10+00:00,,,0.0,,,
2025-05-31 12:53:12+00:00,,,0.0,,,
2025-05-31 12:53:14+00:00,,,0.0,,,
2025-05-31 12:53:16+00:00,,,0.0,,,
2025-05-31 12:53:18+00:00,,,0.0,,,
2025-05-31 12:53:20+00:00,,,0.0,,,
2025-05-31 12:53:22+00:00,,,0.0,,,
2025-05-31 12:53:24+00:00,,,0.0,,,
2025-05-31 12:53:26+00:00,,,0.0,,,
2025-05-31 12:53:28+00:00,,,0.0,,,
2025-05-31 12:53:30+00:00,,,0.0,,,
2025-05-31 12:53:32+00:00,,,0.0,,,
2025-05-31 12:53:34+00:00,,,0.0,,,
2025-05-31 12:53:36+00:00,,,0.0,,,
2025-05-31 12:53:38+00:00,,,0.0,,,
2025-05-31 12:53:40+00:00,,,0.0,,,
2025-05-31 12:53:42+00:00,,,0.0,,,
2025-05-31 12:53:44+00:00,,,0.0,,,
2025-05-31 12:53:46+00:00,,,0.0,,,
2025-05-31 12:53:48+00:00,,,0.0,,,
2025-05-31 12:53:50+00:00,,,0.0,,,
2025-05-31 12:53:52+00:00,,,0.0,,,
2025-05-31 12:53:54+00:00,,,0.0,,,
2025-05-31 12:53:56+00:00,,,0.0,,,
2025-05-31 12:53:58+00:00,,,0.0,,,
2025-05-31 12:54:00+00:00,,,0.0,,,
2025-05-31 12:54:02+00:00,,,0.0,,,
2025-05-31 12:54:04+00:00,,,0.0,,,
2025-05-31 12:54:06+00:00,,,0.0,,,
2025-05-31 12:54:08+00:00,,,0.0,,,
2025-05-31 12:54:10+00:00,,,0.0,,,
2025-05-31 12:54:12+00:00,,,0.0,,,
2025-05-31 12:54:14+00:00,,,0.0,,,
2025-05-31 12:54:16+00:00,,,0.0,,,
2025-05-31 12:54:18+00:00,,,0.0,,,
2025-05-31 12:54:20+00:00,,,0.0,,,
2025-05-31 12:54:22+00:00,,,0.0,,,
2025-05-31 12:54:24+00:00,,,0.0,,,
2025-05-31 12:54:26+00:00,,,0.0,,,
2025-05-31 12:54:28+00:00,,,0.0,,,
2025-05-31 12:54:30+00:00,,,0.0,,,
2025-05-31 12:54:32+00:00,,,0.0,,,
2025-05-31 12:54:34+00:00,,,0.0,,,
2025-05-31 12:54:36+00:00,,,0.0,,,
2025-05-31 12:54:38+00:00,,,0.0,,,
2025-05-31 12:54:40+00:00,,,0.0,,,
2025-05-31 12:54:42+00:00,,,0.0,,,
2025-05-31 12:54:44+00:00,,,0.0,,,
2025-05-31 12:54:46+00:00,,,0.0,,,
2025-05-31 12:54:48+00:00,,,0.0,,,
2025-05-31 12:54:50+00:00,,,0.0,,,
2025-05-31 12:54:52+00:00,,,0.0,,,
2025-05-31 12:54:54+00:00,,,0.0,,,
2025-05-31 12:54:56+00:00,,,0.0,,,
2025-05-31 12:54:58+00:00,,,0.0,,,
2025-05-31 12:55:00+00:00,,,0.0,,,
2025-05-31 12:55:02+00:00,,,0.0,,,
2025-05-31 12:55:04+00:00,,,0.0,,,
2025-05-31 12:55:06+00:00,,,0.0,,,
2025-05-31 12:55:08+00:00,,,0.0,,,
2025-05-31 12:55:10+00:00,,,0.0,,,
2025-05-31 12:55:12+00:00,,,0.0,,,
2025-05-31 12:55:14+00:00,,,0.0,,,
2025-05-31 12:55:16+00:00,,,0.0,,,
2025-05-31 12:55:18+00:00,,,0.0,,,
2025-05-31 12:55:20+00:00,,,0.0,,,
2025-05-31 12:55:22+00:00,,,0.0,,,
2025-05-31 12:55:24+00:00,,,0.0,,,
2025-05-31 12:55:26+00:00,,,0.0,,,
2025-05-31 12:55:28+00:00,,,0.0,,,
2025-05-31 12:55:30+00:00,,,0.0,,,
2025-05-31 12:55:32+00:00,,,0.0,,,
2025-05-31 12:55:34+00:00,,,0.0,,,
2025-05-31 12:55:36+00:00,,,0.0,,,
2025-05-31 12:55:38+00:00,,,0.0,,,
2025-05-31 12:55:40+00:00,,,0.0,,,
2025-05-31 12:55:42+00:00,,,0.0,,,
2025-05-31 12:55:44+00:00,,,0.0,,,
2025-05-31 12:55:46+00:00,,,0.0,,,
2025-05-31 12:55:48+00:00,,,0.0,,,
2025-05-31 12:55:50+00:00,,,0.0,,,
2025-05-31 12:55:52+00:00,,,0.0,,,
2025-05-31 12:55:54+00:00,,,0.0,,,
2025-05-31 12:55:56+00:00,,,0.0,,,
2025-05-31 12:55:58+00:00,,,0.0,,,
2025-05-31 12:56:00+00:00,,,0.0,,,
2025-05-31 12:56:02+00:00,,,0.0,,,
2025-05-31 12:56:04+00:00,,,0.0,,,
2025-05-31 12:56:06+00:00,,,0.0,,,
2025-05-31 12:56:08+00:00,,,0.0,,,
2025-05-31 12:56:10+00:00,,,0.0,,,
2025-05-31 12:56:12+00:00,,,0.0,,,
2025-05-31 12:56:14+00:00,,,0.0,,,
2025-05-31 12:56:16+00:00,,,0.0,,,
2025-05-31 12:56:18+00:00,,,0.0,,,
2025-05-31 12:56:20+00:00,,,0.0,,,
2025-05-31 12:56:22+00:00,,,0.0,,,
2025-05-31 12:56:24+00:00,,,0.0,,,
2025-05-31 12:56:26+00:00,,,0.0,,,
2025-05-31 12:56:28+00:00,,,0.0,,,
2025-05-31 12:56:30+00:00,,,0.0,,,
2025-05-31 12:56:32+00:00,,,0.0,,,
2025-05-31 12:56:34+00:00,,,0.0,,,
2025-05-31 12:56:36+00:00,,,0.0,,,
2025-05-31 12:56:38+00:00,,,0.0,,,
2025-05-31 12:56:40+00:00,,,0.0,,,
2025-05-31 12:56:42+00:00,,,0.0,,,
2025-05-31 12:56:44+00:00,,,0.0,,,
2025-05-31 12:56:46+00:00,,,0.0,,,
2025-05-31 12:56:48+00:00,,,0.0,,,
2025-05-31 12:56:50+00:00,,,0.0,,,
2025-05-31 12:56:52+00:00,,,0.0,,,
2025-05-31 12:56:54+00:00,,,0.0,,,
2025-05-31 12:56:56+00:00,,,0.0,,,
2025-05-31 12:56:58+00:00,,,0.0,,,
2025-05-31 12:57:00+00:00,,,0.0,,,
2025-05-31 12:57:02+00:00,,,0.0,,,
2025-05-31 12:57:04+00:00,,,0.0,,,
2025-05-31 12:57:06+00:00,,,0.0,,,
2025-05-31 12:57:08+00:00,,,0.0,,,
2025-05-31 12:57:10+00:00,,,0.0,,,
2025-05-31 12:57:12+00:00,,,0.0,,,
2025-05-31 12:57:14+00:00,,,0.0,,,
2025-05-31 12:57:16+00:00,,,0.0,,,
2025-05-31 12:57:18+00:00,,,0.0,,,
2025-05-31 12:57:20+00:00,,,0.0,,,
2025-05-31 12:57:22+00:00,,,0.0,,,
2025-05-31 12:57:24+00:00,,,0.0,,,
2025-05-31 12:57:26+00:00,,,0.0,,,
2025-05-31 12:57:28+00:00,,,0.0,,,
2025-05-31 12:57:30+00:00,,,0.0,,,
2025-05-31 12:57:32+00:00,,,0.0,,,
2025-05-31 12:57:34+00:00,,,0.0,,,
2025-05-31 12:57:36+00:00,,,0.0,,,
2025-05-31 12:57:38+00:00,,,0.0,,,
2025-05-31 12:57:40+00:00,,,0.0,,,
2025-05-31 12:57:42+00:00,,,0.0,,,
2025-05-31 12:57:44+00:00,,,0.0,,,
2025-05-31 12:57:46+00:00,,,0.0,,,
2025-05-31 12:57:48+00:00,,,0.0,,,
2025-05-31 12:57:50+00:00,,,0.0,,,
2025-05-31 12:57:52+00:00,,,0.0,,,
2025-05-31 12:57:54+00:00,,,0.0,,,
2025-05-31 12:57:56+00:00,,,0.0,,,
2025-05-31 12:57:58+00:00,,,0.0,,,
2025-05-31 12:58:00+00:00,,,0.0,,,
2025-05-31 12:58:02+00:00,,,0.0,,,
2025-05-31 12:58:04+00:00,,,0.0,,,
2025-05-31 12:58:06+00:00,,,0.0,,,
2025-05-31 12:58:08+00:00,,,0.0,,,
2025-05-31 12:58:10+00:00,,,0.0,,,
2025-05-31 12:58:12+00:00,,,0.0,,,
2025-05-31 12:58:14+00:00,,,0.0,,,
2025-05-31 12:58:16+00:00,,,0.0,,,
2025-05-31 12:58:18+00:00,,,0.0,,,
2025-05-31 12:58:20+00:00,,,0.0,,,
2025-05-31 12:58:22+00:00,,,0.0,,,
2025-05-31 12:58:24+00:00,,,0.0,,,
2025-05-31 12:58:26+00:00,,,0.0,,,
2025-05-31 12:58:28+00:00,,,0.0,,,
2025-05-31 12:58:30+00:00,,,0.0,,,
2025-05-31 12:58:32+00:00,,,0.0,,,
2025-05-31 12:58:34+00:00,,,0.0,,,
2025-05-31 12:58:36+00:00,,,0.0,,,
2025-05-31 12:58:38+00:00,,,0.0,,,
2025-05-31 12:58:40+00:00,,,0.0,,,
2025-05-31 12:58:42+00:00,,,0.0,,,
2025-05-31 12:58:44+00:00,,,0.0,,,
2025-05-31 12:58:46+00:00,,,0.0,,,
2025-05-31 12:58:48+00:00,,,0.0,,,
2025-05-31 12:58:50+00:00,,,0.0,,,
2025-05-31 12:58:52+00:00,,,0.0,,,
2025-05-31 12:58:54+00:00,,,0.0,,,
2025-05-31 12:58:56+00:00,,,0.0,,,
2025-05-31 12:58:58+00:00,,,0.0,,,
2025-05-31 12:59:00+00:00,,,0.0,,,
2025-05-31 12:59:02+00:00,,,0.0,,,
2025-05-31 12:59:04+00:00,,,0.0,,,
2025-05-31 12:59:06+00:00,,,0.0,,,
2025-05-31 12:59:08+00:00,,,0.0,,,
2025-05-31 12:59:10+00:00,,,0.0,,,
2025-05-31 12:59:12+00:00,,,0.0,,,
2025-05-31 12:59:14+00:00,,,0.0,,,
2025-05-31 12:59:16+00:00,,,0.0,,,
2025-05-31 12:59:18+00:00,,,0.0,,,
2025-05-31 12:59:20+00:00,,,0.0,,,
2025-05-31 12:59:22+00:00,,,0.0,,,
2025-05-31 12:59:24+00:00,,,0.0,,,
2025-05-31 12:59:26+00:00,,,0.0,,,
2025-05-31 12:59:28+00:00,,,0.0,,,
2025-05-31 12:59:30+00:00,,,0.0,,,
2025-05-31 12:59:32+00:00,,,0.0,,,
2025-05-31 12:59:34+00:00,,,0.0,,,
2025-05-31 12:59:36+00:00,,,0.0,,,
2025-05-31 12:59:38+00:00,,,0.0,,,
2025-05-31 12:59:40+00:00,,,0.0,,,
2025-05-31 12:59:42+00:00,,,0.0,,,
2025-05-31 12:59:44+00:00,,,0.0,,,
2025-05-31 12:59:46+00:00,,,0.0,,,
2025-05-31 12:59:48+00:00,,,0.0,,,
2025-05-31 12:59:50+00:00,,,0.0,,,
2025-05-31 12:59:52+00:00,,,0.0,,,
2025-05-31 12:59:54+00:00,,,0.0,,,
2025-05-31 12:59:56+00:00,,,0.0,,,
2025-05-31 12:59:58+00:00,,,0.0,,,
2025-05-31 13:00:00+00:00,,,0.0,,,
2025-05-31 13:00:02+00:00,,,0.0,,,
2025-05-31 13:00:04+00:00,,,0.0,,,
2025-05-31 13:00:06+00:00,,,0.0,,,
2025-05-31 13:00:08+00:00,,,0.0,,,
2025-05-31 13:00:10+00:00,,,0.0,,,
2025-05-31 13:00:12+00:00,,,0.0,,,
2025-05-31 13:00:14+00:00,,,0.0,,,
2025-05-31 13:00:16+00:00,,,0.0,,,
2025-05-31 13:00:18+00:00,,,0.0,,,
2025-05-31 13:00:20+00:00,,,0.0,,,
2025-05-31 13:00:22+00:00,,,0.0,,,
2025-05-31 13:00:24+00:00,,,0.0,,,
2025-05-31 13:00:26+00:00,,,0.0,,,
2025-05-31 13:00:28+00:00,,,0.0,,,
2025-05-31 13:00:30+00:00,,,0.0,,,
2025-05-31 13:00:32+00:00,,,0.0,,,
2025-05-31 13:00:34+00:00,,,0.0,,,
2025-05-31 13:00:36+00:00,,,0.0,,,
2025-05-31 13:00:38+00:00,,,0.0,,,
2025-05-31 13:00:40+00:00,,,0.0,,,
2025-05-31 13:00:42+00:00,,,0.0,,,
2025-05-31 13:00:44+00:00,,,0.0,,,
2025-05-31 13:00:46+00:00,,,0.0,,,
2025-05-31 13:00:48+00:00,,,0.0,,,
2025-05-31 13:00:50+00:00,,,0.0,,,
2025-05-31 13:00:52+00:00,,,0.0,,,
2025-05-31 13:00:54+00:00,,,0.0,,,
2025-05-31 13:00:56+00:00,,,0.0,,,
2025-05-31 13:00:58+00:00,,,0.0,,,
2025-05-31 13:01:00+00:00,,,0.0,,,
2025-05-31 13:01:02+00:00,,,0.0,,,
2025-05-31 13:01:04+00:00,,,0.0,,,
2025-05-31 13:01:06+00:00,,,0.0,,,
2025-05-31 13:01:08+00:00,,,0.0,,,
2025-05-31 13:01:10+00:00,,,0.0,,,
2025-05-31 13:01:12+00:00,,,0.0,,,
2025-05-31 13:01:14+00:00,,,0.0,,,
2025-05-31 13:01:16+00:00,,,0.0,,,
2025-05-31 13:01:18+00:00,,,0.0,,,
2025-05-31 13:01:20+00:00,,,0.0,,,
2025-05-31 13:01:22+00:00,,,0.0,,,
2025-05-31 13:01:24+00:00,,,0.0,,,
2025-05-31 13:01:26+00:00,,,0.0,,,
2025-05-31 13:01:28+00:00,,,0.0,,,
2025-05-31 13:01:30+00:00,,,0.0,,,
2025-05-31 13:01:32+00:00,,,0.0,,,
2025-05-31 13:01:34+00:00,,,0.0,,,
2025-05-31 13:01:36+00:00,,,0.0,,,
2025-05-31 13:01:38+00:00,,,0.0,,,
2025-05-31 13:01:40+00:00,,,0.0,,,
2025-05-31 13:01:42+00:00,,,0.0,,,
2025-05-31 13:01:44+00:00,,,0.0,,,
2025-05-31 13:01:46+00:00,,,0.0,,,
2025-05-31 13:01:48+00:00,,,0.0,,,
2025-05-31 13:01:50+00:00,,,0.0,,,
2025-05-31 13:01:52+00:00,,,0.0,,,
2025-05-31 13:01:54+00:00,,,0.0,,,
2025-05-31 13:01:56+00:00,,,0.0,,,
2025-05-31 13:01:58+00:00,,,0.0,,,
2025-05-31 13:02:00+00:00,,,0.0,,,
2025-05-31 13:02:02+00:00,,,0.0,,,
2025-05-31 13:02:04+00:00,,,0.0,,,
2025-05-31 13:02:06+00:00,,,0.0,,,
2025-05-31 13:02:08+00:00,,,0.0,,,
2025-05-31 13:02:10+00:00,,,0.0,,,
2025-05-31 13:02:12+00:00,,,0.0,,,
2025-05-31 13:02:14+00:00,,,0.0,,,
2025-05-31 13:02:16+00:00,,,0.0,,,
2025-05-31 13:02:18+00:00,,,0.0,,,
2025-05-31 13:02:20+00:00,,,0.0,,,
2025-05-31 13:02:22+00:00,,,0.0,,,
2025-05-31 13:02:24+00:00,,,0.0,,,
2025-05-31 13:02:26+00:00,,,0.0,,,
2025-05-31 13:02:28+00:00,,,0.0,,,
2025-05-31 13:02:30+00:00,,,0.0,,,
2025-05-31 13:02:32+00:00,,,0.0,,,
2025-05-31 13:02:34+00:00,,,0.0,,,
2025-05-31 13:02:36+00:00,,,0.0,,,
2025-05-31 13:02:38+00:00,,,0.0,,,
2025-05-31 13:02:40+00:00,,,0.0,,,
2025-05-31 13:02:42+00:00,,,0.0,,,
2025-05-31 13:02:44+00:00,,,0.0,,,
2025-05-31 13:02:46+00:00,,,0.0,,,
2025-05-31 13:02:48+00:00,,,0.0,,,
2025-05-31 13:02:50+00:00,,,0.0,,,
2025-05-31 13:02:52+00:00,,,0.0,,,
2025-05-31 13:02:54+00:00,,,0.0,,,
2025-05-31 13:02:56+00:00,,,0.0,,,
2025-05-31 13:02:58+00:00,,,0.0,,,
2025-05-31 13:03:00+00:00,,,0.0,,,
2025-05-31 13:03:02+00:00,,,0.0,,,
2025-05-31 13:03:04+00:00,,,0.0,,,
2025-05-31 13:03:06+00:00,,,0.0,,,
2025-05-31 13:03:08+00:00,,,0.0,,,
2025-05-31 13:03:10+00:00,,,0.0,,,
2025-05-31 13:03:12+00:00,,,0.0,,,
2025-05-31 13:03:14+00:00,,,0.0,,,
2025-05-31 13:03:16+00:00,,,0.0,,,
2025-05-31 13:03:18+00:00,,,0.0,,,
2025-05-31 13:03:20+00:00,,,0.0,,,
2025-05-31 13:03:22+00:00,,,0.0,,,
2025-05-31 13:03:24+00:00,,,0.0,,,
2025-05-31 13:03:26+00:00,,,0.0,,,
2025-05-31 13:03:28+00:00,,,0.0,,,
2025-05-31 13:03:30+00:00,,,0.0,,,
2025-05-31 13:03:32+00:00,,,0.0,,,
2025-05-31 13:03:34+00:00,,,0.0,,,
2025-05-31 13:03:36+00:00,,,0.0,,,
2025-05-31 13:03:38+00:00,,,0.0,,,
2025-05-31 13:03:40+00:00,,,0.0,,,
2025-05-31 13:03:42+00:00,,,0.0,,,
2025-05-31 13:03:44+00:00,,,0.0,,,
2025-05-31 13:03:46+00:00,,,0.0,,,
2025-05-31 13:03:48+00:00,,,0.0,,,
2025-05-31 13:03:50+00:00,,,0.0,,,
2025-05-31 13:03:52+00:00,,,0.0,,,
2025-05-31 13:03:54+00:00,,,0.0,,,
2025-05-31 13:03:56+00:00,,,0.0,,,
2025-05-31 13:03:58+00:00,,,0.0,,,
2025-05-31 13:04:00+00:00,,,0.0,,,
2025-05-31 13:04:02+00:00,,,0.0,,,
2025-05-31 13:04:04+00:00,,,0.0,,,
2025-05-31 13:04:06+00:00,,,0.0,,,
2025-05-31 13:04:08+00:00,,,0.0,,,
2025-05-31 13:04:10+00:00,,,0.0,,,
2025-05-31 13:04:12+00:00,,,0.0,,,
2025-05-31 13:04:14+00:00,,,0.0,,,
2025-05-31 13:04:16+00:00,,,0.0,,,
2025-05-31 13:04:18+00:00,,,0.0,,,
2025-05-31 13:04:20+00:00,,,0.0,,,
2025-05-31 13:04:22+00:00,,,0.0,,,
2025-05-31 13:04:24+00:00,,,0.0,,,
2025-05-31 13:04:26+00:00,,,0.0,,,
2025-05-31 13:04:28+00:00,,,0.0,,,
2025-05-31 13:04:30+00:00,,,0.0,,,
2025-05-31 13:04:32+00:00,,,0.0,,,
2025-05-31 13:04:34+00:00,,,0.0,,,
2025-05-31 13:04:36+00:00,,,0.0,,,
2025-05-31 13:04:38+00:00,,,0.0,,,
2025-05-31 13:04:40+00:00,,,0.0,,,
2025-05-31 13:04:42+00:00,,,0.0,,,
2025-05-31 13:04:44+00:00,,,0.0,,,
2025-05-31 13:04:46+00:00,,,0.0,,,
2025-05-31 13:04:48+00:00,,,0.0,,,
2025-05-31 13:04:50+00:00,,,0.0,,,
2025-05-31 13:04:52+00:00,,,0.0,,,
2025-05-31 13:04:54+00:00,,,0.0,,,
2025-05-31 13:04:56+00:00,,,0.0,,,
2025-05-31 13:04:58+00:00,,,0.0,,,
2025-05-31 13:05:00+00:00,,,0.0,,,
2025-05-31 13:05:02+00:00,,,0.0,,,
2025-05-31 13:05:04+00:00,,,0.0,,,
2025-05-31 13:05:06+00:00,,,0.0,,,
2025-05-31 13:05:08+00:00,,,0.0,,,
2025-05-31 13:05:10+00:00,,,0.0,,,
2025-05-31 13:05:12+00:00,,,0.0,,,
2025-05-31 13:05:14+00:00,,,0.0,,,
2025-05-31 13:05:16+00:00,,,0.0,,,
2025-05-31 13:05:18+00:00,,,0.0,,,
2025-05-31 13:05:20+00:00,,,0.0,,,
2025-05-31 13:05:22+00:00,,,0.0,,,
2025-05-31 13:05:24+00:00,,,0.0,,,
2025-05-31 13:05:26+00:00,,,0.0,,,
2025-05-31 13:05:28+00:00,,,0.0,,,
2025-05-31 13:05:30+00:00,,,0.0,,,
2025-05-31 13:05:32+00:00,,,0.0,,,
2025-05-31 13:05:34+00:00,,,0.0,,,
2025-05-31 13:05:36+00:00,,,0.0,,,
2025-05-31 13:05:38+00:00,,,0.0,,,
2025-05-31 13:05:40+00:00,,,0.0,,,
2025-05-31 13:05:42+00:00,,,0.0,,,
2025-05-31 13:05:44+00:00,,,0.0,,,
2025-05-31 13:05:46+00:00,,,0.0,,,
2025-05-31 13:05:48+00:00,,,0.0,,,
2025-05-31 13:05:50+00:00,,,0.0,,,
2025-05-31 13:05:52+00:00,,,0.0,,,
2025-05-31 13:05:54+00:00,,,0.0,,,
2025-05-31 13:05:56+00:00,,,0.0,,,
2025-05-31 13:05:58+00:00,,,0.0,,,
2025-05-31 13:06:00+00:00,,,0.0,,,
2025-05-31 13:06:02+00:00,,,0.0,,,
2025-05-31 13:06:04+00:00,,,0.0,,,
2025-05-31 13:06:06+00:00,,,0.0,,,
2025-05-31 13:06:08+00:00,,,0.0,,,
2025-05-31 13:06:10+00:00,,,0.0,,,
2025-05-31 13:06:12+00:00,,,0.0,,,
2025-05-31 13:06:14+00:00,,,0.0,,,
2025-05-31 13:06:16+00:00,,,0.0,,,
2025-05-31 13:06:18+00:00,,,0.0,,,
2025-05-31 13:06:20+00:00,,,0.0,,,
2025-05-31 13:06:22+00:00,,,0.0,,,
2025-05-31 13:06:24+00:00,,,0.0,,,
2025-05-31 13:06:26+00:00,,,0.0,,,
2025-05-31 13:06:28+00:00,,,0.0,,,
2025-05-31 13:06:30+00:00,,,0.0,,,
2025-05-31 13:06:32+00:00,,,0.0,,,
2025-05-31 13:06:34+00:00,,,0.0,,,
2025-05-31 13:06:36+00:00,,,0.0,,,
2025-05-31 13:06:38+00:00,,,0.0,,,
2025-05-31 13:06:40+00:00,,,0.0,,,
2025-05-31 13:06:42+00:00,,,0.0,,,
2025-05-31 13:06:44+00:00,,,0.0,,,
2025-05-31 13:06:46+00:00,,,0.0,,,
2025-05-31 13:06:48+00:00,,,0.0,,,
2025-05-31 13:06:50+00:00,,,0.0,,,
2025-05-31 13:06:52+00:00,,,0.0,,,
2025-05-31 13:06:54+00:00,,,0.0,,,
2025-05-31 13:06:56+00:00,,,0.0,,,
2025-05-31 13:06:58+00:00,,,0.0,,,
2025-05-31 13:07:00+00:00,,,0.0,,,
2025-05-31 13:07:02+00:00,,,0.0,,,
2025-05-31 13:07:04+00:00,,,0.0,,,
2025-05-31 13:07:06+00:00,,,0.0,,,
2025-05-31 13:07:08+00:00,,,0.0,,,
2025-05-31 13:07:10+00:00,,,0.0,,,
2025-05-31 13:07:12+00:00,,,0.0,,,
2025-05-31 13:07:14+00:00,,,0.0,,,
2025-05-31 13:07:16+00:00,,,0.0,,,
2025-05-31 13:07:18+00:00,,,0.0,,,
2025-05-31 13:07:20+00:00,,,0.0,,,
2025-05-31 13:07:22+00:00,,,0.0,,,
2025-05-31 13:07:24+00:00,,,0.0,,,
2025-05-31 13:07:26+00:00,,,0.0,,,
2025-05-31 13:07:28+00:00,,,0.0,,,
2025-05-31 13:07:30+00:00,,,0.0,,,
2025-05-31 13:07:32+00:00,,,0.0,,,
2025-05-31 13:07:34+00:00,,,0.0,,,
2025-05-31 13:07:36+00:00,,,0.0,,,
2025-05-31 13:07:38+00:00,,,0.0,,,
2025-05-31 13:07:40+00:00,,,0.0,,,
2025-05-31 13:07:42+00:00,,,0.0,,,
2025-05-31 13:07:44+00:00,,,0.0,,,
2025-05-31 13:07:46+00:00,,,0.0,,,
2025-05-31 13:07:48+00:00,,,0.0,,,
2025-05-31 13:07:50+00:00,,,0.0,,,
2025-05-31 13:07:52+00:00,,,0.0,,,
2025-05-31 13:07:54+00:00,,,0.0,,,
2025-05-31 13:07:56+00:00,,,0.0,,,
2025-05-31 13:07:58+00:00,,,0.0,,,
2025-05-31 13:08:00+00:00,,,0.0,,,
2025-05-31 13:08:02+00:00,,,0.0,,,
2025-05-31 13:08:04+00:00,,,0.0,,,
2025-05-31 13:08:06+00:00,,,0.0,,,
2025-05-31 13:08:08+00:00,,,0.0,,,
2025-05-31 13:08:10+00:00,,,0.0,,,
2025-05-31 13:08:12+00:00,,,0.0,,,
2025-05-31 13:08:14+00:00,,,0.0,,,
2025-05-31 13:08:16+00:00,,,0.0,,,
2025-05-31 13:08:18+00:00,,,0.0,,,
2025-05-31 13:08:20+00:00,,,0.0,,,
2025-05-31 13:08:22+00:00,,,0.0,,,
2025-05-31 13:08:24+00:00,,,0.0,,,
2025-05-31 13:08:26+00:00,,,0.0,,,
2025-05-31 13:08:28+00:00,,,0.0,,,
2025-05-31 13:08:30+00:00,,,0.0,,,
2025-05-31 13:08:32+00:00,,,0.0,,,
2025-05-31 13:08:34+00:00,,,0.0,,,
2025-05-31 13:08:36+00:00,,,0.0,,,
2025-05-31 13:08:38+00:00,,,0.0,,,
2025-05-31 13:08:40+00:00,,,0.0,,,
2025-05-31 13:08:42+00:00,,,0.0,,,
2025-05-31 13:08:44+00:00,,,0.0,,,
2025-05-31 13:08:46+00:00,,,0.0,,,
2025-05-31 13:08:48+00:00,,,0.0,,,
2025-05-31 13:08:50+00:00,,,0.0,,,
2025-05-31 13:08:52+00:00,,,0.0,,,
2025-05-31 13:08:54+00:00,,,0.0,,,
2025-05-31 13:08:56+00:00,,,0.0,,,
2025-05-31 13:08:58+00:00,,,0.0,,,
2025-05-31 13:09:00+00:00,,,0.0,,,
2025-05-31 13:09:02+00:00,,,0.0,,,
2025-05-31 13:09:04+00:00,,,0.0,,,
2025-05-31 13:09:06+00:00,,,0.0,,,
2025-05-31 13:09:08+00:00,,,0.0,,,
2025-05-31 13:09:10+00:00,,,0.0,,,
2025-05-31 13:09:12+00:00,,,0.0,,,
2025-05-31 13:09:14+00:00,,,0.0,,,
2025-05-31 13:09:16+00:00,,,0.0,,,
2025-05-31 13:09:18+00:00,,,0.0,,,
2025-05-31 13:09:20+00:00,,,0.0,,,
2025-05-31 13:09:22+00:00,,,0.0,,,
2025-05-31 13:09:24+00:00,,,0.0,,,
2025-05-31 13:09:26+00:00,,,0.0,,,
2025-05-31 13:09:28+00:00,,,0.0,,,
2025-05-31 13:09:30+00:00,,,0.0,,,
2025-05-31 13:09:32+00:00,,,0.0,,,
2025-05-31 13:09:34+00:00,,,0.0,,,
2025-05-31 13:09:36+00:00,,,0.0,,,
2025-05-31 13:09:38+00:00,,,0.0,,,
2025-05-31 13:09:40+00:00,,,0.0,,,
2025-05-31 13:09:42+00:00,,,0.0,,,
2025-05-31 13:09:44+00:00,,,0.0,,,
2025-05-31 13:09:46+00:00,,,0.0,,,
2025-05-31 13:09:48+00:00,,,0.0,,,
2025-05-31 13:09:50+00:00,,,0.0,,,
2025-05-31 13:09:52+00:00,,,0.0,,,
2025-05-31 13:09:54+00:00,,,0.0,,,
2025-05-31 13:09:56+00:00,,,0.0,,,
2025-05-31 13:09:58+00:00,,,0.0,,,
2025-05-31 13:10:00+00:00,,,0.0,,,
2025-05-31 13:10:02+00:00,,,0.0,,,
2025-05-31 13:10:04+00:00,,,0.0,,,
2025-05-31 13:10:06+00:00,,,0.0,,,
2025-05-31 13:10:08+00:00,,,0.0,,,
2025-05-31 13:10:10+00:00,,,0.0,,,
2025-05-31 13:10:12+00:00,,,0.0,,,
2025-05-31 13:10:14+00:00,,,0.0,,,
2025-05-31 13:10:16+00:00,,,0.0,,,
2025-05-31 13:10:18+00:00,,,0.0,,,
2025-05-31 13:10:20+00:00,,,0.0,,,
2025-05-31 13:10:22+00:00,,,0.0,,,
2025-05-31 13:10:24+00:00,,,0.0,,,
2025-05-31 13:10:26+00:00,,,0.0,,,
2025-05-31 13:10:28+00:00,,,0.0,,,
2025-05-31 13:10:30+00:00,,,0.0,,,
2025-05-31 13:10:32+00:00,,,0.0,,,
2025-05-31 13:10:34+00:00,,,0.0,,,
2025-05-31 13:10:36+00:00,,,0.0,,,
2025-05-31 13:10:38+00:00,,,0.0,,,
2025-05-31 13:10:40+00:00,,,0.0,,,
2025-05-31 13:10:42+00:00,,,0.0,,,
2025-05-31 13:10:44+00:00,,,0.0,,,
2025-05-31 13:10:46+00:00,,,0.0,,,
2025-05-31 13:10:48+00:00,,,0.0,,,
2025-05-31 13:10:50+00:00,,,0.0,,,
2025-05-31 13:10:52+00:00,,,0.0,,,
2025-05-31 13:10:54+00:00,,,0.0,,,
2025-05-31 13:10:56+00:00,,,0.0,,,
2025-05-31 13:10:58+00:00,,,0.0,,,
2025-05-31 13:11:00+00:00,,,0.0,,,
2025-05-31 13:11:02+00:00,,,0.0,,,
2025-05-31 13:11:04+00:00,,,0.0,,,
2025-05-31 13:11:06+00:00,,,0.0,,,
2025-05-31 13:11:08+00:00,,,0.0,,,
2025-05-31 13:11:10+00:00,,,0.0,,,
2025-05-31 13:11:12+00:00,,,0.0,,,
2025-05-31 13:11:14+00:00,,,0.0,,,
2025-05-31 13:11:16+00:00,,,0.0,,,
2025-05-31 13:11:18+00:00,,,0.0,,,
2025-05-31 13:11:20+00:00,,,0.0,,,
2025-05-31 13:11:22+00:00,,,0.0,,,
2025-05-31 13:11:24+00:00,,,0.0,,,
2025-05-31 13:11:26+00:00,,,0.0,,,
2025-05-31 13:11:28+00:00,,,0.0,,,
2025-05-31 13:11:30+00:00,,,0.0,,,
2025-05-31 13:11:32+00:00,,,0.0,,,
2025-05-31 13:11:34+00:00,,,0.0,,,
2025-05-31 13:11:36+00:00,,,0.0,,,
2025-05-31 13:11:38+00:00,,,0.0,,,
2025-05-31 13:11:40+00:00,,,0.0,,,
2025-05-31 13:11:42+00:00,,,0.0,,,
2025-05-31 13:11:44+00:00,,,0.0,,,
2025-05-31 13:11:46+00:00,,,0.0,,,
2025-05-31 13:11:48+00:00,,,0.0,,,
2025-05-31 13:11:50+00:00,,,0.0,,,
2025-05-31 13:11:52+00:00,,,0.0,,,
2025-05-31 13:11:54+00:00,,,0.0,,,
2025-05-31 13:11:56+00:00,,,0.0,,,
2025-05-31 13:11:58+00:00,,,0.0,,,
2025-05-31 13:12:00+00:00,,,0.0,,,
2025-05-31 13:12:02+00:00,,,0.0,,,
2025-05-31 13:12:04+00:00,,,0.0,,,
2025-05-31 13:12:06+00:00,,,0.0,,,
2025-05-31 13:12:08+00:00,,,0.0,,,
2025-05-31 13:12:10+00:00,,,0.0,,,
2025-05-31 13:12:12+00:00,,,0.0,,,
2025-05-31 13:12:14+00:00,,,0.0,,,
2025-05-31 13:12:16+00:00,,,0.0,,,
2025-05-31 13:12:18+00:00,,,0.0,,,
2025-05-31 13:12:20+00:00,,,0.0,,,
2025-05-31 13:12:22+00:00,,,0.0,,,
2025-05-31 13:12:24+00:00,,,0.0,,,
2025-05-31 13:12:26+00:00,,,0.0,,,
2025-05-31 13:12:28+00:00,,,0.0,,,
2025-05-31 13:12:30+00:00,,,0.0,,,
2025-05-31 13:12:32+00:00,,,0.0,,,
2025-05-31 13:12:34+00:00,,,0.0,,,
2025-05-31 13:12:36+00:00,,,0.0,,,
2025-05-31 13:12:38+00:00,,,0.0,,,
2025-05-31 13:12:40+00:00,,,0.0,,,
2025-05-31 13:12:42+00:00,,,0.0,,,
2025-05-31 13:12:44+00:00,,,0.0,,,
2025-05-31 13:12:46+00:00,,,0.0,,,
2025-05-31 13:12:48+00:00,,,0.0,,,
2025-05-31 13:12:50+00:00,,,0.0,,,
2025-05-31 13:12:52+00:00,,,0.0,,,
2025-05-31 13:12:54+00:00,,,0.0,,,
2025-05-31 13:12:56+00:00,,,0.0,,,
2025-05-31 13:12:58+00:00,,,0.0,,,
2025-05-31 13:13:00+00:00,,,0.0,,,
2025-05-31 13:13:02+00:00,,,0.0,,,
2025-05-31 13:13:04+00:00,,,0.0,,,
2025-05-31 13:13:06+00:00,,,0.0,,,
2025-05-31 13:13:08+00:00,,,0.0,,,
2025-05-31 13:13:10+00:00,,,0.0,,,
2025-05-31 13:13:12+00:00,,,0.0,,,
2025-05-31 13:13:14+00:00,,,0.0,,,
2025-05-31 13:13:16+00:00,,,0.0,,,
2025-05-31 13:13:18+00:00,,,0.0,,,
2025-05-31 13:13:20+00:00,,,0.0,,,
2025-05-31 13:13:22+00:00,,,0.0,,,
2025-05-31 13:13:24+00:00,,,0.0,,,
2025-05-31 13:13:26+00:00,,,0.0,,,
2025-05-31 13:13:28+00:00,,,0.0,,,
2025-05-31 13:13:30+00:00,,,0.0,,,
2025-05-31 13:13:32+00:00,,,0.0,,,
2025-05-31 13:13:34+00:00,,,0.0,,,
2025-05-31 13:13:36+00:00,,,0.0,,,
2025-05-31 13:13:38+00:00,,,0.0,,,
2025-05-31 13:13:40+00:00,,,0.0,,,
2025-05-31 13:13:42+00:00,,,0.0,,,
2025-05-31 13:13:44+00:00,,,0.0,,,
2025-05-31 13:13:46+00:00,,,0.0,,,
2025-05-31 13:13:48+00:00,,,0.0,,,
2025-05-31 13:13:50+00:00,,,0.0,,,
2025-05-31 13:13:52+00:00,,,0.0,,,
2025-05-31 13:13:54+00:00,,,0.0,,,
2025-05-31 13:13:56+00:00,,,0.0,,,
2025-05-31 13:13:58+00:00,,,0.0,,,
2025-05-31 13:14:00+00:00,,,0.0,,,
2025-05-31 13:14:02+00:00,,,0.0,,,
2025-05-31 13:14:04+00:00,,,0.0,,,
2025-05-31 13:14:06+00:00,,,0.0,,,
2025-05-31 13:14:08+00:00,,,0.0,,,
2025-05-31 13:14:10+00:00,,,0.0,,,
2025-05-31 13:14:12+00:00,,,0.0,,,
2025-05-31 13:14:14+00:00,,,0.0,,,
2025-05-31 13:14:16+00:00,,,0.0,,,
2025-05-31 13:14:18+00:00,,,0.0,,,
2025-05-31 13:14:20+00:00,,,0.0,,,
2025-05-31 13:14:22+00:00,,,0.0,,,
2025-05-31 13:14:24+00:00,,,0.0,,,
2025-05-31 13:14:26+00:00,,,0.0,,,
2025-05-31 13:14:28+00:00,,,0.0,,,
2025-05-31 13:14:30+00:00,,,0.0,,,
2025-05-31 13:14:32+00:00,,,0.0,,,
2025-05-31 13:14:34+00:00,,,0.0,,,
2025-05-31 13:14:36+00:00,,,0.0,,,
2025-05-31 13:14:38+00:00,,,0.0,,,
2025-05-31 13:14:40+00:00,,,0.0,,,
2025-05-31 13:14:42+00:00,,,0.0,,,
2025-05-31 13:14:44+00:00,,,0.0,,,
2025-05-31 13:14:46+00:00,,,0.0,,,
2025-05-31 13:14:48+00:00,,,0.0,,,
2025-05-31 13:14:50+00:00,,,0.0,,,
2025-05-31 13:14:52+00:00,,,0.0,,,
2025-05-31 13:14:54+00:00,,,0.0,,,
2025-05-31 13:14:56+00:00,,,0.0,,,
2025-05-31 13:14:58+00:00,,,0.0,,,
2025-05-31 13:15:00+00:00,,,0.0,,,
2025-05-31 13:15:02+00:00,,,0.0,,,
2025-05-31 13:15:04+00:00,,,0.0,,,
2025-05-31 13:15:06+00:00,,,0.0,,,
2025-05-31 13:15:08+00:00,,,0.0,,,
2025-05-31 13:15:10+00:00,,,0.0,,,
2025-05-31 13:15:12+00:00,,,0.0,,,
2025-05-31 13:15:14+00:00,,,0.0,,,
2025-05-31 13:15:16+00:00,,,0.0,,,
2025-05-31 13:15:18+00:00,,,0.0,,,
2025-05-31 13:15:20+00:00,,,0.0,,,
2025-05-31 13:15:22+00:00,,,0.0,,,
2025-05-31 13:15:24+00:00,,,0.0,,,
2025-05-31 13:15:26+00:00,,,0.0,,,
2025-05-31 13:15:28+00:00,,,0.0,,,
2025-05-31 13:15:30+00:00,,,0.0,,,
2025-05-31 13:15:32+00:00,,,0.0,,,
2025-05-31 13:15:34+00:00,,,0.0,,,
2025-05-31 13:15:36+00:00,,,0.0,,,
2025-05-31 13:15:38+00:00,,,0.0,,,
2025-05-31 13:15:40+00:00,,,0.0,,,
2025-05-31 13:15:42+00:00,,,0.0,,,
2025-05-31 13:15:44+00:00,,,0.0,,,
2025-05-31 13:15:46+00:00,,,0.0,,,
2025-05-31 13:15:48+00:00,,,0.0,,,
2025-05-31 13:15:50+00:00,,,0.0,,,
2025-05-31 13:15:52+00:00,,,0.0,,,
2025-05-31 13:15:54+00:00,,,0.0,,,
2025-05-31 13:15:56+00:00,,,0.0,,,
2025-05-31 13:15:58+00:00,,,0.0,,,
2025-05-31 13:16:00+00:00,,,0.0,,,
2025-05-31 13:16:02+00:00,,,0.0,,,
2025-05-31 13:16:04+00:00,,,0.0,,,
2025-05-31 13:16:06+00:00,,,0.0,,,
2025-05-31 13:16:08+00:00,,,0.0,,,
2025-05-31 13:16:10+00:00,,,0.0,,,
2025-05-31 13:16:12+00:00,,,0.0,,,
2025-05-31 13:16:14+00:00,,,0.0,,,
2025-05-31 13:16:16+00:00,,,0.0,,,
2025-05-31 13:16:18+00:00,,,0.0,,,
2025-05-31 13:16:20+00:00,,,0.0,,,
2025-05-31 13:16:22+00:00,,,0.0,,,
2025-05-31 13:16:24+00:00,,,0.0,,,
2025-05-31 13:16:26+00:00,,,0.0,,,
2025-05-31 13:16:28+00:00,,,0.0,,,
2025-05-31 13:16:30+00:00,,,0.0,,,
2025-05-31 13:16:32+00:00,,,0.0,,,
2025-05-31 13:16:34+00:00,,,0.0,,,
2025-05-31 13:16:36+00:00,,,0.0,,,
2025-05-31 13:16:38+00:00,,,0.0,,,
2025-05-31 13:16:40+00:00,,,0.0,,,
2025-05-31 13:16:42+00:00,,,0.0,,,
2025-05-31 13:16:44+00:00,,,0.0,,,
2025-05-31 13:16:46+00:00,,,0.0,,,
2025-05-31 13:16:48+00:00,,,0.0,,,
2025-05-31 13:16:50+00:00,,,0.0,,,
2025-05-31 13:16:52+00:00,,,0.0,,,
2025-05-31 13:16:54+00:00,,,0.0,,,
2025-05-31 13:16:56+00:00,,,0.0,,,
2025-05-31 13:16:58+00:00,,,0.0,,,
2025-05-31 13:17:00+00:00,,,0.0,,,
2025-05-31 13:17:02+00:00,,,0.0,,,
2025-05-31 13:17:04+00:00,,,0.0,,,
2025-05-31 13:17:06+00:00,,,0.0,,,
2025-05-31 13:17:08+00:00,,,0.0,,,
2025-05-31 13:17:10+00:00,,,0.0,,,
2025-05-31 13:17:12+00:00,,,0.0,,,
2025-05-31 13:17:14+00:00,,,0.0,,,
2025-05-31 13:17:16+00:00,,,0.0,,,
2025-05-31 13:17:18+00:00,,,0.0,,,
2025-05-31 13:17:20+00:00,,,0.0,,,
2025-05-31 13:17:22+00:00,,,0.0,,,
2025-05-31 13:17:24+00:00,,,0.0,,,
2025-05-31 13:17:26+00:00,,,0.0,,,
2025-05-31 13:17:28+00:00,,,0.0,,,
2025-05-31 13:17:30+00:00,,,0.0,,,
2025-05-31 13:17:32+00:00,,,0.0,,,
2025-05-31 13:17:34+00:00,,,0.0,,,
2025-05-31 13:17:36+00:00,,,0.0,,,
2025-05-31 13:17:38+00:00,,,0.0,,,
2025-05-31 13:17:40+00:00,,,0.0,,,
2025-05-31 13:17:42+00:00,,,0.0,,,
2025-05-31 13:17:44+00:00,,,0.0,,,
2025-05-31 13:17:46+00:00,,,0.0,,,
2025-05-31 13:17:48+00:00,,,0.0,,,
2025-05-31 13:17:50+00:00,,,0.0,,,
2025-05-31 13:17:52+00:00,,,0.0,,,
2025-05-31 13:17:54+00:00,,,0.0,,,
2025-05-31 13:17:56+00:00,,,0.0,,,
2025-05-31 13:17:58+00:00,,,0.0,,,
2025-05-31 13:18:00+00:00,,,0.0,,,
2025-05-31 13:18:02+00:00,,,0.0,,,
2025-05-31 13:18:04+00:00,,,0.0,,,
2025-05-31 13:18:06+00:00,,,0.0,,,
2025-05-31 13:18:08+00:00,,,0.0,,,
2025-05-31 13:18:10+00:00,,,0.0,,,
2025-05-31 13:18:12+00:00,,,0.0,,,
2025-05-31 13:18:14+00:00,,,0.0,,,
2025-05-31 13:18:16+00:00,,,0.0,,,
2025-05-31 13:18:18+00:00,,,0.0,,,
2025-05-31 13:18:20+00:00,,,0.0,,,
2025-05-31 13:18:22+00:00,,,0.0,,,
2025-05-31 13:18:24+00:00,,,0.0,,,
2025-05-31 13:18:26+00:00,,,0.0,,,
2025-05-31 13:18:28+00:00,,,0.0,,,
2025-05-31 13:18:30+00:00,,,0.0,,,
2025-05-31 13:18:32+00:00,,,0.0,,,
2025-05-31 13:18:34+00:00,,,0.0,,,
2025-05-31 13:18:36+00:00,,,0.0,,,
2025-05-31 13:18:38+00:00,,,0.0,,,
2025-05-31 13:18:40+00:00,,,0.0,,,
2025-05-31 13:18:42+00:00,,,0.0,,,
2025-05-31 13:18:44+00:00,,,0.0,,,
2025-05-31 13:18:46+00:00,,,0.0,,,
2025-05-31 13:18:48+00:00,,,0.0,,,
2025-05-31 13:18:50+00:00,,,0.0,,,
2025-05-31 13:18:52+00:00,,,0.0,,,
2025-05-31 13:18:54+00:00,,,0.0,,,
2025-05-31 13:18:56+00:00,,,0.0,,,
2025-05-31 13:18:58+00:00,,,0.0,,,
2025-05-31 13:19:00+00:00,,,0.0,,,
2025-05-31 13:19:02+00:00,,,0.0,,,
2025-05-31 13:19:04+00:00,,,0.0,,,
2025-05-31 13:19:06+00:00,,,0.0,,,
2025-05-31 13:19:08+00:00,,,0.0,,,
2025-05-31 13:19:10+00:00,,,0.0,,,
2025-05-31 13:19:12+00:00,,,0.0,,,
2025-05-31 13:19:14+00:00,,,0.0,,,
2025-05-31 13:19:16+00:00,,,0.0,,,
2025-05-31 13:19:18+00:00,,,0.0,,,
2025-05-31 13:19:20+00:00,,,0.0,,,
2025-05-31 13:19:22+00:00,,,0.0,,,
2025-05-31 13:19:24+00:00,,,0.0,,,
2025-05-31 13:19:26+00:00,,,0.0,,,
2025-05-31 13:19:28+00:00,,,0.0,,,
