timestamp,MLSTM,MMAE
2025-06-03 01:48:58+00:00,,
2025-06-03 01:49:03+00:00,,
2025-06-03 01:49:08+00:00,,
2025-06-03 01:49:13+00:00,,
2025-06-03 01:49:18+00:00,,
2025-06-03 01:49:23+00:00,,
2025-06-03 01:49:28+00:00,,
2025-06-03 01:49:33+00:00,,
2025-06-03 01:49:38+00:00,,
2025-06-03 01:49:43+00:00,,
2025-06-03 01:49:48+00:00,0.590924859046936,
2025-06-03 01:49:53+00:00,0.5858170390129089,
2025-06-03 01:49:58+00:00,0.9823235869407654,
2025-06-03 01:50:03+00:00,0.978888988494873,
2025-06-03 01:50:08+00:00,0.9845619797706604,
2025-06-03 01:50:13+00:00,0.1832709163427353,0.8315449357032776
2025-06-03 01:50:18+00:00,0.1477450579404831,0.8619705438613892
2025-06-03 01:50:23+00:00,0.12718378007411957,0.8289034962654114
2025-06-03 01:50:28+00:00,0.06972625106573105,0.8279429078102112
2025-06-03 01:50:33+00:00,0.06895270198583603,0.8239215612411499
2025-06-03 01:50:38+00:00,0.06881164014339447,0.9006303548812866
2025-06-03 01:50:43+00:00,0.2549801468849182,0.885944664478302
2025-06-03 01:50:48+00:00,0.2564869821071625,0.9333416223526001
2025-06-03 01:50:53+00:00,0.25753745436668396,0.9688087701797485
2025-06-03 01:50:58+00:00,0.47891443967819214,0.9989510178565979
2025-06-03 01:51:03+00:00,0.47433096170425415,1.0007630586624146
2025-06-03 01:51:08+00:00,0.472061425447464,0.8450742363929749
2025-06-03 01:51:13+00:00,0.77459317445755,0.7684093117713928
2025-06-03 01:51:18+00:00,0.7728791236877441,0.717031717300415
2025-06-03 01:51:23+00:00,0.7716748118400574,0.6906111240386963
2025-06-03 01:51:28+00:00,1.1855257749557495,0.6944377422332764
2025-06-03 01:51:33+00:00,1.1846522092819214,0.7490538358688354
2025-06-03 01:51:38+00:00,1.1840370893478394,0.8093149662017822
2025-06-03 01:51:43+00:00,1.8186826705932617,0.8590015172958374
2025-06-03 01:51:48+00:00,1.818312644958496,0.9604318737983704
2025-06-03 01:51:53+00:00,1.0615538358688354,1.0656156539916992
2025-06-03 01:51:58+00:00,0.6385512948036194,1.104710340499878
2025-06-03 01:52:03+00:00,0.6284945607185364,1.085489273071289
2025-06-03 01:52:08+00:00,0.6234869956970215,0.9471341967582703
2025-06-03 01:52:13+00:00,0.345215767621994,0.8574668765068054
2025-06-03 01:52:18+00:00,0.3449103832244873,0.7890761494636536
2025-06-03 01:52:23+00:00,0.3452576994895935,1.022972583770752
2025-06-03 01:52:28+00:00,0.3939078152179718,3.202601432800293
2025-06-03 01:52:33+00:00,0.39473602175712585,3.255535364151001
2025-06-03 01:52:38+00:00,0.39528533816337585,3.3200414180755615
2025-06-03 01:52:43+00:00,0.5883184671401978,3.367969274520874
2025-06-03 01:52:48+00:00,0.588035523891449,3.4007644653320312
2025-06-03 01:52:53+00:00,0.5878881216049194,3.3868355751037598
2025-06-03 01:52:58+00:00,0.8065468072891235,3.373108148574829
2025-06-03 01:53:03+00:00,0.8001411557197571,3.266118049621582
2025-06-03 01:53:08+00:00,0.7975982427597046,3.11934232711792
2025-06-03 01:53:13+00:00,1.202224850654602,2.953176975250244
2025-06-03 01:53:18+00:00,1.2008638381958008,2.8430285453796387
2025-06-03 01:53:23+00:00,1.1999685764312744,2.751772880554199
2025-06-03 01:53:28+00:00,2.171553134918213,2.6437203884124756
2025-06-03 01:53:33+00:00,0.23639415204524994,2.508131265640259
2025-06-03 01:53:38+00:00,0.25431734323501587,1.607210397720337
2025-06-03 01:53:43+00:00,0.0879947617650032,1.0041329860687256
2025-06-03 01:53:48+00:00,0.09428097307682037,0.885682225227356
2025-06-03 01:53:53+00:00,0.10525168478488922,0.8823206424713135
2025-06-03 01:53:58+00:00,0.03465605527162552,0.8857103586196899
2025-06-03 01:54:03+00:00,0.0368187353014946,0.9971442222595215
2025-06-03 01:54:08+00:00,0.03937094658613205,0.9679636359214783
2025-06-03 01:54:13+00:00,0.06211010366678238,0.9638668298721313
2025-06-03 01:54:18+00:00,0.06107582524418831,0.9460347294807434
2025-06-03 01:54:23+00:00,0.060556355863809586,0.8905428051948547
2025-06-03 01:54:28+00:00,0.3290989398956299,0.9301522374153137
2025-06-03 01:54:33+00:00,0.3289351463317871,0.986718475818634
2025-06-03 01:54:38+00:00,0.3289351463317871,0.8489718437194824
2025-06-03 01:54:43+00:00,0.5959309339523315,0.6773266792297363
2025-06-03 01:54:48+00:00,0.5890287756919861,0.5948398113250732
2025-06-03 01:54:53+00:00,0.583947479724884,0.643661379814148
2025-06-03 01:54:58+00:00,0.9916087985038757,0.6760092377662659
2025-06-03 01:55:03+00:00,0.9881426692008972,0.7579675316810608
2025-06-03 01:55:08+00:00,0.9856685400009155,0.8366699814796448
2025-06-03 01:55:13+00:00,1.0474647283554077,0.9092372059822083
2025-06-03 01:55:18+00:00,0.9242798686027527,0.9601229429244995
2025-06-03 01:55:23+00:00,0.8545971512794495,0.9840152263641357
2025-06-03 01:55:28+00:00,0.642612874507904,0.8941256403923035
2025-06-03 01:55:33+00:00,0.6423348784446716,0.8314249515533447
2025-06-03 01:55:38+00:00,0.6439857482910156,0.7338153123855591
2025-06-03 01:55:43+00:00,0.656347930431366,0.9332242608070374
2025-06-03 01:55:48+00:00,0.6617132425308228,1.8493413925170898
2025-06-03 01:55:53+00:00,0.6652116179466248,2.5352227687835693
2025-06-03 01:55:58+00:00,0.8443939089775085,2.809548854827881
2025-06-03 01:56:03+00:00,0.8369328379631042,2.976269245147705
2025-06-03 01:56:08+00:00,0.8330955505371094,3.1026628017425537
2025-06-03 01:56:13+00:00,1.1909765005111694,3.161862373352051
2025-06-03 01:56:18+00:00,1.188645601272583,3.1949992179870605
2025-06-03 01:56:23+00:00,1.1871098279953003,3.1425609588623047
2025-06-03 01:56:28+00:00,1.2747256755828857,2.8950459957122803
2025-06-03 01:56:33+00:00,1.273908019065857,2.748610258102417
2025-06-03 01:56:38+00:00,1.273349404335022,2.6250109672546387
2025-06-03 01:56:43+00:00,1.9472904205322266,2.500302314758301
2025-06-03 01:56:48+00:00,1.9469529390335083,2.4145097732543945
2025-06-03 01:56:53+00:00,1.996475338935852,2.3503193855285645
2025-06-03 01:56:58+00:00,1.9839935302734375,2.192638874053955
2025-06-03 01:57:03+00:00,1.9793941974639893,1.8943294286727905
2025-06-03 01:57:08+00:00,1.5918265581130981,1.705505609512329
2025-06-03 01:57:13+00:00,1.5833609104156494,1.232896327972412
2025-06-03 01:57:18+00:00,1.5784202814102173,0.93532794713974
2025-06-03 01:57:23+00:00,1.3467108011245728,0.8273093104362488
2025-06-03 01:57:28+00:00,1.3432772159576416,0.7765841484069824
2025-06-03 01:57:33+00:00,1.3409538269042969,0.7528945803642273
2025-06-03 01:57:38+00:00,1.4558814764022827,0.7182676196098328
2025-06-03 01:57:43+00:00,1.4542843103408813,0.6897700428962708
2025-06-03 01:57:48+00:00,1.4539111852645874,0.6910679936408997
2025-06-03 01:57:53+00:00,1.3014267683029175,0.6973793506622314
2025-06-03 01:57:58+00:00,1.30121648311615,0.626215934753418
2025-06-03 01:58:03+00:00,1.30121648311615,0.5918942093849182
2025-06-03 01:58:08+00:00,1.9805400371551514,0.4789206087589264
2025-06-03 01:58:13+00:00,1.9699541330337524,0.4616491496562958
2025-06-03 01:58:18+00:00,1.9640494585037231,0.43940216302871704
2025-06-03 01:58:23+00:00,2.4893736839294434,0.4213435649871826
2025-06-03 01:58:28+00:00,2.485941171646118,0.4607630670070648
2025-06-03 01:58:33+00:00,1.3020460605621338,0.49401113390922546
2025-06-03 01:58:38+00:00,1.2975308895111084,0.5554786920547485
2025-06-03 01:58:43+00:00,1.2957127094268799,0.5892015099525452
2025-06-03 01:58:48+00:00,0.9963930249214172,0.5869370102882385
2025-06-03 01:58:53+00:00,0.993387758731842,0.585200846195221
2025-06-03 01:58:58+00:00,0.9914776086807251,0.6117213368415833
2025-06-03 01:59:03+00:00,0.9814186096191406,0.6976354718208313
2025-06-03 01:59:08+00:00,0.9749509692192078,0.6759358644485474
2025-06-03 01:59:13+00:00,0.9709429740905762,0.6769648790359497
2025-06-03 01:59:18+00:00,1.0769984722137451,0.6435315012931824
2025-06-03 01:59:23+00:00,1.0741536617279053,0.6425377726554871
2025-06-03 01:59:28+00:00,1.0727089643478394,0.6867656111717224
2025-06-03 01:59:33+00:00,1.0007113218307495,0.7315371632575989
2025-06-03 01:59:38+00:00,0.9998392462730408,0.6770474314689636
2025-06-03 01:59:43+00:00,0.9992377161979675,0.5980423092842102
2025-06-03 01:59:48+00:00,1.2596312761306763,0.4494436979293823
2025-06-03 01:59:53+00:00,1.24917733669281,0.4911690056324005
2025-06-03 01:59:58+00:00,1.2427071332931519,0.5181581974029541
2025-06-03 02:00:03+00:00,1.937209963798523,0.5487667918205261
2025-06-03 02:00:08+00:00,1.920265555381775,0.6522809267044067
2025-06-03 02:00:13+00:00,1.9089200496673584,0.7393011450767517
2025-06-03 02:00:18+00:00,0.42610523104667664,0.8285247683525085
2025-06-03 02:00:23+00:00,0.4584307074546814,0.9588661789894104
2025-06-03 02:00:28+00:00,0.24616701900959015,1.0447273254394531
2025-06-03 02:00:33+00:00,0.2620348036289215,1.0170320272445679
2025-06-03 02:00:38+00:00,0.2750764489173889,1.0946229696273804
2025-06-03 02:00:43+00:00,0.18958806991577148,1.1420817375183105
2025-06-03 02:00:48+00:00,0.19361504912376404,1.2593326568603516
2025-06-03 02:00:53+00:00,0.1965952217578888,1.2924338579177856
2025-06-03 02:00:58+00:00,0.2162466198205948,1.2983328104019165
2025-06-03 02:01:03+00:00,0.21652309596538544,1.2913657426834106
2025-06-03 02:01:08+00:00,0.2167004644870758,1.2581735849380493
2025-06-03 02:01:13+00:00,0.35316795110702515,1.1384451389312744
2025-06-03 02:01:18+00:00,0.35309427976608276,1.1689949035644531
2025-06-03 02:01:23+00:00,0.35309427976608276,1.0337419509887695
2025-06-03 02:01:28+00:00,0.6108909249305725,0.9435153007507324
2025-06-03 02:01:33+00:00,0.6030702590942383,0.906481921672821
2025-06-03 02:01:38+00:00,0.5978365540504456,0.9695946574211121
2025-06-03 02:01:43+00:00,0.9628719091415405,0.9945351481437683
2025-06-03 02:01:48+00:00,0.9585246443748474,1.0700520277023315
2025-06-03 02:01:53+00:00,0.9554027915000916,1.1401593685150146
2025-06-03 02:01:58+00:00,0.7102289199829102,1.2050745487213135
2025-06-03 02:02:03+00:00,0.5892009139060974,1.2375953197479248
2025-06-03 02:02:08+00:00,0.5048538446426392,1.2551748752593994
2025-06-03 02:02:13+00:00,0.2246129959821701,1.1715044975280762
2025-06-03 02:02:18+00:00,0.20309434831142426,1.150222897529602
2025-06-03 02:02:23+00:00,0.18907244503498077,1.112881064414978
2025-06-03 02:02:28+00:00,0.13855528831481934,1.1548901796340942
2025-06-03 02:02:33+00:00,0.13664861023426056,1.15560781955719
2025-06-03 02:02:38+00:00,0.13571254909038544,1.087897777557373
2025-06-03 02:02:43+00:00,0.17237626016139984,1.0303879976272583
2025-06-03 02:02:48+00:00,0.17016282677650452,0.959895670413971
2025-06-03 02:02:53+00:00,0.1685417741537094,0.9569382667541504
2025-06-03 02:02:58+00:00,0.3622956871986389,0.9274515509605408
2025-06-03 02:03:03+00:00,0.3607482314109802,0.7983939051628113
2025-06-03 02:03:08+00:00,0.3596739172935486,0.6775283217430115
2025-06-03 02:03:13+00:00,0.6772677302360535,0.5773766040802002
2025-06-03 02:03:18+00:00,0.6630802154541016,0.6335399150848389
2025-06-03 02:03:23+00:00,0.6550078988075256,0.6863473653793335
2025-06-03 02:03:28+00:00,1.1265662908554077,0.6773054599761963
2025-06-03 02:03:33+00:00,1.1211636066436768,0.7319344878196716
2025-06-03 02:03:38+00:00,2.068080425262451,0.783263087272644
2025-06-03 02:03:43+00:00,1.9931719303131104,0.9270599484443665
2025-06-03 02:03:48+00:00,1.9628546237945557,1.0738736391067505
2025-06-03 02:03:53+00:00,0.4417603015899658,1.0882294178009033
2025-06-03 02:03:58+00:00,0.45959606766700745,1.2255157232284546
2025-06-03 02:04:03+00:00,0.47592052817344666,1.1575868129730225
2025-06-03 02:04:08+00:00,0.31050872802734375,1.1992323398590088
2025-06-03 02:04:13+00:00,0.31480783224105835,1.186179757118225
2025-06-03 02:04:18+00:00,0.31832507252693176,1.2002713680267334
2025-06-03 02:04:23+00:00,0.1549929827451706,1.1626043319702148
2025-06-03 02:04:28+00:00,0.15621253848075867,1.1460785865783691
2025-06-03 02:04:33+00:00,0.15687720477581024,1.1508337259292603
2025-06-03 02:04:38+00:00,0.1985074132680893,1.192990779876709
2025-06-03 02:04:43+00:00,0.19810283184051514,1.139878749847412
2025-06-03 02:04:48+00:00,0.1978379189968109,1.0975708961486816
2025-06-03 02:04:53+00:00,0.3538539409637451,1.0386841297149658
2025-06-03 02:04:58+00:00,0.3535175323486328,1.0430961847305298
2025-06-03 02:05:03+00:00,0.35334014892578125,1.0151458978652954
2025-06-03 02:05:08+00:00,0.6486198306083679,1.0018850564956665
2025-06-03 02:05:13+00:00,0.6485015749931335,1.0969610214233398
2025-06-03 02:05:18+00:00,0.6485015749931335,1.1837642192840576
2025-06-03 02:05:23+00:00,1.2713147401809692,1.2698942422866821
2025-06-03 02:05:28+00:00,0.6975459456443787,1.2929356098175049
2025-06-03 02:05:33+00:00,0.530238151550293,1.2916874885559082
2025-06-03 02:05:38+00:00,0.4294061064720154,1.2107315063476562
2025-06-03 02:05:43+00:00,0.13426069915294647,1.1979858875274658
2025-06-03 02:05:48+00:00,0.1117120012640953,1.1376800537109375
2025-06-03 02:05:53+00:00,0.0975838229060173,1.171228051185608
2025-06-03 02:05:58+00:00,0.05875048786401749,1.143133521080017
2025-06-03 02:06:03+00:00,0.05783822759985924,1.0909857749938965
2025-06-03 02:06:08+00:00,0.05737350508570671,1.0206619501113892
2025-06-03 02:06:13+00:00,0.1573084145784378,0.9399672746658325
2025-06-03 02:06:18+00:00,0.154170423746109,0.9273536205291748
2025-06-03 02:06:23+00:00,0.1523473709821701,0.92351895570755
2025-06-03 02:06:28+00:00,0.3684646487236023,0.7704012989997864
2025-06-03 02:06:33+00:00,0.3667827248573303,0.6703205108642578
2025-06-03 02:06:38+00:00,0.3657074272632599,0.5747575759887695
2025-06-03 02:06:43+00:00,0.6958626508712769,0.610216498374939
2025-06-03 02:06:48+00:00,0.6950234770774841,0.6589659452438354
2025-06-03 02:06:53+00:00,0.6944338083267212,0.6960628628730774
2025-06-03 02:06:58+00:00,1.1756393909454346,0.7259938716888428
2025-06-03 02:07:03+00:00,1.1660497188568115,0.8108659386634827
2025-06-03 02:07:08+00:00,0.8154547810554504,0.8923810720443726
2025-06-03 02:07:13+00:00,0.8616713285446167,1.0087454319000244
2025-06-03 02:07:18+00:00,0.58271723985672,1.1267896890640259
2025-06-03 02:07:23+00:00,0.6405494809150696,1.0931695699691772
2025-06-03 02:07:28+00:00,0.686996579170227,1.1335934400558472
2025-06-03 02:07:33+00:00,0.47332948446273804,1.1993104219436646
2025-06-03 02:07:38+00:00,0.4874836504459381,1.284027338027954
2025-06-03 02:07:43+00:00,0.49662351608276367,1.341904878616333
2025-06-03 02:07:48+00:00,0.3789322078227997,1.3550574779510498
2025-06-03 02:07:53+00:00,0.38174110651016235,1.3737291097640991
2025-06-03 02:07:58+00:00,0.38416025042533875,1.388695240020752
2025-06-03 02:08:03+00:00,0.3650987148284912,1.4571387767791748
2025-06-03 02:08:08+00:00,0.36525800824165344,1.5396747589111328
2025-06-03 02:08:13+00:00,0.36537501215934753,1.52024245262146
2025-06-03 02:08:18+00:00,0.5342534780502319,1.4890648126602173
2025-06-03 02:08:23+00:00,0.53425133228302,1.5274797677993774
2025-06-03 02:08:28+00:00,0.5342511534690857,1.5692880153656006
2025-06-03 02:08:33+00:00,0.7929561734199524,1.6117602586746216
2025-06-03 02:08:38+00:00,0.7925001978874207,1.7016043663024902
2025-06-03 02:08:43+00:00,1.4491735696792603,1.7861685752868652
2025-06-03 02:08:48+00:00,1.4546582698822021,1.8351155519485474
2025-06-03 02:08:53+00:00,1.0112274885177612,1.9049698114395142
2025-06-03 02:08:58+00:00,1.015263319015503,1.857125997543335
2025-06-03 02:09:03+00:00,1.0179880857467651,1.8608129024505615
2025-06-03 02:09:08+00:00,0.7792892456054688,1.8788783550262451
2025-06-03 02:09:13+00:00,0.7810440063476562,1.937559962272644
2025-06-03 02:09:18+00:00,0.7835812568664551,1.964821696281433
2025-06-03 02:09:23+00:00,0.6452301740646362,1.9495091438293457
2025-06-03 02:09:28+00:00,0.6459473967552185,1.9378045797348022
2025-06-03 02:09:33+00:00,0.6464325785636902,1.9176225662231445
2025-06-03 02:09:38+00:00,0.6459804773330688,1.9580262899398804
2025-06-03 02:09:43+00:00,0.6463278532028198,2.011805534362793
2025-06-03 02:09:48+00:00,0.647011399269104,1.9511566162109375
2025-06-03 02:09:53+00:00,0.7329240441322327,1.8945605754852295
2025-06-03 02:09:58+00:00,0.7329878807067871,1.8992680311203003
2025-06-03 02:10:03+00:00,0.7330359816551208,1.9402192831039429
2025-06-03 02:10:08+00:00,0.9438099265098572,1.9688537120819092
2025-06-03 02:10:13+00:00,0.9437507390975952,2.050588607788086
2025-06-03 02:10:18+00:00,1.4536970853805542,2.1283462047576904
2025-06-03 02:10:23+00:00,1.2960416078567505,2.056154727935791
2025-06-03 02:10:28+00:00,1.117868185043335,1.9907000064849854
2025-06-03 02:10:33+00:00,0.7226659059524536,1.8718984127044678
2025-06-03 02:10:38+00:00,0.7297653555870056,1.7452267408370972
2025-06-03 02:10:43+00:00,0.7499145865440369,1.661385416984558
2025-06-03 02:10:48+00:00,0.8507561087608337,1.6133941411972046
2025-06-03 02:10:53+00:00,0.884006917476654,1.5049484968185425
2025-06-03 02:10:58+00:00,0.9073886275291443,1.4138439893722534
2025-06-03 02:11:03+00:00,0.9263412356376648,1.251625657081604
2025-06-03 02:11:08+00:00,0.9319109320640564,1.1260263919830322
2025-06-03 02:11:13+00:00,0.9279085397720337,1.0487635135650635
2025-06-03 02:11:18+00:00,1.1502941846847534,0.8719168305397034
2025-06-03 02:11:23+00:00,1.147926688194275,0.612296462059021
2025-06-03 02:11:28+00:00,1.146285057067871,0.5152338743209839
2025-06-03 02:11:33+00:00,1.6549975872039795,0.3483933210372925
2025-06-03 02:11:38+00:00,1.6539980173110962,0.39115577936172485
2025-06-03 02:11:43+00:00,1.6533015966415405,0.4255613684654236
2025-06-03 02:11:48+00:00,2.1441712379455566,0.4566149413585663
2025-06-03 02:11:53+00:00,2.130981206893921,0.5534216165542603
2025-06-03 02:11:58+00:00,0.37058135867118835,0.649475634098053
2025-06-03 02:12:03+00:00,0.18162967264652252,0.7913559675216675
2025-06-03 02:12:08+00:00,0.1901770830154419,0.8702459931373596
2025-06-03 02:12:13+00:00,0.1970576047897339,0.8912811875343323
2025-06-03 02:12:18+00:00,0.061795592308044434,0.9530377984046936
2025-06-03 02:12:23+00:00,0.06326103210449219,1.0069853067398071
2025-06-03 02:12:28+00:00,0.06443171203136444,1.1424899101257324
2025-06-03 02:12:33+00:00,0.07085146754980087,1.1535577774047852
2025-06-03 02:12:38+00:00,0.07069052010774612,1.1674915552139282
2025-06-03 02:12:43+00:00,0.07060267776250839,1.1448988914489746
2025-06-03 02:12:48+00:00,0.22886793315410614,1.1391947269439697
2025-06-03 02:12:53+00:00,0.22878441214561462,1.1738284826278687
2025-06-03 02:12:58+00:00,0.22878441214561462,0.9124552607536316
2025-06-03 02:13:03+00:00,0.4890038073062897,0.7783929705619812
2025-06-03 02:13:08+00:00,0.48388221859931946,0.6776650547981262
2025-06-03 02:13:13+00:00,0.48084479570388794,0.5880914330482483
2025-06-03 02:13:18+00:00,0.850044846534729,0.6392009854316711
2025-06-03 02:13:23+00:00,0.8477920889854431,0.6893317103385925
2025-06-03 02:13:28+00:00,0.8461803793907166,0.7335977554321289
2025-06-03 02:13:33+00:00,0.44354820251464844,0.7736427187919617
2025-06-03 02:13:38+00:00,0.44429919123649597,0.8281121850013733
2025-06-03 02:13:43+00:00,0.4448385238647461,0.8724046349525452
2025-06-03 02:13:48+00:00,0.23620130121707916,0.797509491443634
2025-06-03 02:13:53+00:00,0.23995551466941833,0.8141173124313354
2025-06-03 02:13:58+00:00,0.24268363416194916,0.8169509172439575
2025-06-03 02:14:03+00:00,0.08785426616668701,0.8818319439888
2025-06-03 02:14:08+00:00,0.08859836310148239,0.8958856463432312
2025-06-03 02:14:13+00:00,0.08916115760803223,0.8517690896987915
2025-06-03 02:14:18+00:00,0.06997671723365784,0.8321818709373474
2025-06-03 02:14:23+00:00,0.07000598311424255,0.7945199012756348
2025-06-03 02:14:28+00:00,0.07003092765808105,0.7873426675796509
2025-06-03 02:14:33+00:00,0.16897375881671906,0.7743307948112488
2025-06-03 02:14:38+00:00,0.16344225406646729,0.6771457195281982
2025-06-03 02:14:43+00:00,0.1604059785604477,0.5906221866607666
2025-06-03 02:14:48+00:00,0.38765695691108704,0.5284216403961182
2025-06-03 02:14:53+00:00,0.38469845056533813,0.5691404938697815
2025-06-03 02:14:58+00:00,0.3826008439064026,0.6036244630813599
2025-06-03 02:15:03+00:00,0.7576117515563965,0.6503772735595703
2025-06-03 02:15:08+00:00,0.7560250163078308,0.7126907110214233
2025-06-03 02:15:13+00:00,0.7549071311950684,0.7578427195549011
2025-06-03 02:15:18+00:00,0.5357174873352051,0.7983809113502502
2025-06-03 02:15:23+00:00,0.5635166168212891,0.8573717474937439
2025-06-03 02:15:28+00:00,0.3111426532268524,0.9047214984893799
2025-06-03 02:15:33+00:00,0.32171669602394104,0.8153598308563232
2025-06-03 02:15:38+00:00,0.33326318860054016,0.8214161396026611
2025-06-03 02:15:43+00:00,0.11605427414178848,0.8457115292549133
2025-06-03 02:15:48+00:00,0.12041832506656647,0.8811191916465759
2025-06-03 02:15:53+00:00,0.12383972108364105,0.9105914831161499
2025-06-03 02:15:58+00:00,0.0834411010146141,0.9142311215400696
2025-06-03 02:16:03+00:00,0.0835273265838623,0.8883132934570312
2025-06-03 02:16:08+00:00,0.08363936841487885,0.8389924764633179
2025-06-03 02:16:13+00:00,0.16329364478588104,0.8463051915168762
2025-06-03 02:16:18+00:00,0.16132518649101257,0.888319730758667
2025-06-03 02:16:23+00:00,0.1597888320684433,0.7930078506469727
2025-06-03 02:16:28+00:00,0.37197285890579224,0.7355495095252991
2025-06-03 02:16:33+00:00,0.3704923987388611,0.7158637642860413
2025-06-03 02:16:38+00:00,0.36945492029190063,0.7596068382263184
2025-06-03 02:16:43+00:00,0.7123151421546936,0.8023024201393127
2025-06-03 02:16:48+00:00,0.7115558981895447,0.8976565599441528
2025-06-03 02:16:53+00:00,0.691596508026123,0.978023111820221
2025-06-03 02:16:58+00:00,0.3393285870552063,1.0148485898971558
2025-06-03 02:17:03+00:00,0.35264846682548523,1.049625039100647
2025-06-03 02:17:08+00:00,0.36293908953666687,0.9941534399986267
2025-06-03 02:17:13+00:00,0.18493486940860748,0.9954272508621216
2025-06-03 02:17:18+00:00,0.18799881637096405,0.9867368936538696
2025-06-03 02:17:23+00:00,0.19021998345851898,1.0520834922790527
2025-06-03 02:17:28+00:00,0.12187100201845169,1.0466474294662476
2025-06-03 02:17:33+00:00,0.12219501286745071,1.0467498302459717
2025-06-03 02:17:38+00:00,0.12241770327091217,1.0195797681808472
2025-06-03 02:17:43+00:00,0.17276670038700104,0.9962556958198547
2025-06-03 02:17:48+00:00,0.17273828387260437,1.0299408435821533
2025-06-03 02:17:53+00:00,0.17273828387260437,1.0578770637512207
2025-06-03 02:17:58+00:00,0.3751804530620575,0.9918412566184998
2025-06-03 02:18:03+00:00,0.37040647864341736,0.9502041935920715
2025-06-03 02:18:08+00:00,0.3659430146217346,0.909857988357544
2025-06-03 02:18:13+00:00,0.6739245653152466,0.9508453607559204
2025-06-03 02:18:18+00:00,0.6707586646080017,1.0471456050872803
2025-06-03 02:18:23+00:00,0.6685774922370911,1.1346114873886108
2025-06-03 02:18:28+00:00,0.8424915075302124,1.222151517868042
2025-06-03 02:18:33+00:00,0.3554367125034332,1.242332100868225
2025-06-03 02:18:38+00:00,0.3129570782184601,1.241120457649231
2025-06-03 02:18:43+00:00,0.2873425781726837,1.1622713804244995
2025-06-03 02:18:48+00:00,0.10844951122999191,1.1526117324829102
2025-06-03 02:18:53+00:00,0.1038837656378746,1.1074166297912598
2025-06-03 02:18:58+00:00,0.10105327516794205,1.148506760597229
2025-06-03 02:19:03+00:00,0.07449498027563095,1.1167185306549072
2025-06-03 02:19:08+00:00,0.07451299577951431,1.0838077068328857
2025-06-03 02:19:13+00:00,0.0744764432311058,1.0225639343261719
2025-06-03 02:19:18+00:00,0.1684190183877945,0.96673583984375
2025-06-03 02:19:23+00:00,0.16803325712680817,0.9824867844581604
2025-06-03 02:19:28+00:00,0.1678304225206375,0.9866265654563904
2025-06-03 02:19:33+00:00,0.3726526200771332,0.8626016974449158
2025-06-03 02:19:38+00:00,0.36847472190856934,0.7902970314025879
2025-06-03 02:19:43+00:00,0.36524534225463867,0.7241663336753845
2025-06-03 02:19:48+00:00,0.722072184085846,0.761187732219696
2025-06-03 02:19:53+00:00,0.7196928262710571,0.8517359495162964
2025-06-03 02:19:58+00:00,0.718010425567627,0.9324747920036316
2025-06-03 02:20:03+00:00,1.7637661695480347,1.0136111974716187
2025-06-03 02:20:08+00:00,0.9622350931167603,1.208532452583313
2025-06-03 02:20:13+00:00,0.884093701839447,1.2718008756637573
2025-06-03 02:20:18+00:00,0.5106282234191895,1.3158814907073975
2025-06-03 02:20:23+00:00,0.47460469603538513,1.2957186698913574
2025-06-03 02:20:28+00:00,0.4491604268550873,1.2727829217910767
2025-06-03 02:20:33+00:00,0.27372345328330994,1.2366141080856323
2025-06-03 02:20:38+00:00,0.26507994532585144,1.2744020223617554
2025-06-03 02:20:43+00:00,0.25912871956825256,1.2963157892227173
2025-06-03 02:20:48+00:00,0.275835245847702,1.2655891180038452
2025-06-03 02:20:53+00:00,0.2761463224887848,1.2266765832901
2025-06-03 02:20:58+00:00,0.27674898505210876,1.173232078552246
2025-06-03 02:21:03+00:00,0.31823667883872986,1.202239751815796
2025-06-03 02:21:08+00:00,0.3182933032512665,1.1823341846466064
2025-06-03 02:21:13+00:00,0.31833615899086,1.0812666416168213
2025-06-03 02:21:18+00:00,0.5005016326904297,0.9844714403152466
2025-06-03 02:21:23+00:00,0.5002089738845825,0.8610978722572327
2025-06-03 02:21:28+00:00,0.4999988079071045,0.8918301463127136
2025-06-03 02:21:33+00:00,0.8351966738700867,0.9337858557701111
2025-06-03 02:21:38+00:00,0.8304893374443054,1.0270134210586548
2025-06-03 02:21:43+00:00,0.8273972272872925,1.0890663862228394
2025-06-03 02:21:48+00:00,1.3845436573028564,1.141448736190796
2025-06-03 02:21:53+00:00,0.6226204633712769,1.250921607017517
2025-06-03 02:21:58+00:00,0.4859153926372528,1.2612916231155396
2025-06-03 02:22:03+00:00,0.3970848619937897,1.2582731246948242
2025-06-03 02:22:08+00:00,0.15360882878303528,1.1689046621322632
2025-06-03 02:22:13+00:00,0.1384025663137436,1.1210814714431763
2025-06-03 02:22:18+00:00,0.1294844001531601,1.052260160446167
2025-06-03 02:22:23+00:00,0.1307075470685959,1.1019487380981445
2025-06-03 02:22:28+00:00,0.13122005760669708,1.0858579874038696
2025-06-03 02:22:33+00:00,0.13166092336177826,1.0056167840957642
2025-06-03 02:22:38+00:00,0.34851449728012085,0.9445775151252747
2025-06-03 02:22:43+00:00,0.3494221866130829,0.8571303486824036
2025-06-03 02:22:48+00:00,0.3493287265300751,0.8428404331207275
2025-06-03 02:22:53+00:00,0.5984802842140198,0.8211488127708435
2025-06-03 02:22:58+00:00,0.5936923623085022,0.6978424787521362
2025-06-03 02:23:03+00:00,0.5915495753288269,0.6319884657859802
2025-06-03 02:23:08+00:00,0.946689784526825,0.5491368770599365
2025-06-03 02:23:13+00:00,0.9452908635139465,0.6506869196891785
2025-06-03 02:23:18+00:00,0.9443362951278687,0.6661134362220764
2025-06-03 02:23:23+00:00,1.434504508972168,0.6647634506225586
2025-06-03 02:23:28+00:00,1.4254570007324219,0.7173248529434204
2025-06-03 02:23:33+00:00,1.4207775592803955,0.7779291272163391
2025-06-03 02:23:38+00:00,2.0902798175811768,0.8233433365821838
2025-06-03 02:23:43+00:00,2.0875487327575684,0.9285678863525391
2025-06-03 02:23:48+00:00,0.2859281599521637,1.0350829362869263
2025-06-03 02:23:53+00:00,0.2784903943538666,1.092798113822937
2025-06-03 02:23:58+00:00,0.27381283044815063,1.109381079673767
2025-06-03 02:24:03+00:00,0.12101621180772781,1.0074458122253418
2025-06-03 02:24:08+00:00,0.1200946494936943,0.9425391554832458
2025-06-03 02:24:13+00:00,0.1194404736161232,0.9164865612983704
2025-06-03 02:24:18+00:00,0.12019370496273041,1.0315783023834229
2025-06-03 02:24:23+00:00,0.11869379132986069,1.0269140005111694
2025-06-03 02:24:28+00:00,0.11824602633714676,0.9731467962265015
2025-06-03 02:24:33+00:00,0.24633605778217316,0.9321497082710266
2025-06-03 02:24:38+00:00,0.24589765071868896,0.8364080786705017
2025-06-03 02:24:43+00:00,0.24548864364624023,0.8380299806594849
2025-06-03 02:24:48+00:00,0.4990536868572235,0.8670479655265808
2025-06-03 02:24:53+00:00,0.4987032115459442,0.7289020419120789
2025-06-03 02:24:58+00:00,0.4984610378742218,0.5625969171524048
2025-06-03 02:25:03+00:00,0.8868607878684998,0.42544496059417725
2025-06-03 02:25:08+00:00,0.879093587398529,0.515895426273346
2025-06-03 02:25:13+00:00,0.8753561973571777,0.5117102265357971
2025-06-03 02:25:18+00:00,1.410787582397461,0.48496711254119873
2025-06-03 02:25:23+00:00,1.4085938930511475,0.5188158750534058
2025-06-03 02:25:28+00:00,1.4070918560028076,0.5605556964874268
2025-06-03 02:25:33+00:00,1.6372781991958618,0.590199887752533
2025-06-03 02:25:38+00:00,1.6116857528686523,0.9508000612258911
2025-06-03 02:25:43+00:00,1.378793716430664,1.202172875404358
2025-06-03 02:25:48+00:00,1.4697822332382202,1.2389634847640991
2025-06-03 02:25:53+00:00,1.5346091985702515,1.410322904586792
2025-06-03 02:25:58+00:00,1.279943823814392,1.5452296733856201
2025-06-03 02:26:03+00:00,1.29422128200531,1.7001255750656128
2025-06-03 02:26:08+00:00,1.3037594556808472,1.858642339706421
2025-06-03 02:26:13+00:00,1.1109015941619873,1.9436750411987305
2025-06-03 02:26:18+00:00,1.1130985021591187,2.068826675415039
2025-06-03 02:26:23+00:00,1.1145542860031128,2.163700580596924
2025-06-03 02:26:28+00:00,1.0883064270019531,2.320537567138672
2025-06-03 02:26:33+00:00,1.0879484415054321,2.5085315704345703
2025-06-03 02:26:38+00:00,1.0881303548812866,2.5386600494384766
2025-06-03 02:26:43+00:00,1.1519666910171509,2.6083269119262695
2025-06-03 02:26:48+00:00,1.1519323587417603,2.747098684310913
2025-06-03 02:26:53+00:00,1.151911973953247,2.8080830574035645
2025-06-03 02:26:58+00:00,1.3503035306930542,2.8357226848602295
2025-06-03 02:27:03+00:00,1.350447416305542,2.9167745113372803
2025-06-03 02:27:08+00:00,1.3500174283981323,2.993704080581665
2025-06-03 02:27:13+00:00,1.5941658020019531,3.0649242401123047
2025-06-03 02:27:18+00:00,1.6690229177474976,3.1814451217651367
2025-06-03 02:27:23+00:00,1.4893147945404053,3.030191421508789
2025-06-03 02:27:28+00:00,1.0458441972732544,2.858722686767578
2025-06-03 02:27:33+00:00,0.5697404146194458,2.6554646492004395
2025-06-03 02:27:38+00:00,0.38809067010879517,2.4820327758789062
2025-06-03 02:27:43+00:00,0.2923199534416199,2.315345048904419
2025-06-03 02:27:48+00:00,0.2554669678211212,2.269319772720337
2025-06-03 02:27:53+00:00,0.25274279713630676,2.1495587825775146
2025-06-03 02:27:58+00:00,0.25404033064842224,1.9476858377456665
2025-06-03 02:28:03+00:00,0.4284757077693939,1.74215567111969
2025-06-03 02:28:08+00:00,0.43375062942504883,1.5461629629135132
2025-06-03 02:28:13+00:00,0.43375062942504883,1.3145447969436646
2025-06-03 02:28:18+00:00,0.6979538798332214,1.15743887424469
2025-06-03 02:28:23+00:00,0.6869714856147766,0.9752658009529114
2025-06-03 02:28:28+00:00,0.6824830770492554,0.7989091873168945
2025-06-03 02:28:33+00:00,1.10304856300354,0.5463606119155884
2025-06-03 02:28:38+00:00,1.1005144119262695,0.5720094442367554
2025-06-03 02:28:43+00:00,1.098833441734314,0.5738306045532227
2025-06-03 02:28:48+00:00,1.6756455898284912,0.5404627323150635
2025-06-03 02:28:53+00:00,1.674597978591919,0.5654347538948059
2025-06-03 02:28:58+00:00,1.503633737564087,0.5932218432426453
2025-06-03 02:29:03+00:00,1.3953649997711182,1.0102988481521606
2025-06-03 02:29:08+00:00,1.4611914157867432,1.2666822671890259
2025-06-03 02:29:13+00:00,1.1652284860610962,1.312880039215088
2025-06-03 02:29:18+00:00,1.2228155136108398,1.4277312755584717
2025-06-03 02:29:23+00:00,1.2578011751174927,1.5301487445831299
2025-06-03 02:29:28+00:00,1.0370633602142334,1.6809505224227905
2025-06-03 02:29:33+00:00,1.0449512004852295,1.7942434549331665
2025-06-03 02:29:38+00:00,1.050826072692871,1.8653026819229126
2025-06-03 02:29:43+00:00,0.8982819318771362,1.965363621711731
2025-06-03 02:29:48+00:00,0.8997200727462769,2.023209810256958
2025-06-03 02:29:53+00:00,0.8998327255249023,2.150052785873413
2025-06-03 02:29:58+00:00,0.8223153352737427,2.302194595336914
2025-06-03 02:30:03+00:00,0.8223269581794739,2.324643850326538
2025-06-03 02:30:08+00:00,0.8223351240158081,2.357196807861328
2025-06-03 02:30:13+00:00,0.8874102234840393,2.434650421142578
2025-06-03 02:30:18+00:00,0.8874005675315857,2.489680051803589
2025-06-03 02:30:23+00:00,0.8874005675315857,2.5226356983184814
2025-06-03 02:30:28+00:00,1.1341243982315063,2.5481700897216797
2025-06-03 02:30:33+00:00,2.1401631832122803,2.6314475536346436
2025-06-03 02:30:38+00:00,1.9303550720214844,2.5412614345550537
2025-06-03 02:30:43+00:00,0.9918454885482788,2.4239094257354736
2025-06-03 02:30:48+00:00,0.685822606086731,2.276888132095337
2025-06-03 02:30:53+00:00,0.49413734674453735,2.149973154067993
2025-06-03 02:30:58+00:00,0.29174062609672546,2.0115036964416504
2025-06-03 02:31:03+00:00,0.25977823138237,1.9706673622131348
2025-06-03 02:31:08+00:00,0.2450609654188156,1.8822824954986572
2025-06-03 02:31:13+00:00,0.32750973105430603,1.7363345623016357
2025-06-03 02:31:18+00:00,0.3312390446662903,1.6006125211715698
2025-06-03 02:31:23+00:00,0.3338300585746765,1.4605035781860352
2025-06-03 02:31:28+00:00,0.6539854407310486,1.3956339359283447
2025-06-03 02:31:33+00:00,0.6535053253173828,1.3077399730682373
2025-06-03 02:31:38+00:00,0.653168261051178,1.0744893550872803
2025-06-03 02:31:43+00:00,0.9953786134719849,0.8878687024116516
2025-06-03 02:31:48+00:00,0.995089590549469,0.8059204816818237
2025-06-03 02:31:53+00:00,0.995089590549469,0.8908829689025879
2025-06-03 02:31:58+00:00,1.4950069189071655,0.8791812658309937
2025-06-03 02:32:03+00:00,1.486993670463562,0.9327625036239624
2025-06-03 02:32:08+00:00,0.30623874068260193,0.9871652722358704
2025-06-03 02:32:13+00:00,0.13331811130046844,1.0340672731399536
2025-06-03 02:32:18+00:00,0.13377822935581207,1.042497158050537
2025-06-03 02:32:23+00:00,0.1354595422744751,0.9361933469772339
2025-06-03 02:32:28+00:00,0.09109745919704437,0.9134759902954102
2025-06-03 02:32:33+00:00,0.08742270618677139,0.9027715921401978
2025-06-03 02:32:38+00:00,0.08554860204458237,0.9461667537689209
2025-06-03 02:32:43+00:00,0.15576931834220886,0.9370273947715759
2025-06-03 02:32:48+00:00,0.15318574011325836,0.8705534338951111
2025-06-03 02:32:53+00:00,0.15150761604309082,0.8060906529426575
2025-06-03 02:32:58+00:00,0.37038978934288025,0.7447537183761597
2025-06-03 02:33:03+00:00,0.36399707198143005,0.7469266057014465
2025-06-03 02:33:08+00:00,0.35988637804985046,0.7660484910011292
2025-06-03 02:33:13+00:00,0.6949030160903931,0.8520682454109192
2025-06-03 02:33:18+00:00,0.6919487714767456,0.7705226540565491
2025-06-03 02:33:23+00:00,0.690050482749939,0.6102750301361084
2025-06-03 02:33:28+00:00,1.1468467712402344,0.6395584344863892
2025-06-03 02:33:33+00:00,1.1354471445083618,0.7231972813606262
2025-06-03 02:33:38+00:00,1.1277581453323364,0.7944108247756958
2025-06-03 02:33:43+00:00,0.6877535581588745,0.8707876801490784
2025-06-03 02:33:48+00:00,0.16072027385234833,0.9165011644363403
2025-06-03 02:33:53+00:00,0.15360236167907715,0.8909410238265991
2025-06-03 02:33:58+00:00,0.14928700029850006,0.8263915777206421
2025-06-03 02:34:03+00:00,0.10125187784433365,0.8301047682762146
2025-06-03 02:34:08+00:00,0.10091891139745712,0.7975492477416992
2025-06-03 02:34:13+00:00,0.1009938046336174,0.870962381362915
2025-06-03 02:34:18+00:00,0.18410253524780273,0.8339195847511292
2025-06-03 02:34:23+00:00,0.18464644253253937,0.8110193610191345
2025-06-03 02:34:28+00:00,0.18498431146144867,0.7953345775604248
2025-06-03 02:34:33+00:00,0.39412662386894226,0.7612670063972473
2025-06-03 02:34:38+00:00,0.39341503381729126,0.8091560006141663
2025-06-03 02:34:43+00:00,0.3930372893810272,0.8742833733558655
2025-06-03 02:34:48+00:00,0.728408694267273,0.7691671252250671
2025-06-03 02:34:53+00:00,0.7281571626663208,0.7562528252601624
2025-06-03 02:34:58+00:00,0.7281571626663208,0.6449167132377625
2025-06-03 02:35:03+00:00,1.2088567018508911,0.6618323922157288
2025-06-03 02:35:08+00:00,1.2088567018508911,0.7213830947875977
2025-06-03 02:35:13+00:00,1.2088567018508911,0.7708527445793152
2025-06-03 02:35:18+00:00,0.3795914053916931,0.823555588722229
2025-06-03 02:35:23+00:00,0.4401627480983734,0.9475451707839966
2025-06-03 02:35:28+00:00,0.242177352309227,1.0059044361114502
2025-06-03 02:35:33+00:00,0.28127628564834595,0.9638163447380066
2025-06-03 02:35:38+00:00,0.31809648871421814,1.0187487602233887
2025-06-03 02:35:43+00:00,0.1903085708618164,1.0393306016921997
2025-06-03 02:35:48+00:00,0.20373527705669403,1.0640913248062134
2025-06-03 02:35:53+00:00,0.21336403489112854,1.058851957321167
2025-06-03 02:35:58+00:00,0.7417770624160767,1.015999436378479
2025-06-03 02:36:03+00:00,1.2093435525894165,1.0565086603164673
2025-06-03 02:36:08+00:00,1.3388633728027344,1.0603598356246948
2025-06-03 02:36:13+00:00,2.9744455814361572,1.136046290397644
2025-06-03 02:36:18+00:00,,1.2387583255767822
2025-06-03 02:36:23+00:00,,
2025-06-03 02:36:28+00:00,,
2025-06-03 02:36:33+00:00,,
2025-06-03 02:36:38+00:00,,
2025-06-03 02:36:43+00:00,,
2025-06-03 02:36:48+00:00,,
2025-06-03 02:36:53+00:00,,
2025-06-03 02:36:58+00:00,,
2025-06-03 02:37:03+00:00,,
2025-06-03 02:37:08+00:00,,
2025-06-03 02:37:13+00:00,,
2025-06-03 02:37:18+00:00,,
2025-06-03 02:37:23+00:00,,
2025-06-03 02:37:28+00:00,,
2025-06-03 02:37:33+00:00,,
2025-06-03 02:37:38+00:00,,
2025-06-03 02:37:43+00:00,,
2025-06-03 02:37:48+00:00,,
2025-06-03 02:37:53+00:00,,
2025-06-03 02:37:58+00:00,,
2025-06-03 02:38:03+00:00,,
2025-06-03 02:38:08+00:00,,
2025-06-03 02:38:13+00:00,,
2025-06-03 02:38:18+00:00,,
2025-06-03 02:38:23+00:00,,
2025-06-03 02:38:28+00:00,,
2025-06-03 02:38:33+00:00,,
2025-06-03 02:38:38+00:00,,
2025-06-03 02:38:43+00:00,,
2025-06-03 02:38:48+00:00,,
2025-06-03 02:38:53+00:00,,
2025-06-03 02:38:58+00:00,,
2025-06-03 02:39:03+00:00,,
2025-06-03 02:39:08+00:00,,
2025-06-03 02:39:13+00:00,,
2025-06-03 02:39:18+00:00,,
2025-06-03 02:39:23+00:00,,
2025-06-03 02:39:28+00:00,,
2025-06-03 02:39:33+00:00,,
2025-06-03 02:39:38+00:00,,
2025-06-03 02:39:43+00:00,,
2025-06-03 02:39:48+00:00,,
2025-06-03 02:39:53+00:00,,
2025-06-03 02:39:58+00:00,,
2025-06-03 02:40:03+00:00,,
2025-06-03 02:40:08+00:00,,
2025-06-03 02:40:13+00:00,,
2025-06-03 02:40:18+00:00,,
2025-06-03 02:40:23+00:00,,
2025-06-03 02:40:28+00:00,,
2025-06-03 02:40:33+00:00,,
2025-06-03 02:40:38+00:00,,
2025-06-03 02:40:43+00:00,,
2025-06-03 02:40:48+00:00,,
2025-06-03 02:40:53+00:00,,
2025-06-03 02:40:58+00:00,,
2025-06-03 02:41:03+00:00,,
2025-06-03 02:41:08+00:00,,
2025-06-03 02:41:13+00:00,,
2025-06-03 02:41:18+00:00,,
2025-06-03 02:41:23+00:00,,
2025-06-03 02:41:28+00:00,,
2025-06-03 02:41:33+00:00,,
2025-06-03 02:41:38+00:00,,
2025-06-03 02:41:43+00:00,,
2025-06-03 02:41:48+00:00,,
2025-06-03 02:41:53+00:00,,
2025-06-03 02:41:58+00:00,,
2025-06-03 02:42:03+00:00,,
2025-06-03 02:42:08+00:00,,
2025-06-03 02:42:13+00:00,,
2025-06-03 02:42:18+00:00,,
2025-06-03 02:42:23+00:00,,
2025-06-03 02:42:28+00:00,,
2025-06-03 02:42:33+00:00,,
2025-06-03 02:42:38+00:00,,
2025-06-03 02:42:43+00:00,,
2025-06-03 02:42:48+00:00,,
2025-06-03 02:42:53+00:00,,
2025-06-03 02:42:58+00:00,,
2025-06-03 02:43:03+00:00,,
2025-06-03 02:43:08+00:00,,
2025-06-03 02:43:13+00:00,,
2025-06-03 02:43:18+00:00,,
2025-06-03 02:43:23+00:00,,
2025-06-03 02:43:28+00:00,,
2025-06-03 02:43:33+00:00,,
2025-06-03 02:43:38+00:00,,
2025-06-03 02:43:43+00:00,,
2025-06-03 02:43:48+00:00,,
2025-06-03 02:43:53+00:00,,
2025-06-03 02:43:58+00:00,,
2025-06-03 02:44:03+00:00,,
2025-06-03 02:44:08+00:00,,
2025-06-03 02:44:13+00:00,,
2025-06-03 02:44:18+00:00,,
2025-06-03 02:44:23+00:00,,
2025-06-03 02:44:28+00:00,,
2025-06-03 02:44:33+00:00,,
2025-06-03 02:44:38+00:00,,
2025-06-03 02:44:43+00:00,,
2025-06-03 02:44:48+00:00,,
2025-06-03 02:44:53+00:00,,
2025-06-03 02:44:58+00:00,,
2025-06-03 02:45:03+00:00,,
2025-06-03 02:45:08+00:00,,
2025-06-03 02:45:13+00:00,,
2025-06-03 02:45:18+00:00,,
2025-06-03 02:45:23+00:00,,
2025-06-03 02:45:28+00:00,,
2025-06-03 02:45:33+00:00,,
2025-06-03 02:45:38+00:00,,
2025-06-03 02:45:43+00:00,,
2025-06-03 02:45:48+00:00,,
2025-06-03 02:45:53+00:00,,
2025-06-03 02:45:58+00:00,,
2025-06-03 02:46:03+00:00,,
2025-06-03 02:46:08+00:00,,
2025-06-03 02:46:13+00:00,,
2025-06-03 02:46:18+00:00,,
2025-06-03 02:46:23+00:00,,
2025-06-03 02:46:28+00:00,,
2025-06-03 02:46:33+00:00,,
2025-06-03 02:46:38+00:00,,
2025-06-03 02:46:43+00:00,,
2025-06-03 02:46:48+00:00,,
2025-06-03 02:46:53+00:00,,
2025-06-03 02:46:58+00:00,,
2025-06-03 02:47:03+00:00,,
2025-06-03 02:47:08+00:00,,
2025-06-03 02:47:13+00:00,,
2025-06-03 02:47:18+00:00,,
2025-06-03 02:47:23+00:00,,
2025-06-03 02:47:28+00:00,,
2025-06-03 02:47:33+00:00,,
2025-06-03 02:47:38+00:00,,
2025-06-03 02:47:43+00:00,,
2025-06-03 02:47:48+00:00,,
2025-06-03 02:47:53+00:00,,
2025-06-03 02:47:58+00:00,,
2025-06-03 02:48:03+00:00,,
2025-06-03 02:48:08+00:00,,
2025-06-03 02:48:13+00:00,,
2025-06-03 02:48:18+00:00,,
2025-06-03 02:48:23+00:00,,
2025-06-03 02:48:28+00:00,,
2025-06-03 02:48:33+00:00,,
2025-06-03 02:48:38+00:00,,
2025-06-03 02:48:43+00:00,,
2025-06-03 02:48:48+00:00,,
2025-06-03 02:48:53+00:00,,
2025-06-03 02:48:58+00:00,,
2025-06-03 02:49:03+00:00,,
2025-06-03 02:49:08+00:00,,
2025-06-03 02:49:13+00:00,,
2025-06-03 02:49:18+00:00,,
2025-06-03 02:49:23+00:00,,
2025-06-03 02:49:28+00:00,,
2025-06-03 02:49:33+00:00,,
2025-06-03 02:49:38+00:00,,
2025-06-03 02:49:43+00:00,,
2025-06-03 02:49:48+00:00,,
2025-06-03 02:49:53+00:00,,
2025-06-03 02:49:58+00:00,,
2025-06-03 02:50:03+00:00,,
2025-06-03 02:50:08+00:00,,
2025-06-03 02:50:13+00:00,,
2025-06-03 02:50:18+00:00,,
2025-06-03 02:50:23+00:00,,
2025-06-03 02:50:28+00:00,,
2025-06-03 02:50:33+00:00,,
2025-06-03 02:50:38+00:00,,
2025-06-03 02:50:43+00:00,,
2025-06-03 02:50:48+00:00,,
2025-06-03 02:50:53+00:00,,
2025-06-03 02:50:58+00:00,,
2025-06-03 02:51:03+00:00,,
2025-06-03 02:51:08+00:00,,
2025-06-03 02:51:13+00:00,,
2025-06-03 02:51:18+00:00,,
2025-06-03 02:51:23+00:00,,
2025-06-03 02:51:28+00:00,,
2025-06-03 02:51:33+00:00,,
2025-06-03 02:51:38+00:00,,
2025-06-03 02:51:43+00:00,,
2025-06-03 02:51:48+00:00,,
2025-06-03 02:51:53+00:00,,
2025-06-03 02:51:58+00:00,,
2025-06-03 02:52:03+00:00,,
2025-06-03 02:52:08+00:00,,
2025-06-03 02:52:13+00:00,,
2025-06-03 02:52:18+00:00,,
2025-06-03 02:52:23+00:00,,
2025-06-03 02:52:28+00:00,,
2025-06-03 02:52:33+00:00,,
2025-06-03 02:52:38+00:00,,
2025-06-03 02:52:43+00:00,,
2025-06-03 02:52:48+00:00,,
2025-06-03 02:52:53+00:00,,
2025-06-03 02:52:58+00:00,,
2025-06-03 02:53:03+00:00,,
2025-06-03 02:53:08+00:00,,
2025-06-03 02:53:13+00:00,,
2025-06-03 02:53:18+00:00,,
2025-06-03 02:53:23+00:00,,
2025-06-03 02:53:28+00:00,,
2025-06-03 02:53:33+00:00,,
2025-06-03 02:53:38+00:00,,
2025-06-03 02:53:43+00:00,,
2025-06-03 02:53:48+00:00,,
2025-06-03 02:53:53+00:00,,
2025-06-03 02:53:58+00:00,,
2025-06-03 02:54:03+00:00,,
2025-06-03 02:54:08+00:00,,
2025-06-03 02:54:13+00:00,,
2025-06-03 02:54:18+00:00,,
2025-06-03 02:54:23+00:00,,
2025-06-03 02:54:28+00:00,,
2025-06-03 02:54:33+00:00,,
2025-06-03 02:54:38+00:00,,
2025-06-03 02:54:43+00:00,,
2025-06-03 02:54:48+00:00,,
2025-06-03 02:54:53+00:00,,
2025-06-03 02:54:58+00:00,,
2025-06-03 02:55:03+00:00,,
2025-06-03 02:55:08+00:00,,
2025-06-03 02:55:13+00:00,,
2025-06-03 02:55:18+00:00,,
2025-06-03 02:55:23+00:00,,
2025-06-03 02:55:28+00:00,,
2025-06-03 02:55:33+00:00,,
2025-06-03 02:55:38+00:00,,
2025-06-03 02:55:43+00:00,,
2025-06-03 02:55:48+00:00,,
2025-06-03 02:55:53+00:00,,
2025-06-03 02:55:58+00:00,,
2025-06-03 02:56:03+00:00,,
2025-06-03 02:56:08+00:00,,
2025-06-03 02:56:13+00:00,,
2025-06-03 02:56:18+00:00,,
2025-06-03 02:56:23+00:00,,
2025-06-03 02:56:28+00:00,,
2025-06-03 02:56:33+00:00,,
2025-06-03 02:56:38+00:00,,
2025-06-03 02:56:43+00:00,,
2025-06-03 02:56:48+00:00,,
2025-06-03 02:56:53+00:00,,
2025-06-03 02:56:58+00:00,,
2025-06-03 02:57:03+00:00,,
2025-06-03 02:57:08+00:00,,
2025-06-03 02:57:13+00:00,,
2025-06-03 02:57:18+00:00,,
2025-06-03 02:57:23+00:00,,
2025-06-03 02:57:28+00:00,,
2025-06-03 02:57:33+00:00,,
2025-06-03 02:57:38+00:00,,
2025-06-03 02:57:43+00:00,,
2025-06-03 02:57:48+00:00,,
2025-06-03 02:57:53+00:00,,
2025-06-03 02:57:58+00:00,,
2025-06-03 02:58:03+00:00,,
2025-06-03 02:58:08+00:00,,
2025-06-03 02:58:13+00:00,,
2025-06-03 02:58:18+00:00,,
2025-06-03 02:58:23+00:00,,
2025-06-03 02:58:28+00:00,,
2025-06-03 02:58:33+00:00,,
2025-06-03 02:58:38+00:00,,
2025-06-03 02:58:43+00:00,,
2025-06-03 02:58:48+00:00,,
2025-06-03 02:58:53+00:00,,
2025-06-03 02:58:58+00:00,,
2025-06-03 02:59:03+00:00,,
2025-06-03 02:59:08+00:00,,
2025-06-03 02:59:13+00:00,,
2025-06-03 02:59:18+00:00,,
2025-06-03 02:59:23+00:00,,
2025-06-03 02:59:28+00:00,,
2025-06-03 02:59:33+00:00,,
2025-06-03 02:59:38+00:00,,
2025-06-03 02:59:43+00:00,,
2025-06-03 02:59:48+00:00,,
2025-06-03 02:59:53+00:00,,
2025-06-03 02:59:58+00:00,,
2025-06-03 03:00:03+00:00,,
2025-06-03 03:00:08+00:00,,
2025-06-03 03:00:13+00:00,,
2025-06-03 03:00:18+00:00,,
2025-06-03 03:00:23+00:00,,
2025-06-03 03:00:28+00:00,,
2025-06-03 03:00:33+00:00,,
2025-06-03 03:00:38+00:00,,
2025-06-03 03:00:43+00:00,,
2025-06-03 03:00:48+00:00,,
2025-06-03 03:00:53+00:00,,
2025-06-03 03:00:58+00:00,,
2025-06-03 03:01:03+00:00,,
2025-06-03 03:01:08+00:00,,
2025-06-03 03:01:13+00:00,,
2025-06-03 03:01:18+00:00,,
2025-06-03 03:01:23+00:00,,
2025-06-03 03:01:28+00:00,,
2025-06-03 03:01:33+00:00,,
2025-06-03 03:01:38+00:00,,
2025-06-03 03:01:43+00:00,,
2025-06-03 03:01:48+00:00,,
2025-06-03 03:01:53+00:00,,
2025-06-03 03:01:58+00:00,,
2025-06-03 03:02:03+00:00,,
2025-06-03 03:02:08+00:00,,
2025-06-03 03:02:13+00:00,,
2025-06-03 03:02:18+00:00,,
2025-06-03 03:02:23+00:00,,
2025-06-03 03:02:28+00:00,,
2025-06-03 03:02:33+00:00,,
2025-06-03 03:02:38+00:00,0.42805081605911255,
2025-06-03 03:02:43+00:00,0.4251117408275604,
2025-06-03 03:02:48+00:00,0.7422581315040588,
2025-06-03 03:02:53+00:00,0.7409482598304749,
2025-06-03 03:02:58+00:00,0.7409482598304749,
2025-06-03 03:03:03+00:00,0.9760230183601379,1.3063400983810425
2025-06-03 03:03:08+00:00,0.9348493218421936,1.3413219451904297
2025-06-03 03:03:13+00:00,0.545799970626831,1.3618769645690918
2025-06-03 03:03:18+00:00,0.5266203284263611,1.2466721534729004
2025-06-03 03:03:23+00:00,0.5130326151847839,1.2273136377334595
2025-06-03 03:03:28+00:00,0.22157441079616547,1.2148677110671997
2025-06-03 03:03:33+00:00,0.2203100472688675,1.2335398197174072
2025-06-03 03:03:38+00:00,0.21990706026554108,1.2355881929397583
2025-06-03 03:03:43+00:00,0.08597544580698013,1.1696596145629883
2025-06-03 03:03:48+00:00,0.0871855616569519,1.0937970876693726
2025-06-03 03:03:53+00:00,0.08840984106063843,1.0294641256332397
2025-06-03 03:03:58+00:00,0.07989899069070816,1.0348376035690308
2025-06-03 03:04:03+00:00,0.08005145937204361,1.022945761680603
2025-06-03 03:04:08+00:00,0.08038677275180817,0.8938306570053101
2025-06-03 03:04:13+00:00,0.17706777155399323,0.7820248603820801
2025-06-03 03:04:18+00:00,0.17580509185791016,1.6953983306884766
2025-06-03 03:04:23+00:00,0.17499792575836182,1.3234343528747559
2025-06-03 03:04:28+00:00,0.3944866359233856,0.6904022693634033
2025-06-03 03:04:33+00:00,0.38994380831718445,0.7425743341445923
2025-06-03 03:04:38+00:00,0.38638314604759216,0.7930322289466858
2025-06-03 03:04:43+00:00,0.7417036294937134,0.8401272892951965
2025-06-03 03:04:48+00:00,0.7392064332962036,0.936352550983429
2025-06-03 03:04:53+00:00,1.0609432458877563,1.0265212059020996
2025-06-03 03:04:58+00:00,0.5624842047691345,1.0570285320281982
2025-06-03 03:05:03+00:00,0.4603657126426697,1.0936063528060913
2025-06-03 03:05:08+00:00,0.3970634639263153,1.0597294569015503
2025-06-03 03:05:13+00:00,0.14934882521629333,1.0515427589416504
2025-06-03 03:05:18+00:00,0.13270162045955658,1.0149644613265991
2025-06-03 03:05:23+00:00,0.12174419313669205,1.0331116914749146
2025-06-03 03:05:28+00:00,0.14092426002025604,1.046337366104126
2025-06-03 03:05:33+00:00,0.1394813507795334,0.9809444546699524
2025-06-03 03:05:38+00:00,0.13863089680671692,0.9510446190834045
2025-06-03 03:05:43+00:00,0.18397949635982513,0.9018919467926025
2025-06-03 03:05:48+00:00,0.17821906507015228,0.9199735522270203
2025-06-03 03:05:53+00:00,0.17510263621807098,0.9126694202423096
2025-06-03 03:05:58+00:00,0.3797155022621155,0.8100046515464783
2025-06-03 03:06:03+00:00,0.3767321705818176,0.7150647044181824
2025-06-03 03:06:08+00:00,0.3746202290058136,0.6309535503387451
2025-06-03 03:06:13+00:00,0.6923437118530273,0.6650713086128235
2025-06-03 03:06:18+00:00,0.6905940175056458,0.720713198184967
2025-06-03 03:06:23+00:00,0.6893673539161682,0.7506163716316223
2025-06-03 03:06:28+00:00,1.1526943445205688,0.7677333354949951
2025-06-03 03:06:33+00:00,1.1429550647735596,0.8473830223083496
2025-06-03 03:06:38+00:00,1.1369826793670654,0.9267528057098389
2025-06-03 03:06:43+00:00,1.7616790533065796,0.997295618057251
2025-06-03 03:06:48+00:00,1.757765769958496,1.1196057796478271
2025-06-03 03:06:53+00:00,1.7549378871917725,1.2331067323684692
2025-06-03 03:06:58+00:00,2.4816231727600098,1.3399451971054077
2025-06-03 03:07:03+00:00,2.4798710346221924,1.5103893280029297
2025-06-03 03:07:08+00:00,2.47863507270813,1.6743950843811035
2025-06-03 03:07:13+00:00,3.338625192642212,1.8401561975479126
2025-06-03 03:07:18+00:00,3.3225274085998535,2.0633811950683594
2025-06-03 03:07:23+00:00,3.311892032623291,2.283737897872925
2025-06-03 03:07:28+00:00,4.286813259124756,2.504157304763794
2025-06-03 03:07:33+00:00,0.5736218690872192,2.77107310295105
2025-06-03 03:07:38+00:00,0.28294143080711365,2.780120372772217
2025-06-03 03:07:43+00:00,0.2798156142234802,2.7650156021118164
2025-06-03 03:07:48+00:00,0.27764973044395447,2.550313711166382
2025-06-03 03:07:53+00:00,0.07853832095861435,2.4782474040985107
2025-06-03 03:07:58+00:00,0.07799257338047028,2.3548226356506348
2025-06-03 03:08:03+00:00,0.0775858536362648,2.316012382507324
2025-06-03 03:08:08+00:00,0.042365919798612595,2.2584993839263916
2025-06-03 03:08:13+00:00,1.884137749671936,2.079970359802246
2025-06-03 03:08:18+00:00,1.9841328859329224,2.050698757171631
2025-06-03 03:08:23+00:00,2.143332004547119,2.056542158126831
2025-06-03 03:08:28+00:00,1.8842450380325317,2.0747263431549072
2025-06-03 03:08:33+00:00,1.9394997358322144,2.106675863265991
2025-06-03 03:08:38+00:00,1.971493124961853,1.9268847703933716
2025-06-03 03:08:43+00:00,1.5193250179290771,1.7917413711547852
2025-06-03 03:08:48+00:00,1.5269311666488647,1.619441270828247
2025-06-03 03:08:53+00:00,1.657878041267395,1.7300167083740234
2025-06-03 03:08:58+00:00,1.6778169870376587,1.8002656698226929
2025-06-03 03:09:03+00:00,1.0742738246917725,1.8338041305541992
2025-06-03 03:09:08+00:00,1.0108606815338135,1.879953384399414
2025-06-03 03:09:13+00:00,0.96530681848526,1.9537440538406372
2025-06-03 03:09:18+00:00,0.6827677488327026,1.9947052001953125
2025-06-03 03:09:23+00:00,0.6617869734764099,2.0628511905670166
2025-06-03 03:09:28+00:00,0.6466110348701477,2.1310880184173584
2025-06-03 03:09:33+00:00,0.529326856136322,2.0297279357910156
2025-06-03 03:09:38+00:00,1.8237473964691162,1.9247006177902222
2025-06-03 03:09:43+00:00,1.447637677192688,1.7675222158432007
2025-06-03 03:09:48+00:00,0.747221827507019,1.6613132953643799
2025-06-03 03:09:53+00:00,0.5664170980453491,1.4942671060562134
2025-06-03 03:09:58+00:00,0.45614156126976013,1.3343957662582397
2025-06-03 03:10:03+00:00,0.2510780692100525,1.1811299324035645
2025-06-03 03:10:08+00:00,0.2271023839712143,1.0818910598754883
2025-06-03 03:10:13+00:00,0.2135547250509262,1.0403050184249878
2025-06-03 03:10:18+00:00,0.23735526204109192,0.9783958792686462
2025-06-03 03:10:23+00:00,0.23733209073543549,0.9128972887992859
2025-06-03 03:10:28+00:00,0.23746831715106964,0.8426467776298523
2025-06-03 03:10:33+00:00,0.6994474530220032,0.8239941596984863
2025-06-03 03:10:38+00:00,0.695018470287323,0.7775344252586365
2025-06-03 03:10:43+00:00,0.6917977929115295,0.6852774024009705
2025-06-03 03:10:48+00:00,0.46206802129745483,0.594357430934906
2025-06-03 03:10:53+00:00,0.46280792355537415,0.5317303538322449
2025-06-03 03:10:58+00:00,0.4632839858531952,0.5266072154045105
2025-06-03 03:11:03+00:00,0.4794914424419403,0.5683597326278687
2025-06-03 03:11:08+00:00,0.4802769124507904,0.5760868787765503
2025-06-03 03:11:13+00:00,0.48079949617385864,0.5624330043792725
2025-06-03 03:11:18+00:00,0.3841407299041748,3.1619386672973633
2025-06-03 03:11:23+00:00,0.43740662932395935,2.9155516624450684
2025-06-03 03:11:28+00:00,0.2525612711906433,2.6917316913604736
2025-06-03 03:11:33+00:00,0.2875971496105194,2.444920063018799
2025-06-03 03:11:38+00:00,0.32259097695350647,2.108612537384033
2025-06-03 03:11:43+00:00,0.11640839278697968,1.894741415977478
2025-06-03 03:11:48+00:00,0.1296023428440094,1.7486331462860107
2025-06-03 03:11:53+00:00,0.14010480046272278,1.715334177017212
2025-06-03 03:11:58+00:00,0.05813046172261238,1.6984953880310059
2025-06-03 03:12:03+00:00,0.061409883201122284,1.6534004211425781
2025-06-03 03:12:08+00:00,0.06410594284534454,1.6454064846038818
2025-06-03 03:12:13+00:00,0.8838288187980652,1.5270285606384277
2025-06-03 03:12:18+00:00,0.7264357209205627,1.043899416923523
2025-06-03 03:12:23+00:00,0.3323403000831604,0.555057168006897
2025-06-03 03:12:28+00:00,0.29178711771965027,0.5135418772697449
2025-06-03 03:12:33+00:00,0.26698383688926697,0.5243359804153442
2025-06-03 03:12:38+00:00,0.15456166863441467,0.4981621503829956
2025-06-03 03:12:43+00:00,0.1525402069091797,0.48321986198425293
2025-06-03 03:12:48+00:00,0.15145525336265564,0.46476101875305176
2025-06-03 03:12:53+00:00,0.17359304428100586,0.4425625801086426
2025-06-03 03:12:58+00:00,0.17259812355041504,0.4099619686603546
2025-06-03 03:13:03+00:00,0.17238952219486237,0.45706868171691895
2025-06-03 03:13:08+00:00,0.2692839503288269,1.5002700090408325
2025-06-03 03:13:13+00:00,0.2622137665748596,1.8410028219223022
2025-06-03 03:13:18+00:00,0.10164440423250198,1.8200651407241821
2025-06-03 03:13:23+00:00,0.10091447085142136,1.3580191135406494
2025-06-03 03:13:28+00:00,0.10060469806194305,1.3671425580978394
2025-06-03 03:13:33+00:00,0.10398940742015839,1.1369808912277222
2025-06-03 03:13:38+00:00,0.10400668531656265,0.30271416902542114
2025-06-03 03:13:43+00:00,0.10402236878871918,0.30732637643814087
2025-06-03 03:13:48+00:00,0.39534416794776917,0.31387531757354736
2025-06-03 03:13:53+00:00,0.21727250516414642,0.3592016398906708
2025-06-03 03:13:58+00:00,0.22495581209659576,0.391390323638916
2025-06-03 03:14:03+00:00,0.2317810207605362,0.4115294814109802
2025-06-03 03:14:08+00:00,0.1860257238149643,0.46376320719718933
2025-06-03 03:14:13+00:00,0.18746134638786316,0.4464820623397827
2025-06-03 03:14:18+00:00,0.18905271589756012,0.4631291329860687
2025-06-03 03:14:23+00:00,0.26199671626091003,0.4809926450252533
2025-06-03 03:14:28+00:00,0.261450856924057,0.49887460470199585
2025-06-03 03:14:33+00:00,0.4946354925632477,0.5224399566650391
2025-06-03 03:14:38+00:00,0.5656083226203918,0.5781013369560242
2025-06-03 03:14:43+00:00,0.39066845178604126,0.6519041061401367
2025-06-03 03:14:48+00:00,0.45138025283813477,0.6595107913017273
2025-06-03 03:14:53+00:00,0.5048065781593323,0.6819203495979309
2025-06-03 03:14:58+00:00,0.3403593897819519,0.7541743516921997
2025-06-03 03:15:03+00:00,0.3630766272544861,0.8267258405685425
2025-06-03 03:15:08+00:00,0.3796733021736145,0.830622673034668
2025-06-03 03:15:13+00:00,0.2937358021736145,0.8507342338562012
2025-06-03 03:15:18+00:00,0.29860082268714905,0.8750107288360596
2025-06-03 03:15:23+00:00,1.1823595762252808,0.9041164517402649
2025-06-03 03:15:28+00:00,1.0563795566558838,0.9400182962417603
2025-06-03 03:15:33+00:00,0.9371368288993835,0.9685940146446228
2025-06-03 03:15:38+00:00,0.5141856670379639,0.9117292165756226
2025-06-03 03:15:43+00:00,0.4781675636768341,0.8709567189216614
2025-06-03 03:15:48+00:00,0.45334428548812866,0.8717565536499023
2025-06-03 03:15:53+00:00,0.17198669910430908,0.8897237777709961
2025-06-03 03:15:58+00:00,0.1642390936613083,0.855686366558075
2025-06-03 03:16:03+00:00,0.15888801217079163,0.8197796940803528
2025-06-03 03:16:08+00:00,0.045170851051807404,0.7654303312301636
2025-06-03 03:16:13+00:00,0.04469958320260048,0.7178215384483337
2025-06-03 03:16:18+00:00,1.5174448490142822,0.7155503034591675
2025-06-03 03:16:23+00:00,1.5033119916915894,0.7667561173439026
2025-06-03 03:16:28+00:00,1.4939258098602295,1.6225559711456299
2025-06-03 03:16:33+00:00,1.0018593072891235,1.6071324348449707
2025-06-03 03:16:38+00:00,1.0020564794540405,1.5305343866348267
2025-06-03 03:16:43+00:00,1.0019452571868896,1.4185123443603516
2025-06-03 03:16:48+00:00,0.8951370120048523,1.303268551826477
2025-06-03 03:16:53+00:00,0.8959751725196838,1.1805508136749268
2025-06-03 03:16:58+00:00,,1.085130214691162
2025-06-03 03:17:03+00:00,,
2025-06-03 03:17:08+00:00,,
2025-06-03 03:17:13+00:00,,
2025-06-03 03:17:18+00:00,,
2025-06-03 03:17:23+00:00,,
2025-06-03 03:17:28+00:00,,
2025-06-03 03:17:33+00:00,,
2025-06-03 03:17:38+00:00,,
2025-06-03 03:17:43+00:00,,
2025-06-03 03:17:48+00:00,,
2025-06-03 03:17:53+00:00,1.514323353767395,
2025-06-03 03:17:58+00:00,1.1999047994613647,
2025-06-03 03:18:03+00:00,1.2370702028274536,
2025-06-03 03:18:08+00:00,1.2631874084472656,
2025-06-03 03:18:13+00:00,0.9671412706375122,
2025-06-03 03:18:18+00:00,0.9728361964225769,1.4449450969696045
2025-06-03 03:18:23+00:00,0.9764724373817444,1.5356642007827759
2025-06-03 03:18:28+00:00,2.3018548488616943,1.6124260425567627
2025-06-03 03:18:33+00:00,2.0559322834014893,1.5581282377243042
2025-06-03 03:18:38+00:00,1.2177915573120117,1.5378053188323975
2025-06-03 03:18:43+00:00,0.8615034222602844,1.5332320928573608
2025-06-03 03:18:48+00:00,0.6324962973594666,1.526663899421692
2025-06-03 03:18:53+00:00,0.3062188923358917,1.4958581924438477
2025-06-03 03:18:58+00:00,0.2569074332714081,1.5005114078521729
2025-06-03 03:19:03+00:00,0.2309466451406479,1.5137616395950317
2025-06-03 03:19:08+00:00,0.2838820815086365,1.4005616903305054
2025-06-03 03:19:13+00:00,0.3632408678531647,1.26430344581604
2025-06-03 03:19:18+00:00,0.3634882867336273,1.1541978120803833
2025-06-03 03:19:23+00:00,0.19288107752799988,1.1005632877349854
2025-06-03 03:19:28+00:00,0.19154629111289978,0.8710737228393555
2025-06-03 03:19:33+00:00,0.1913360059261322,0.744509756565094
2025-06-03 03:19:38+00:00,0.2826640009880066,0.6034510135650635
2025-06-03 03:19:43+00:00,0.28081732988357544,0.4763190448284149
2025-06-03 03:19:48+00:00,0.2796342074871063,0.45028918981552124
2025-06-03 03:19:53+00:00,0.4609627425670624,0.4366829991340637
2025-06-03 03:19:58+00:00,0.44840022921562195,0.448000431060791
2025-06-03 03:20:03+00:00,0.4315607249736786,0.4549875557422638
2025-06-03 03:20:08+00:00,0.47879868745803833,1.0081607103347778
2025-06-03 03:20:13+00:00,0.2742747962474823,1.404824137687683
2025-06-03 03:20:18+00:00,0.2972927689552307,1.4840055704116821
2025-06-03 03:20:23+00:00,0.3170545697212219,1.4829208850860596
2025-06-03 03:20:28+00:00,0.2200564444065094,1.6437151432037354
2025-06-03 03:20:33+00:00,0.22649967670440674,1.5961577892303467
2025-06-03 03:20:38+00:00,0.23136213421821594,0.6208837628364563
2025-06-03 03:20:43+00:00,0.2440384179353714,0.6428680419921875
2025-06-03 03:20:48+00:00,0.849859356880188,0.6795068383216858
2025-06-03 03:20:53+00:00,0.9578742980957031,0.7188760042190552
2025-06-03 03:20:58+00:00,0.7211742401123047,0.8224099278450012
2025-06-03 03:21:03+00:00,0.7870317697525024,0.8572418093681335
2025-06-03 03:21:08+00:00,0.8370715379714966,0.8790488839149475
2025-06-03 03:21:13+00:00,0.5221722722053528,0.9010388851165771
2025-06-03 03:21:18+00:00,0.5438337922096252,0.9620420336723328
2025-06-03 03:21:23+00:00,0.5597162842750549,0.9714763760566711
2025-06-03 03:21:28+00:00,0.3737151622772217,0.9666758179664612
2025-06-03 03:21:33+00:00,0.3786526024341583,0.978874921798706
2025-06-03 03:21:38+00:00,0.3818189203739166,0.9950885772705078
2025-06-03 03:21:43+00:00,1.5870722532272339,1.0312073230743408
2025-06-03 03:21:48+00:00,1.2488478422164917,1.1341558694839478
2025-06-03 03:21:53+00:00,1.293260931968689,1.1841740608215332
2025-06-03 03:21:58+00:00,1.324142575263977,1.182523250579834
2025-06-03 03:22:03+00:00,0.946168065071106,1.2609107494354248
2025-06-03 03:22:08+00:00,0.9571834206581116,1.2756277322769165
2025-06-03 03:22:13+00:00,0.9646462798118591,1.3000893592834473
2025-06-03 03:22:18+00:00,0.7677537798881531,1.3420695066452026
2025-06-03 03:22:23+00:00,0.7722150087356567,1.3584723472595215
2025-06-03 03:22:28+00:00,0.7765374779701233,1.381499171257019
2025-06-03 03:22:33+00:00,1.5018540620803833,1.4254082441329956
2025-06-03 03:22:38+00:00,1.1499977111816406,1.3785886764526367
2025-06-03 03:22:43+00:00,0.7577556371688843,1.3340011835098267
2025-06-03 03:22:48+00:00,0.28276440501213074,1.249090313911438
2025-06-03 03:22:53+00:00,0.2035413235425949,1.1795822381973267
2025-06-03 03:22:58+00:00,0.16376028954982758,1.137033462524414
2025-06-03 03:23:03+00:00,0.23010015487670898,1.083632230758667
2025-06-03 03:23:08+00:00,0.22715513408184052,1.0350422859191895
2025-06-03 03:23:13+00:00,0.22649116814136505,0.9639473557472229
2025-06-03 03:23:18+00:00,0.2909305691719055,0.8639183640480042
2025-06-03 03:23:23+00:00,0.28991690278053284,0.7856163382530212
2025-06-03 03:23:28+00:00,0.1260044276714325,0.6989579796791077
2025-06-03 03:23:33+00:00,0.12364629656076431,0.5633398294448853
2025-06-03 03:23:38+00:00,0.12275665253400803,0.5182173252105713
2025-06-03 03:23:43+00:00,0.17110927402973175,0.4300505816936493
2025-06-03 03:23:48+00:00,0.1696118861436844,0.35689201951026917
2025-06-03 03:23:53+00:00,0.1686171442270279,0.34985071420669556
2025-06-03 03:23:58+00:00,1.0227020978927612,0.34662193059921265
2025-06-03 03:24:03+00:00,1.0245410203933716,0.35587358474731445
2025-06-03 03:24:08+00:00,1.0251644849777222,2.1222119331359863
2025-06-03 03:24:13+00:00,0.11302336305379868,2.577465772628784
2025-06-03 03:24:18+00:00,0.1120796874165535,2.536792039871216
2025-06-03 03:24:23+00:00,0.11186777055263519,2.4750723838806152
2025-06-03 03:24:28+00:00,0.16516494750976562,2.4256513118743896
2025-06-03 03:24:33+00:00,0.1619836986064911,2.3306775093078613
2025-06-03 03:24:38+00:00,,2.2817845344543457
2025-06-03 03:24:43+00:00,,
2025-06-03 03:24:48+00:00,,
2025-06-03 03:24:53+00:00,,
2025-06-03 03:24:58+00:00,,
2025-06-03 03:25:03+00:00,,
2025-06-03 03:25:08+00:00,,
2025-06-03 03:25:13+00:00,,
2025-06-03 03:25:18+00:00,,
2025-06-03 03:25:23+00:00,,
2025-06-03 03:25:28+00:00,,
2025-06-03 03:25:33+00:00,0.6392993927001953,
2025-06-03 03:25:38+00:00,0.6245938539505005,
2025-06-03 03:25:43+00:00,0.4962990880012512,
2025-06-03 03:25:48+00:00,0.5002568364143372,
2025-06-03 03:25:53+00:00,0.5032500624656677,
2025-06-03 03:25:58+00:00,0.5504724383354187,0.5630268454551697
2025-06-03 03:26:03+00:00,0.5503907203674316,0.5589260458946228
2025-06-03 03:26:08+00:00,1.1883190870285034,0.5495409965515137
2025-06-03 03:26:13+00:00,1.1783554553985596,2.558014154434204
2025-06-03 03:26:18+00:00,1.1761330366134644,2.441711664199829
2025-06-03 03:26:23+00:00,0.9595254063606262,2.282644748687744
2025-06-03 03:26:28+00:00,0.950859010219574,1.9628291130065918
2025-06-03 03:26:33+00:00,0.946403980255127,1.6933448314666748
2025-06-03 03:26:38+00:00,0.8676246404647827,1.4239152669906616
2025-06-03 03:26:43+00:00,0.8630309700965881,1.1846855878829956
2025-06-03 03:26:48+00:00,0.8602098822593689,0.9454059600830078
2025-06-03 03:26:53+00:00,0.45720434188842773,0.7091747522354126
2025-06-03 03:26:58+00:00,0.4556802809238434,0.9425585269927979
2025-06-03 03:27:03+00:00,0.1886800080537796,1.1859627962112427
2025-06-03 03:27:08+00:00,0.19021855294704437,1.2375918626785278
2025-06-03 03:27:13+00:00,0.19148872792720795,1.3059827089309692
2025-06-03 03:27:18+00:00,0.09805172681808472,1.4120309352874756
2025-06-03 03:27:23+00:00,0.09833823889493942,1.489378809928894
2025-06-03 03:27:28+00:00,0.09856326133012772,1.5409464836120605
2025-06-03 03:27:33+00:00,0.5121946334838867,1.5889323949813843
2025-06-03 03:27:38+00:00,0.5470929741859436,1.668798565864563
2025-06-03 03:27:43+00:00,0.5755066275596619,1.8075906038284302
2025-06-03 03:27:48+00:00,0.2969476282596588,1.790569543838501
2025-06-03 03:27:53+00:00,0.3083569407463074,0.7116489410400391
2025-06-03 03:27:58+00:00,0.3168061673641205,0.656233549118042
2025-06-03 03:28:03+00:00,0.15192268788814545,0.6545462608337402
2025-06-03 03:28:08+00:00,0.15670214593410492,0.6466588377952576
2025-06-03 03:28:13+00:00,0.160561203956604,0.6418176293373108
2025-06-03 03:28:18+00:00,0.05435941368341446,0.6370922923088074
2025-06-03 03:28:23+00:00,0.4291936755180359,0.6443918943405151
2025-06-03 03:28:28+00:00,0.3771621286869049,0.6581752300262451
2025-06-03 03:28:33+00:00,0.33847883343696594,0.6760734915733337
2025-06-03 03:28:38+00:00,0.11817337572574615,0.6364215016365051
2025-06-03 03:28:43+00:00,0.11081181466579437,0.6276111602783203
2025-06-03 03:28:48+00:00,0.10593081265687943,0.6107938289642334
2025-06-03 03:28:53+00:00,0.08116663247346878,0.6205083131790161
2025-06-03 03:28:58+00:00,0.08072566986083984,0.598788857460022
2025-06-03 03:29:03+00:00,0.08044673502445221,0.5618844032287598
2025-06-03 03:29:08+00:00,0.5033694505691528,0.5617477893829346
2025-06-03 03:29:13+00:00,0.5273690223693848,0.5613164305686951
2025-06-03 03:29:18+00:00,0.2652168571949005,0.5827180743217468
2025-06-03 03:29:23+00:00,0.2798195481300354,0.5553339719772339
2025-06-03 03:29:28+00:00,0.2916167378425598,0.5344667434692383
2025-06-03 03:29:33+00:00,0.09546228498220444,0.5220802426338196
2025-06-03 03:29:38+00:00,0.09904823452234268,0.5173600912094116
2025-06-03 03:29:43+00:00,0.10176847875118256,0.5161830186843872
2025-06-03 03:29:48+00:00,0.10169800370931625,0.5124660134315491
2025-06-03 03:29:53+00:00,0.6276127099990845,0.498002290725708
2025-06-03 03:29:58+00:00,0.2373761385679245,0.4921110272407532
2025-06-03 03:30:03+00:00,0.18635058403015137,0.49770838022232056
2025-06-03 03:30:08+00:00,0.16034314036369324,0.49432888627052307
2025-06-03 03:30:13+00:00,0.16513153910636902,0.4740011692047119
2025-06-03 03:30:18+00:00,0.16436032950878143,0.43332189321517944
2025-06-03 03:30:23+00:00,0.16449692845344543,0.4509996771812439
2025-06-03 03:30:28+00:00,0.29307571053504944,0.437272310256958
2025-06-03 03:30:33+00:00,0.29300397634506226,0.3966677784919739
2025-06-03 03:30:38+00:00,0.29013732075691223,0.38826802372932434
2025-06-03 03:30:43+00:00,0.29911547899246216,0.3801910877227783
2025-06-03 03:30:48+00:00,0.14039744436740875,0.39782243967056274
2025-06-03 03:30:53+00:00,0.146266907453537,0.3931128978729248
2025-06-03 03:30:58+00:00,0.15136505663394928,0.38958513736724854
2025-06-03 03:31:03+00:00,0.12190115451812744,0.42595624923706055
2025-06-03 03:31:08+00:00,0.12263889610767365,0.4420793950557709
2025-06-03 03:31:13+00:00,0.1232859417796135,0.4295507073402405
2025-06-03 03:31:18+00:00,0.7243703603744507,0.4499146640300751
2025-06-03 03:31:23+00:00,0.740352988243103,0.46911174058914185
2025-06-03 03:31:28+00:00,0.2691662907600403,0.4886508882045746
2025-06-03 03:31:33+00:00,0.29055720567703247,0.4969567656517029
2025-06-03 03:31:38+00:00,0.30817002058029175,0.5316796898841858
2025-06-03 03:31:43+00:00,0.13767026364803314,0.5557535290718079
2025-06-03 03:31:48+00:00,0.14597304165363312,0.5492368340492249
2025-06-03 03:31:53+00:00,0.15273809432983398,0.528159499168396
2025-06-03 03:31:58+00:00,0.06496214121580124,0.5446716547012329
2025-06-03 03:32:03+00:00,0.06574095785617828,0.5411612391471863
2025-06-03 03:32:08+00:00,0.6038757562637329,0.5563995242118835
2025-06-03 03:32:13+00:00,0.5637817978858948,0.5883122682571411
2025-06-03 03:32:18+00:00,0.5350928902626038,0.5956728458404541
2025-06-03 03:32:23+00:00,0.24454273283481598,0.5589979290962219
2025-06-03 03:32:28+00:00,0.2414749413728714,0.5267605781555176
2025-06-03 03:32:33+00:00,0.2393558770418167,0.5158007740974426
2025-06-03 03:32:38+00:00,0.14717863500118256,0.5262742638587952
2025-06-03 03:32:43+00:00,0.14847706258296967,0.5131498575210571
2025-06-03 03:32:48+00:00,0.14973321557044983,0.5170658230781555
2025-06-03 03:32:53+00:00,0.09804364293813705,0.5098364353179932
2025-06-03 03:32:58+00:00,1.899612545967102,0.5066244602203369
2025-06-03 03:33:03+00:00,1.976354718208313,0.727179765701294
2025-06-03 03:33:08+00:00,1.8123975992202759,0.9597634673118591
2025-06-03 03:33:13+00:00,1.909140944480896,1.0414422750473022
2025-06-03 03:33:18+00:00,1.9656468629837036,1.1931538581848145
2025-06-03 03:33:23+00:00,1.4646226167678833,1.3642876148223877
2025-06-03 03:33:28+00:00,1.4765784740447998,1.4988374710083008
2025-06-03 03:33:33+00:00,1.483690857887268,1.6299841403961182
2025-06-03 03:33:38+00:00,1.2224071025848389,1.7456719875335693
2025-06-03 03:33:43+00:00,1.8265380859375,1.9172614812850952
2025-06-03 03:33:48+00:00,1.3465503454208374,1.9371256828308105
2025-06-03 03:33:53+00:00,1.119267463684082,1.9633251428604126
2025-06-03 03:33:58+00:00,0.9506803750991821,2.0088391304016113
2025-06-03 03:34:03+00:00,0.6331061720848083,2.0243585109710693
2025-06-03 03:34:08+00:00,0.555607259273529,2.012181520462036
2025-06-03 03:34:13+00:00,0.5018535852432251,2.0938220024108887
2025-06-03 03:34:18+00:00,0.3701751232147217,1.9797581434249878
2025-06-03 03:34:23+00:00,0.9623900651931763,1.852148175239563
2025-06-03 03:34:28+00:00,0.7079624533653259,1.702312707901001
2025-06-03 03:34:33+00:00,0.3003106117248535,1.55436110496521
2025-06-03 03:34:38+00:00,0.2473895251750946,1.3739211559295654
2025-06-03 03:34:43+00:00,0.21783342957496643,1.247244954109192
2025-06-03 03:34:48+00:00,0.20052072405815125,1.1002564430236816
2025-06-03 03:34:53+00:00,0.19851963222026825,0.9753166437149048
2025-06-03 03:34:58+00:00,0.19776974618434906,0.7778791785240173
2025-06-03 03:35:03+00:00,0.2887772023677826,0.7358429431915283
2025-06-03 03:35:08+00:00,0.28193527460098267,0.6943212151527405
2025-06-03 03:35:13+00:00,0.12492746114730835,0.6146357655525208
2025-06-03 03:35:18+00:00,0.12472806870937347,0.5172635316848755
2025-06-03 03:35:23+00:00,0.12486667186021805,0.5297603607177734
2025-06-03 03:35:28+00:00,0.14224688708782196,0.5592804551124573
2025-06-03 03:35:33+00:00,0.14214695990085602,0.5057624578475952
2025-06-03 03:35:38+00:00,0.1420900523662567,0.4497497081756592
2025-06-03 03:35:43+00:00,0.2754981517791748,0.4116213619709015
2025-06-03 03:35:48+00:00,0.5953644514083862,0.3734067380428314
2025-06-03 03:35:53+00:00,0.6764379739761353,0.4854673743247986
2025-06-03 03:35:58+00:00,0.7793076634407043,0.584714412689209
2025-06-03 03:36:03+00:00,0.575294017791748,0.6188010573387146
2025-06-03 03:36:08+00:00,0.649347186088562,0.6590059399604797
2025-06-03 03:36:13+00:00,0.7082511782646179,0.6760001182556152
2025-06-03 03:36:18+00:00,0.38857007026672363,0.742240846157074
2025-06-03 03:36:23+00:00,0.4068593978881836,0.7762778997421265
2025-06-03 03:36:28+00:00,0.4189545810222626,0.8070201277732849
2025-06-03 03:36:33+00:00,1.2772979736328125,0.868909478187561
2025-06-03 03:36:38+00:00,1.0747621059417725,0.8804619908332825
2025-06-03 03:36:43+00:00,0.8852537274360657,0.9209016561508179
2025-06-03 03:36:48+00:00,0.4895193874835968,0.9732863903045654
2025-06-03 03:36:53+00:00,0.4321955740451813,0.9723448157310486
2025-06-03 03:36:58+00:00,0.3948121964931488,0.9757213592529297
2025-06-03 03:37:03+00:00,0.30604979395866394,1.032295823097229
2025-06-03 03:37:08+00:00,0.29937490820884705,1.0105780363082886
2025-06-03 03:37:13+00:00,0.29547324776649475,0.9699445366859436
2025-06-03 03:37:18+00:00,0.45303767919540405,0.9268534779548645
2025-06-03 03:37:23+00:00,0.4106491506099701,0.9221570491790771
2025-06-03 03:37:28+00:00,0.4665173888206482,0.9264782667160034
2025-06-03 03:37:33+00:00,0.2155694216489792,0.9357476234436035
2025-06-03 03:37:38+00:00,0.24547377228736877,0.8442004919052124
2025-06-03 03:37:43+00:00,0.27258744835853577,0.8176971673965454
2025-06-03 03:37:48+00:00,0.1315249651670456,0.7979106307029724
2025-06-03 03:37:53+00:00,0.14053089916706085,0.8185599446296692
2025-06-03 03:37:58+00:00,0.14699684083461761,0.8118233680725098
2025-06-03 03:38:03+00:00,0.1089223176240921,0.7885231375694275
2025-06-03 03:38:08+00:00,0.108625128865242,0.7845617532730103
2025-06-03 03:38:13+00:00,0.10858094692230225,0.7818084955215454
2025-06-03 03:38:18+00:00,0.9021283984184265,0.7979833483695984
2025-06-03 03:38:23+00:00,0.37606915831565857,0.8056347966194153
2025-06-03 03:38:28+00:00,0.26980704069137573,0.7767213582992554
2025-06-03 03:38:33+00:00,0.2087593376636505,0.6855809092521667
2025-06-03 03:38:38+00:00,0.10425632447004318,0.6718074083328247
2025-06-03 03:38:43+00:00,0.09442408382892609,0.6434766054153442
2025-06-03 03:38:48+00:00,0.0890980213880539,0.6372305154800415
2025-06-03 03:38:53+00:00,0.14310581982135773,0.6413878202438354
2025-06-03 03:38:58+00:00,0.6896278262138367,0.6161830425262451
2025-06-03 03:39:03+00:00,0.6948636174201965,0.6035628914833069
2025-06-03 03:39:08+00:00,0.15762494504451752,0.6168525218963623
2025-06-03 03:39:13+00:00,0.16546858847141266,0.593231201171875
2025-06-03 03:39:18+00:00,0.17173674702644348,0.5915616154670715
2025-06-03 03:39:23+00:00,0.08516468107700348,0.5702438354492188
2025-06-03 03:39:28+00:00,0.08676586300134659,0.5553213953971863
2025-06-03 03:39:33+00:00,0.08793357759714127,0.5004911422729492
2025-06-03 03:39:38+00:00,0.09068798273801804,0.4989415407180786
2025-06-03 03:39:43+00:00,0.6275655031204224,0.5074779391288757
2025-06-03 03:39:48+00:00,0.3055521845817566,0.5105592012405396
2025-06-03 03:39:53+00:00,0.2611778676509857,0.5340136289596558
2025-06-03 03:39:58+00:00,0.2355015128850937,0.5180346965789795
2025-06-03 03:40:03+00:00,0.1167869120836258,0.5015862584114075
2025-06-03 03:40:08+00:00,0.11413402855396271,0.4551360011100769
2025-06-03 03:40:13+00:00,0.11289095878601074,0.46132537722587585
2025-06-03 03:40:18+00:00,0.178148552775383,0.44855260848999023
2025-06-03 03:40:23+00:00,0.1793176680803299,0.39967042207717896
2025-06-03 03:40:28+00:00,0.33699366450309753,0.38778337836265564
2025-06-03 03:40:33+00:00,0.3383459150791168,0.39507442712783813
2025-06-03 03:40:38+00:00,0.34035244584083557,0.43042683601379395
2025-06-03 03:40:43+00:00,0.1529698669910431,0.4564405679702759
2025-06-03 03:40:48+00:00,0.1534346640110016,0.43580853939056396
2025-06-03 03:40:53+00:00,0.15377147495746613,0.4242001473903656
2025-06-03 03:40:58+00:00,0.140238955616951,0.4427584409713745
2025-06-03 03:41:03+00:00,0.1402553766965866,0.4100910723209381
2025-06-03 03:41:08+00:00,0.14026913046836853,0.4049042761325836
2025-06-03 03:41:13+00:00,0.24438932538032532,0.39937013387680054
2025-06-03 03:41:18+00:00,0.2414661943912506,0.37579986453056335
2025-06-03 03:41:23+00:00,0.09844938665628433,0.427482932806015
2025-06-03 03:41:28+00:00,0.09595092386007309,0.4588256776332855
2025-06-03 03:41:33+00:00,0.09727271646261215,0.4131639003753662
2025-06-03 03:41:38+00:00,0.06884577870368958,0.4096662998199463
2025-06-03 03:41:43+00:00,0.06380169093608856,0.40510043501853943
2025-06-03 03:41:48+00:00,0.061324309557676315,0.4221358299255371
2025-06-03 03:41:53+00:00,0.15661995112895966,0.4125940501689911
2025-06-03 03:41:58+00:00,0.15278534591197968,0.41627237200737
2025-06-03 03:42:03+00:00,0.15023843944072723,0.4366883635520935
2025-06-03 03:42:08+00:00,0.4524770677089691,0.4521681070327759
2025-06-03 03:42:13+00:00,0.4080893099308014,0.479146808385849
2025-06-03 03:42:18+00:00,0.3780180811882019,0.5088819265365601
2025-06-03 03:42:23+00:00,0.18508540093898773,0.47552287578582764
2025-06-03 03:42:28+00:00,0.17892158031463623,0.48278823494911194
2025-06-03 03:42:33+00:00,0.17464971542358398,0.4661863148212433
2025-06-03 03:42:38+00:00,0.0866403728723526,0.4988269507884979
2025-06-03 03:42:43+00:00,0.08615028113126755,0.5017781257629395
2025-06-03 03:42:48+00:00,0.08582045882940292,0.49413177371025085
2025-06-03 03:42:53+00:00,0.33083370327949524,0.4920957386493683
2025-06-03 03:42:58+00:00,0.29410520195961,0.47255805134773254
2025-06-03 03:43:03+00:00,0.27426835894584656,0.48022323846817017
2025-06-03 03:43:08+00:00,0.17927764356136322,0.4698832631111145
2025-06-03 03:43:13+00:00,0.17770658433437347,0.4169003665447235
2025-06-03 03:43:18+00:00,0.17720307409763336,0.39600294828414917
2025-06-03 03:43:23+00:00,0.25711536407470703,0.5513421297073364
2025-06-03 03:43:28+00:00,0.25834164023399353,0.6448630690574646
2025-06-03 03:43:33+00:00,0.2591608464717865,0.6918272376060486
2025-06-03 03:43:38+00:00,0.8261600136756897,0.7035669088363647
2025-06-03 03:43:43+00:00,0.8229013085365295,0.6612422466278076
2025-06-03 03:43:48+00:00,0.6588992476463318,0.6127331852912903
2025-06-03 03:43:53+00:00,0.6514703631401062,0.47872889041900635
2025-06-03 03:43:58+00:00,0.6475337147712708,3.0506911277770996
2025-06-03 03:44:03+00:00,0.0919189304113388,2.8675479888916016
2025-06-03 03:44:08+00:00,0.09171231091022491,2.692150354385376
2025-06-03 03:44:13+00:00,0.0917031392455101,2.556190013885498
2025-06-03 03:44:18+00:00,0.20253658294677734,2.4372220039367676
2025-06-03 03:44:23+00:00,0.5498079657554626,2.3610193729400635
2025-06-03 03:44:28+00:00,0.31353476643562317,2.469339370727539
2025-06-03 03:44:33+00:00,0.30391979217529297,2.527421712875366
2025-06-03 03:44:38+00:00,0.2980627119541168,2.613312244415283
2025-06-03 03:44:43+00:00,0.21004462242126465,2.715693473815918
2025-06-03 03:44:48+00:00,0.21045303344726562,2.7981364727020264
2025-06-03 03:44:53+00:00,0.21073190867900848,2.994588851928711
2025-06-03 03:44:58+00:00,0.2650951147079468,3.0263566970825195
2025-06-03 03:45:03+00:00,0.2629416882991791,3.0306756496429443
2025-06-03 03:45:08+00:00,1.568534255027771,3.0625157356262207
2025-06-03 03:45:13+00:00,1.5529382228851318,3.0082309246063232
2025-06-03 03:45:18+00:00,1.5474361181259155,2.946035861968994
2025-06-03 03:45:23+00:00,0.08296310901641846,2.897932767868042
2025-06-03 03:45:28+00:00,0.08604412525892258,2.751690626144409
2025-06-03 03:45:33+00:00,0.08935277163982391,2.593756914138794
2025-06-03 03:45:38+00:00,0.05024649575352669,2.310159683227539
2025-06-03 03:45:43+00:00,0.04989350587129593,2.1321158409118652
2025-06-03 03:45:48+00:00,0.9958590865135193,2.0357272624969482
2025-06-03 03:45:53+00:00,1.0139583349227905,1.8378183841705322
2025-06-03 03:45:58+00:00,0.35283520817756653,1.6888635158538818
2025-06-03 03:46:03+00:00,0.3997681438922882,1.6584382057189941
2025-06-03 03:46:08+00:00,0.4405161738395691,1.5828526020050049
2025-06-03 03:46:13+00:00,0.22654764354228973,1.5563007593154907
2025-06-03 03:46:18+00:00,0.2419201135635376,1.5516968965530396
2025-06-03 03:46:23+00:00,0.25288257002830505,1.5368199348449707
2025-06-03 03:46:28+00:00,0.26103922724723816,1.5973178148269653
2025-06-03 03:46:33+00:00,0.2670992314815521,1.602466106414795
2025-06-03 03:46:38+00:00,1.092211127281189,0.669015645980835
2025-06-03 03:46:43+00:00,0.6069684624671936,0.7138247489929199
2025-06-03 03:46:48+00:00,0.452631413936615,0.7348145842552185
2025-06-03 03:46:53+00:00,0.37037393450737,0.7146918773651123
2025-06-03 03:46:58+00:00,0.29909488558769226,0.722644031047821
2025-06-03 03:47:03+00:00,0.287452757358551,0.7351359128952026
2025-06-03 03:47:08+00:00,0.2818698287010193,0.7127609252929688
2025-06-03 03:47:13+00:00,0.31604281067848206,0.6826700568199158
2025-06-03 03:47:18+00:00,0.33563223481178284,0.6898624300956726
2025-06-03 03:47:23+00:00,0.1655319780111313,0.6783493757247925
2025-06-03 03:47:28+00:00,0.1708686202764511,0.6282971501350403
2025-06-03 03:47:33+00:00,0.17717884480953217,0.6477838158607483
2025-06-03 03:47:38+00:00,0.09682662785053253,0.6537830233573914
2025-06-03 03:47:43+00:00,0.09722743928432465,0.6310142278671265
2025-06-03 03:47:48+00:00,0.09811021387577057,0.5886460542678833
2025-06-03 03:47:53+00:00,0.2194293737411499,0.5457081198692322
2025-06-03 03:47:58+00:00,0.4802413880825043,0.5550394654273987
2025-06-03 03:48:03+00:00,0.495953232049942,0.5658316612243652
2025-06-03 03:48:08+00:00,0.27438393235206604,0.5919218063354492
2025-06-03 03:48:13+00:00,0.2768249213695526,0.5580304265022278
2025-06-03 03:48:18+00:00,0.2804470956325531,0.5390813946723938
2025-06-03 03:48:23+00:00,0.19037552177906036,0.5306387543678284
2025-06-03 03:48:28+00:00,0.18840649724006653,0.5567007660865784
2025-06-03 03:48:33+00:00,0.18766812980175018,0.5474848747253418
2025-06-03 03:48:38+00:00,0.2972550392150879,0.5441263914108276
2025-06-03 03:48:43+00:00,0.2861516773700714,1.2683337926864624
2025-06-03 03:48:48+00:00,0.27887967228889465,1.1802024841308594
2025-06-03 03:48:53+00:00,0.6948288679122925,0.6803061962127686
2025-06-03 03:48:58+00:00,0.7878623008728027,1.1987438201904297
