timestamp,timestamp,ops,success_rate,duration,cpu,memory,receive,transmit
2025-05-28T13:28:48,9616,6,100.0,8850000,4.13,30408704,2326877578,3491806164
2025-05-28T13:28:49,9616,6,100.0,8850000,4.13,30408704,2326877578,3491806164
2025-05-28T13:28:50,9616,6,100.0,8850000,4.13,30408704,2326877578,3491806164
2025-05-28T13:28:51,9616,6,100.0,8850000,4.13,30408704,2326877578,3491806164
2025-05-28T13:28:52,9616,6,100.0,8850000,4.13,30408704,2326877578,3491806164
2025-05-28T13:28:53,9616,6,100.0,8850000,4.13,30408704,2326877578,3491806164
2025-05-28T13:28:54,9616,6,100.0,8850000,4.13,30408704,2326877578,3491806164
2025-05-28T13:28:55,9616,6,100.0,8850000,4.13,30408704,2326877578,3491806164
2025-05-28T13:28:56,9616,6,100.0,8850000,4.13,30408704,2326877578,3491806164
2025-05-28T13:28:57,9616,6,100.0,8850000,4.13,30408704,2326877578,3491806164
2025-05-28T13:28:58,9616,6,100.0,8850000,4.13,30408704,2326877578,3491806164
2025-05-28T13:28:59,9631,6,100.0,8850000,4.13,30408704,2330498802,3497243819
2025-05-28T13:29:00,9631,6,100.0,8850000,4.13,30408704,2330498802,3497243819
2025-05-28T13:29:01,9631,6,100.0,8850000,4.13,30408704,2330498802,3497243819
2025-05-28T13:29:02,9631,6,100.0,8850000,4.13,30408704,2330498802,3497243819
2025-05-28T13:29:03,9631,6,100.0,8850000,4.13,30408704,2330498802,3497243819
2025-05-28T13:29:04,9631,6,100.0,8850000,4.13,30408704,2330498802,3497243819
2025-05-28T13:29:05,9631,6,100.0,8850000,4.13,30408704,2330498802,3497243819
2025-05-28T13:29:06,9631,6,100.0,8850000,4.13,30408704,2330498802,3497243819
2025-05-28T13:29:07,9631,6,100.0,8850000,4.13,30408704,2330498802,3497243819
2025-05-28T13:29:08,9631,6,100.0,8850000,4.13,30408704,2330498802,3497243819
2025-05-28T13:29:09,9631,6,100.0,8850000,4.13,30408704,2330498802,3497243819
2025-05-28T13:29:10,9631,6,100.0,8850000,4.13,30408704,2330498802,3497243819
2025-05-28T13:29:11,9631,6,100.0,8850000,4.13,30408704,2330498802,3497243819
2025-05-28T13:29:12,9631,6,100.0,8850000,4.13,30408704,2330498802,3497243819
2025-05-28T13:29:13,9631,6,100.0,8850000,4.13,30408704,2330498802,3497243819
2025-05-28T13:29:14,9646,6,100.0,8850000,4.14,30408704,2333680040,3502242581
2025-05-28T13:29:15,9646,6,100.0,8850000,4.14,30408704,2333680040,3502242581
2025-05-28T13:29:16,9646,6,100.0,8850000,4.14,30408704,2333680040,3502242581
2025-05-28T13:29:17,9646,6,100.0,8850000,4.14,30408704,2333680040,3502242581
2025-05-28T13:29:18,9646,6,100.0,8850000,4.14,30408704,2333680040,3502242581
2025-05-28T13:29:19,9646,6,100.0,8850000,4.14,30408704,2333680040,3502242581
2025-05-28T13:29:20,9646,6,100.0,8850000,4.14,30408704,2333680040,3502242581
2025-05-28T13:29:21,9646,6,100.0,8850000,4.14,30408704,2333680040,3502242581
2025-05-28T13:29:22,9646,6,100.0,8850000,4.14,30408704,2333680040,3502242581
2025-05-28T13:29:23,9646,6,100.0,8850000,4.14,30408704,2333680040,3502242581
2025-05-28T13:29:24,9646,6,100.0,8850000,4.14,30408704,2333680040,3502242581
2025-05-28T13:29:25,9646,6,100.0,8850000,4.14,30408704,2333680040,3502242581
2025-05-28T13:29:26,9646,6,100.0,8850000,4.14,30408704,2333680040,3502242581
2025-05-28T13:29:27,9646,6,100.0,8850000,4.14,30408704,2333680040,3502242581
2025-05-28T13:29:28,9646,6,100.0,8850000,4.14,30408704,2333680040,3502242581
2025-05-28T13:29:29,9661,6,100.0,8850000,4.15,30302208,2337695124,3508074044
2025-05-28T13:29:30,9661,6,100.0,8850000,4.15,30302208,2337695124,3508074044
2025-05-28T13:29:31,9661,6,100.0,8850000,4.15,30302208,2337695124,3508074044
2025-05-28T13:29:32,9661,6,100.0,8850000,4.15,30302208,2337695124,3508074044
2025-05-28T13:29:33,9661,6,100.0,8850000,4.15,30302208,2337695124,3508074044
2025-05-28T13:29:34,9661,6,100.0,8850000,4.15,30302208,2337695124,3508074044
2025-05-28T13:29:35,9661,6,100.0,8850000,4.15,30302208,2337695124,3508074044
2025-05-28T13:29:36,9661,6,100.0,8850000,4.15,30302208,2337695124,3508074044
2025-05-28T13:29:37,9661,6,100.0,8850000,4.15,30302208,2337695124,3508074044
2025-05-28T13:29:38,9661,6,100.0,8850000,4.15,30302208,2337695124,3508074044
2025-05-28T13:29:39,9661,6,100.0,8850000,4.15,30302208,2337695124,3508074044
2025-05-28T13:29:40,9661,6,100.0,8850000,4.15,30302208,2337695124,3508074044
2025-05-28T13:29:41,9661,6,100.0,8850000,4.15,30302208,2337695124,3508074044
2025-05-28T13:29:42,9661,6,100.0,8850000,4.15,30302208,2337695124,3508074044
2025-05-28T13:29:43,9661,6,100.0,8850000,4.15,30302208,2337695124,3508074044
2025-05-28T13:29:44,9676,6,100.0,8850000,4.15,30302208,2341362025,3513557139
2025-05-28T13:29:45,9676,6,100.0,8850000,4.15,30302208,2341362025,3513557139
2025-05-28T13:29:46,9676,6,100.0,8850000,4.15,30302208,2341362025,3513557139
2025-05-28T13:29:47,9676,6,100.0,8850000,4.15,30302208,2341362025,3513557139
2025-05-28T13:29:48,9676,6,100.0,8850000,4.15,30302208,2341362025,3513557139
2025-05-28T13:29:49,9676,6,100.0,8850000,4.15,30302208,2341362025,3513557139
2025-05-28T13:29:50,9676,6,100.0,8850000,4.15,30302208,2341362025,3513557139
2025-05-28T13:29:51,9676,6,100.0,8850000,4.15,30302208,2341362025,3513557139
2025-05-28T13:29:52,9676,6,100.0,8850000,4.15,30302208,2341362025,3513557139
2025-05-28T13:29:53,9676,6,100.0,8850000,4.15,30302208,2341362025,3513557139
2025-05-28T13:29:54,9676,6,100.0,8850000,4.15,30302208,2341362025,3513557139
2025-05-28T13:29:55,9676,6,100.0,8850000,4.15,30302208,2341362025,3513557139
2025-05-28T13:29:56,9676,6,100.0,8850000,4.15,30302208,2341362025,3513557139
2025-05-28T13:29:57,9676,6,100.0,8850000,4.15,30302208,2341362025,3513557139
2025-05-28T13:29:58,9676,6,100.0,8850000,4.15,30302208,2341362025,3513557139
2025-05-28T13:29:59,9691,6,100.0,8850000,4.16,30302208,2344917683,3518929491
2025-05-28T13:30:00,9691,6,100.0,8850000,4.16,30302208,2344917683,3518929491
2025-05-28T13:30:01,9691,6,100.0,8850000,4.16,30302208,2344917683,3518929491
2025-05-28T13:30:02,9691,6,100.0,8850000,4.16,30302208,2344917683,3518929491
2025-05-28T13:30:03,9691,6,100.0,8850000,4.16,30302208,2344917683,3518929491
2025-05-28T13:30:04,9691,6,100.0,8850000,4.16,30302208,2344917683,3518929491
2025-05-28T13:30:05,9691,6,100.0,8850000,4.16,30302208,2344917683,3518929491
2025-05-28T13:30:06,9691,6,100.0,8850000,4.16,30302208,2344917683,3518929491
2025-05-28T13:30:07,9691,6,100.0,8850000,4.16,30302208,2344917683,3518929491
2025-05-28T13:30:08,9691,6,100.0,8850000,4.16,30302208,2344917683,3518929491
2025-05-28T13:30:09,9691,6,100.0,8850000,4.16,30302208,2344917683,3518929491
2025-05-28T13:30:10,9691,6,100.0,8850000,4.16,30302208,2344917683,3518929491
2025-05-28T13:30:11,9691,6,100.0,8850000,4.16,30302208,2344917683,3518929491
2025-05-28T13:30:12,9691,6,100.0,8850000,4.16,30302208,2344917683,3518929491
2025-05-28T13:30:13,9691,6,100.0,8850000,4.16,30302208,2344917683,3518929491
2025-05-28T13:30:14,9706,6,100.0,8850000,4.16,30281728,2348604717,3524432800
2025-05-28T13:30:15,9706,6,100.0,8850000,4.16,30281728,2348604717,3524432800
2025-05-28T13:30:16,9706,6,100.0,8850000,4.16,30281728,2348604717,3524432800
2025-05-28T13:30:17,9706,6,100.0,8850000,4.16,30281728,2348604717,3524432800
2025-05-28T13:30:18,9706,6,100.0,8850000,4.16,30281728,2348604717,3524432800
2025-05-28T13:30:19,9706,6,100.0,8850000,4.16,30281728,2348604717,3524432800
2025-05-28T13:30:20,9706,6,100.0,8850000,4.16,30281728,2348604717,3524432800
2025-05-28T13:30:21,9706,6,100.0,8850000,4.16,30281728,2348604717,3524432800
2025-05-28T13:30:22,9706,6,100.0,8850000,4.16,30281728,2348604717,3524432800
2025-05-28T13:30:23,9706,6,100.0,8850000,4.16,30281728,2348604717,3524432800
2025-05-28T13:30:24,9706,6,100.0,8850000,4.16,30281728,2348604717,3524432800
2025-05-28T13:30:25,9706,6,100.0,8850000,4.16,30281728,2348604717,3524432800
2025-05-28T13:30:26,9706,6,100.0,8850000,4.16,30281728,2348604717,3524432800
2025-05-28T13:30:27,9706,6,100.0,8850000,4.16,30281728,2348604717,3524432800
2025-05-28T13:30:28,9706,6,100.0,8850000,4.16,30281728,2348604717,3524432800
2025-05-28T13:30:29,9721,6,100.0,8850000,4.17,30281728,2352164347,3529809171
2025-05-28T13:30:30,9721,6,100.0,8850000,4.17,30281728,2352164347,3529809171
2025-05-28T13:30:31,9721,6,100.0,8850000,4.17,30281728,2352164347,3529809171
2025-05-28T13:30:32,9721,6,100.0,8850000,4.17,30281728,2352164347,3529809171
2025-05-28T13:30:33,9721,6,100.0,8850000,4.17,30281728,2352164347,3529809171
2025-05-28T13:30:34,9721,6,100.0,8850000,4.17,30281728,2352164347,3529809171
2025-05-28T13:30:35,9721,6,100.0,8850000,4.17,30281728,2352164347,3529809171
2025-05-28T13:30:36,9721,6,100.0,8850000,4.17,30281728,2352164347,3529809171
2025-05-28T13:30:37,9721,6,100.0,8850000,4.17,30281728,2352164347,3529809171
2025-05-28T13:30:38,9721,6,100.0,8850000,4.17,30281728,2352164347,3529809171
2025-05-28T13:30:39,9721,6,100.0,8850000,4.17,30281728,2352164347,3529809171
2025-05-28T13:30:40,9721,6,100.0,8850000,4.17,30281728,2352164347,3529809171
2025-05-28T13:30:41,9721,6,100.0,8850000,4.17,30281728,2352164347,3529809171
2025-05-28T13:30:42,9721,6,100.0,8850000,4.17,30281728,2352164347,3529809171
2025-05-28T13:30:43,9721,6,100.0,8850000,4.17,30281728,2352164347,3529809171
2025-05-28T13:30:44,9736,6,100.0,8850000,4.17,30547968,2355847588,3535308789
2025-05-28T13:30:45,9736,6,100.0,8850000,4.17,30547968,2355847588,3535308789
2025-05-28T13:30:46,9736,6,100.0,8850000,4.17,30547968,2355847588,3535308789
2025-05-28T13:30:47,9736,6,100.0,8850000,4.17,30547968,2355847588,3535308789
2025-05-28T13:30:48,9736,6,100.0,8850000,4.17,30547968,2355847588,3535308789
2025-05-28T13:30:49,9736,6,100.0,8850000,4.17,30547968,2355847588,3535308789
2025-05-28T13:30:50,9736,6,100.0,8850000,4.17,30547968,2355847588,3535308789
2025-05-28T13:30:51,9736,6,100.0,8850000,4.17,30547968,2355847588,3535308789
2025-05-28T13:30:52,9736,6,100.0,8850000,4.17,30547968,2355847588,3535308789
2025-05-28T13:30:53,9736,6,100.0,8850000,4.17,30547968,2355847588,3535308789
2025-05-28T13:30:54,9736,6,100.0,8850000,4.17,30547968,2355847588,3535308789
2025-05-28T13:30:55,9736,6,100.0,8850000,4.17,30547968,2355847588,3535308789
2025-05-28T13:30:56,9736,6,100.0,8850000,4.17,30547968,2355847588,3535308789
2025-05-28T13:30:57,9736,6,100.0,8850000,4.17,30547968,2355847588,3535308789
2025-05-28T13:30:58,9736,6,100.0,8850000,4.17,30547968,2355847588,3535308789
2025-05-28T13:30:59,9751,6,100.0,8850000,4.17,30547968,2359405981,3540684419
2025-05-28T13:31:00,9751,6,100.0,8850000,4.17,30547968,2359405981,3540684419
2025-05-28T13:31:01,9751,6,100.0,8850000,4.17,30547968,2359405981,3540684419
2025-05-28T13:31:02,9751,6,100.0,8850000,4.17,30547968,2359405981,3540684419
2025-05-28T13:31:03,9751,6,100.0,8850000,4.17,30547968,2359405981,3540684419
2025-05-28T13:31:04,9751,6,100.0,8850000,4.17,30547968,2359405981,3540684419
2025-05-28T13:31:05,9751,6,100.0,8850000,4.17,30547968,2359405981,3540684419
2025-05-28T13:31:06,9751,6,100.0,8850000,4.17,30547968,2359405981,3540684419
2025-05-28T13:31:07,9751,6,100.0,8850000,4.17,30547968,2359405981,3540684419
2025-05-28T13:31:08,9751,6,100.0,8850000,4.17,30547968,2359405981,3540684419
2025-05-28T13:31:09,9751,6,100.0,8850000,4.17,30547968,2359405981,3540684419
2025-05-28T13:31:10,9751,6,100.0,8850000,4.17,30547968,2359405981,3540684419
2025-05-28T13:31:11,9751,6,100.0,8850000,4.17,30547968,2359405981,3540684419
2025-05-28T13:31:12,9751,6,100.0,8850000,4.17,30547968,2359405981,3540684419
2025-05-28T13:31:13,9751,6,100.0,8850000,4.17,30547968,2359405981,3540684419
2025-05-28T13:31:14,9766,6,100.0,8850000,4.18,30818304,2363089301,3546184116
2025-05-28T13:31:15,9766,6,100.0,8850000,4.18,30818304,2363089301,3546184116
2025-05-28T13:31:16,9766,6,100.0,8850000,4.18,30818304,2363089301,3546184116
2025-05-28T13:31:17,9766,6,100.0,8850000,4.18,30818304,2363089301,3546184116
2025-05-28T13:31:18,9766,6,100.0,8850000,4.18,30818304,2363089301,3546184116
2025-05-28T13:31:19,9766,6,100.0,8850000,4.18,30818304,2363089301,3546184116
2025-05-28T13:31:20,9766,6,100.0,8850000,4.18,30818304,2363089301,3546184116
2025-05-28T13:31:21,9766,6,100.0,8850000,4.18,30818304,2363089301,3546184116
2025-05-28T13:31:22,9766,6,100.0,8850000,4.18,30818304,2363089301,3546184116
2025-05-28T13:31:23,9766,6,100.0,8850000,4.18,30818304,2363089301,3546184116
2025-05-28T13:31:24,9766,6,100.0,8850000,4.18,30818304,2363089301,3546184116
2025-05-28T13:31:25,9766,6,100.0,8850000,4.18,30818304,2363089301,3546184116
2025-05-28T13:31:26,9766,6,100.0,8850000,4.18,30818304,2363089301,3546184116
2025-05-28T13:31:27,9766,6,100.0,8850000,4.18,30818304,2363089301,3546184116
2025-05-28T13:31:28,9766,6,100.0,8850000,4.18,30818304,2363089301,3546184116
2025-05-28T13:31:29,9781,6,100.0,8850000,4.2,30236672,2366649557,3551560440
2025-05-28T13:31:30,9781,6,100.0,8850000,4.2,30236672,2366649557,3551560440
2025-05-28T13:31:31,9781,6,100.0,8850000,4.2,30236672,2366649557,3551560440
2025-05-28T13:31:32,9781,6,100.0,8850000,4.2,30236672,2366649557,3551560440
2025-05-28T13:31:33,9781,6,100.0,8850000,4.2,30236672,2366649557,3551560440
2025-05-28T13:31:34,9781,6,100.0,8850000,4.2,30236672,2366649557,3551560440
2025-05-28T13:31:35,9781,6,100.0,8850000,4.2,30236672,2366649557,3551560440
2025-05-28T13:31:36,9781,6,100.0,8850000,4.2,30236672,2366649557,3551560440
2025-05-28T13:31:37,9781,6,100.0,8850000,4.2,30236672,2366649557,3551560440
2025-05-28T13:31:38,9781,6,100.0,8850000,4.2,30236672,2366649557,3551560440
2025-05-28T13:31:39,9781,6,100.0,8850000,4.2,30236672,2366649557,3551560440
2025-05-28T13:31:40,9781,6,100.0,8850000,4.2,30236672,2366649557,3551560440
2025-05-28T13:31:41,9781,6,100.0,8850000,4.2,30236672,2366649557,3551560440
2025-05-28T13:31:42,9781,6,100.0,8850000,4.2,30236672,2366649557,3551560440
2025-05-28T13:31:43,9781,6,100.0,8850000,4.2,30236672,2366649557,3551560440
2025-05-28T13:31:44,9796,6,100.0,8850000,4.2,30236672,2370332349,3557060052
2025-05-28T13:31:45,9796,6,100.0,8850000,4.2,30236672,2370332349,3557060052
2025-05-28T13:31:46,9796,6,100.0,8850000,4.2,30236672,2370332349,3557060052
2025-05-28T13:31:47,9796,6,100.0,8850000,4.2,30236672,2370332349,3557060052
2025-05-28T13:31:48,9796,6,100.0,8850000,4.2,30236672,2370332349,3557060052
2025-05-28T13:31:49,9796,6,100.0,8850000,4.2,30236672,2370332349,3557060052
2025-05-28T13:31:50,9796,6,100.0,8850000,4.2,30236672,2370332349,3557060052
2025-05-28T13:31:51,9796,6,100.0,8850000,4.2,30236672,2370332349,3557060052
2025-05-28T13:31:52,9796,6,100.0,8850000,4.2,30236672,2370332349,3557060052
2025-05-28T13:31:53,9796,6,100.0,8850000,4.2,30236672,2370332349,3557060052
2025-05-28T13:31:54,9796,6,100.0,8850000,4.2,30236672,2370332349,3557060052
2025-05-28T13:31:55,9796,6,100.0,8850000,4.2,30236672,2370332349,3557060052
2025-05-28T13:31:56,9796,6,100.0,8850000,4.2,30236672,2370332349,3557060052
2025-05-28T13:31:57,9796,6,100.0,8850000,4.2,30236672,2370332349,3557060052
2025-05-28T13:31:58,9796,6,100.0,8850000,4.2,30236672,2370332349,3557060052
2025-05-28T13:31:59,9811,6,100.0,8850000,4.2,30236672,2373949355,3562494191
2025-05-28T13:32:00,9811,6,100.0,8850000,4.2,30236672,2373949355,3562494191
2025-05-28T13:32:01,9811,6,100.0,8850000,4.2,30236672,2373949355,3562494191
2025-05-28T13:32:02,9811,6,100.0,8850000,4.2,30236672,2373949355,3562494191
2025-05-28T13:32:03,9811,6,100.0,8850000,4.2,30236672,2373949355,3562494191
2025-05-28T13:32:04,9811,6,100.0,8850000,4.2,30236672,2373949355,3562494191
2025-05-28T13:32:05,9811,6,100.0,8850000,4.2,30236672,2373949355,3562494191
2025-05-28T13:32:06,9811,6,100.0,8850000,4.2,30236672,2373949355,3562494191
2025-05-28T13:32:07,9811,6,100.0,8850000,4.2,30236672,2373949355,3562494191
2025-05-28T13:32:08,9811,6,100.0,8850000,4.2,30236672,2373949355,3562494191
2025-05-28T13:32:09,9811,6,100.0,8850000,4.2,30236672,2373949355,3562494191
2025-05-28T13:32:10,9811,6,100.0,8850000,4.2,30236672,2373949355,3562494191
2025-05-28T13:32:11,9811,6,100.0,8850000,4.2,30236672,2373949355,3562494191
2025-05-28T13:32:12,9811,6,100.0,8850000,4.2,30236672,2373949355,3562494191
2025-05-28T13:32:13,9811,6,100.0,8850000,4.2,30236672,2373949355,3562494191
2025-05-28T13:32:14,9826,6,100.0,8850000,4.2,30236672,2377456390,3567817917
2025-05-28T13:32:15,9826,6,100.0,8850000,4.2,30236672,2377456390,3567817917
2025-05-28T13:32:16,9826,6,100.0,8850000,4.2,30236672,2377456390,3567817917
2025-05-28T13:32:17,9826,6,100.0,8850000,4.2,30236672,2377456390,3567817917
2025-05-28T13:32:18,9826,6,100.0,8850000,4.2,30236672,2377456390,3567817917
2025-05-28T13:32:19,9826,6,100.0,8850000,4.2,30236672,2377456390,3567817917
2025-05-28T13:32:20,9826,6,100.0,8850000,4.2,30236672,2377456390,3567817917
2025-05-28T13:32:21,9826,6,100.0,8850000,4.2,30236672,2377456390,3567817917
2025-05-28T13:32:22,9826,6,100.0,8850000,4.2,30236672,2377456390,3567817917
2025-05-28T13:32:23,9826,6,100.0,8850000,4.2,30236672,2377456390,3567817917
2025-05-28T13:32:24,9826,6,100.0,8850000,4.2,30236672,2377456390,3567817917
2025-05-28T13:32:25,9826,6,100.0,8850000,4.2,30236672,2377456390,3567817917
2025-05-28T13:32:26,9826,6,100.0,8850000,4.2,30236672,2377456390,3567817917
2025-05-28T13:32:27,9826,6,100.0,8850000,4.2,30236672,2377456390,3567817917
2025-05-28T13:32:28,9826,6,100.0,8850000,4.2,30236672,2377456390,3567817917
2025-05-28T13:32:29,9841,6,100.0,8850000,4.22,30236672,2381189360,3573366878
2025-05-28T13:32:30,9841,6,100.0,8850000,4.22,30236672,2381189360,3573366878
2025-05-28T13:32:31,9841,6,100.0,8850000,4.22,30236672,2381189360,3573366878
2025-05-28T13:32:32,9841,6,100.0,8850000,4.22,30236672,2381189360,3573366878
2025-05-28T13:32:33,9841,6,100.0,8850000,4.22,30236672,2381189360,3573366878
2025-05-28T13:32:34,9841,6,100.0,8850000,4.22,30236672,2381189360,3573366878
2025-05-28T13:32:35,9841,6,100.0,8850000,4.22,30236672,2381189360,3573366878
2025-05-28T13:32:36,9841,6,100.0,8850000,4.22,30236672,2381189360,3573366878
2025-05-28T13:32:37,9841,6,100.0,8850000,4.22,30236672,2381189360,3573366878
2025-05-28T13:32:38,9841,6,100.0,8850000,4.22,30236672,2381189360,3573366878
2025-05-28T13:32:39,9841,6,100.0,8850000,4.22,30236672,2381189360,3573366878
2025-05-28T13:32:40,9841,6,100.0,8850000,4.22,30236672,2381189360,3573366878
2025-05-28T13:32:41,9841,6,100.0,8850000,4.22,30236672,2381189360,3573366878
2025-05-28T13:32:42,9841,6,100.0,8850000,4.22,30236672,2381189360,3573366878
2025-05-28T13:32:43,9841,6,100.0,8850000,4.22,30236672,2381189360,3573366878
2025-05-28T13:32:44,9856,6,100.0,8850000,4.22,30236672,2384764557,3578759521
2025-05-28T13:32:45,9856,6,100.0,8850000,4.22,30236672,2384764557,3578759521
2025-05-28T13:32:46,9856,6,100.0,8850000,4.22,30236672,2384764557,3578759521
2025-05-28T13:32:47,9856,6,100.0,8850000,4.22,30236672,2384764557,3578759521
2025-05-28T13:32:48,9856,6,100.0,8850000,4.22,30236672,2384764557,3578759521
2025-05-28T13:32:49,9856,6,100.0,8850000,4.22,30236672,2384764557,3578759521
2025-05-28T13:32:50,9856,6,100.0,8850000,4.22,30236672,2384764557,3578759521
2025-05-28T13:32:51,9856,6,100.0,8850000,4.22,30236672,2384764557,3578759521
2025-05-28T13:32:52,9856,6,100.0,8850000,4.22,30236672,2384764557,3578759521
2025-05-28T13:32:53,9856,6,100.0,8850000,4.22,30236672,2384764557,3578759521
2025-05-28T13:32:54,9856,6,100.0,8850000,4.22,30236672,2384764557,3578759521
2025-05-28T13:32:55,9856,6,100.0,8850000,4.22,30236672,2384764557,3578759521
2025-05-28T13:32:56,9856,6,100.0,8850000,4.22,30236672,2384764557,3578759521
2025-05-28T13:32:57,9856,6,100.0,8850000,4.22,30236672,2384764557,3578759521
2025-05-28T13:32:58,9856,6,100.0,8850000,4.22,30236672,2384764557,3578759521
2025-05-28T13:32:59,9871,6,100.0,8850000,4.22,30236672,2388386044,3584197624
2025-05-28T13:33:00,9871,6,100.0,8850000,4.22,30236672,2388386044,3584197624
2025-05-28T13:33:01,9871,6,100.0,8850000,4.22,30236672,2388386044,3584197624
2025-05-28T13:33:02,9871,6,100.0,8850000,4.22,30236672,2388386044,3584197624
2025-05-28T13:33:03,9871,6,100.0,8850000,4.22,30236672,2388386044,3584197624
2025-05-28T13:33:04,9871,6,100.0,8850000,4.22,30236672,2388386044,3584197624
2025-05-28T13:33:05,9871,6,100.0,8850000,4.22,30236672,2388386044,3584197624
2025-05-28T13:33:06,9871,6,100.0,8850000,4.22,30236672,2388386044,3584197624
2025-05-28T13:33:07,9871,6,100.0,8850000,4.22,30236672,2388386044,3584197624
2025-05-28T13:33:08,9871,6,100.0,8850000,4.22,30236672,2388386044,3584197624
2025-05-28T13:33:09,9871,6,100.0,8850000,4.22,30236672,2388386044,3584197624
2025-05-28T13:33:10,9871,6,100.0,8850000,4.22,30236672,2388386044,3584197624
2025-05-28T13:33:11,9871,6,100.0,8850000,4.22,30236672,2388386044,3584197624
2025-05-28T13:33:12,9871,6,100.0,8850000,4.22,30236672,2388386044,3584197624
2025-05-28T13:33:13,9871,6,100.0,8850000,4.22,30236672,2388386044,3584197624
2025-05-28T13:33:14,9886,6,100.0,8850000,4.22,30236672,2392007410,3589635813
2025-05-28T13:33:15,9886,6,100.0,8850000,4.22,30236672,2392007410,3589635813
2025-05-28T13:33:16,9886,6,100.0,8850000,4.22,30236672,2392007410,3589635813
2025-05-28T13:33:17,9886,6,100.0,8850000,4.22,30236672,2392007410,3589635813
2025-05-28T13:33:18,9886,6,100.0,8850000,4.22,30236672,2392007410,3589635813
2025-05-28T13:33:19,9886,6,100.0,8850000,4.22,30236672,2392007410,3589635813
2025-05-28T13:33:20,9886,6,100.0,8850000,4.22,30236672,2392007410,3589635813
2025-05-28T13:33:21,9886,6,100.0,8850000,4.22,30236672,2392007410,3589635813
2025-05-28T13:33:22,9886,6,100.0,8850000,4.22,30236672,2392007410,3589635813
2025-05-28T13:33:23,9886,6,100.0,8850000,4.22,30236672,2392007410,3589635813
2025-05-28T13:33:24,9886,6,100.0,8850000,4.22,30236672,2392007410,3589635813
2025-05-28T13:33:25,9886,6,100.0,8850000,4.22,30236672,2392007410,3589635813
2025-05-28T13:33:26,9886,6,100.0,8850000,4.22,30236672,2392007410,3589635813
2025-05-28T13:33:27,9886,6,100.0,8850000,4.22,30236672,2392007410,3589635813
2025-05-28T13:33:28,9886,6,100.0,8850000,4.22,30236672,2392007410,3589635813
2025-05-28T13:33:29,9901,6,100.0,8850000,4.24,30175232,2395673917,3595119112
2025-05-28T13:33:30,9901,6,100.0,8850000,4.24,30175232,2395673917,3595119112
2025-05-28T13:33:31,9901,6,100.0,8850000,4.24,30175232,2395673917,3595119112
2025-05-28T13:33:32,9901,6,100.0,8850000,4.24,30175232,2395673917,3595119112
2025-05-28T13:33:33,9901,6,100.0,8850000,4.24,30175232,2395673917,3595119112
2025-05-28T13:33:34,9901,6,100.0,8850000,4.24,30175232,2395673917,3595119112
2025-05-28T13:33:35,9901,6,100.0,8850000,4.24,30175232,2395673917,3595119112
2025-05-28T13:33:36,9901,6,100.0,8850000,4.24,30175232,2395673917,3595119112
2025-05-28T13:33:37,9901,6,100.0,8850000,4.24,30175232,2395673917,3595119112
2025-05-28T13:33:38,9901,6,100.0,8850000,4.24,30175232,2395673917,3595119112
2025-05-28T13:33:39,9901,6,100.0,8850000,4.24,30175232,2395673917,3595119112
2025-05-28T13:33:40,9901,6,100.0,8850000,4.24,30175232,2395673917,3595119112
2025-05-28T13:33:41,9901,6,100.0,8850000,4.24,30175232,2395673917,3595119112
2025-05-28T13:33:42,9901,6,100.0,8850000,4.24,30175232,2395673917,3595119112
2025-05-28T13:33:43,9901,6,100.0,8850000,4.24,30175232,2395673917,3595119112
2025-05-28T13:33:44,9916,6,100.0,8850000,4.24,30175232,2399232876,3600494892
2025-05-28T13:33:45,9916,6,100.0,8850000,4.24,30175232,2399232876,3600494892
2025-05-28T13:33:46,9916,6,100.0,8850000,4.24,30175232,2399232876,3600494892
2025-05-28T13:33:47,9916,6,100.0,8850000,4.24,30175232,2399232876,3600494892
2025-05-28T13:33:48,9916,6,100.0,8850000,4.24,30175232,2399232876,3600494892
2025-05-28T13:33:49,9916,6,100.0,8850000,4.24,30175232,2399232876,3600494892
2025-05-28T13:33:50,9916,6,100.0,8850000,4.24,30175232,2399232876,3600494892
2025-05-28T13:33:51,9916,6,100.0,8850000,4.24,30175232,2399232876,3600494892
2025-05-28T13:33:52,9916,6,100.0,8850000,4.24,30175232,2399232876,3600494892
2025-05-28T13:33:53,9916,6,100.0,8850000,4.24,30175232,2399232876,3600494892
2025-05-28T13:33:54,9916,6,100.0,8850000,4.24,30175232,2399232876,3600494892
2025-05-28T13:33:55,9916,6,100.0,8850000,4.24,30175232,2399232876,3600494892
2025-05-28T13:33:56,9916,6,100.0,8850000,4.24,30175232,2399232876,3600494892
2025-05-28T13:33:57,9916,6,100.0,8850000,4.24,30175232,2399232876,3600494892
2025-05-28T13:33:58,9916,6,100.0,8850000,4.24,30175232,2399232876,3600494892
2025-05-28T13:33:59,9931,6,100.0,8850000,4.24,30175232,2402916850,3605994853
2025-05-28T13:34:00,9931,6,100.0,8850000,4.24,30175232,2402916850,3605994853
2025-05-28T13:34:01,9931,6,100.0,8850000,4.24,30175232,2402916850,3605994853
2025-05-28T13:34:02,9931,6,100.0,8850000,4.24,30175232,2402916850,3605994853
2025-05-28T13:34:03,9931,6,100.0,8850000,4.24,30175232,2402916850,3605994853
2025-05-28T13:34:04,9931,6,100.0,8850000,4.24,30175232,2402916850,3605994853
2025-05-28T13:34:05,9931,6,100.0,8850000,4.24,30175232,2402916850,3605994853
2025-05-28T13:34:06,9931,6,100.0,8850000,4.24,30175232,2402916850,3605994853
2025-05-28T13:34:07,9931,6,100.0,8850000,4.24,30175232,2402916850,3605994853
2025-05-28T13:34:08,9931,6,100.0,8850000,4.24,30175232,2402916850,3605994853
2025-05-28T13:34:09,9931,6,100.0,8850000,4.24,30175232,2402916850,3605994853
2025-05-28T13:34:10,9931,6,100.0,8850000,4.24,30175232,2402916850,3605994853
2025-05-28T13:34:11,9931,6,100.0,8850000,4.24,30175232,2402916850,3605994853
2025-05-28T13:34:12,9931,6,100.0,8850000,4.24,30175232,2402916850,3605994853
2025-05-28T13:34:13,9931,6,100.0,8850000,4.24,30175232,2402916850,3605994853
2025-05-28T13:34:14,9946,6,100.0,8850000,4.24,30433280,2406488785,3611383763
2025-05-28T13:34:15,9946,6,100.0,8850000,4.24,30433280,2406488785,3611383763
2025-05-28T13:34:16,9946,6,100.0,8850000,4.24,30433280,2406488785,3611383763
2025-05-28T13:34:17,9946,6,100.0,8850000,4.24,30433280,2406488785,3611383763
2025-05-28T13:34:18,9946,6,100.0,8850000,4.24,30433280,2406488785,3611383763
2025-05-28T13:34:19,9946,6,100.0,8850000,4.24,30433280,2406488785,3611383763
2025-05-28T13:34:20,9946,6,100.0,8850000,4.24,30433280,2406488785,3611383763
2025-05-28T13:34:21,9946,6,100.0,8850000,4.24,30433280,2406488785,3611383763
2025-05-28T13:34:22,9946,6,100.0,8850000,4.24,30433280,2406488785,3611383763
2025-05-28T13:34:23,9946,6,100.0,8850000,4.24,30433280,2406488785,3611383763
2025-05-28T13:34:24,9946,6,100.0,8850000,4.24,30433280,2406488785,3611383763
2025-05-28T13:34:25,9946,6,100.0,8850000,4.24,30433280,2406488785,3611383763
2025-05-28T13:34:26,9946,6,100.0,8850000,4.24,30433280,2406488785,3611383763
2025-05-28T13:34:27,9946,6,100.0,8850000,4.24,30433280,2406488785,3611383763
2025-05-28T13:34:28,9946,6,100.0,8850000,4.24,30433280,2406488785,3611383763
2025-05-28T13:34:29,9961,6,100.0,8850000,4.26,30433280,2410096977,3616809024
2025-05-28T13:34:30,9961,6,100.0,8850000,4.26,30433280,2410096977,3616809024
2025-05-28T13:34:31,9961,6,100.0,8850000,4.26,30433280,2410096977,3616809024
2025-05-28T13:34:32,9961,6,100.0,8850000,4.26,30433280,2410096977,3616809024
2025-05-28T13:34:33,9961,6,100.0,8850000,4.26,30433280,2410096977,3616809024
2025-05-28T13:34:34,9961,6,100.0,8850000,4.26,30433280,2410096977,3616809024
2025-05-28T13:34:35,9961,6,100.0,8850000,4.26,30433280,2410096977,3616809024
2025-05-28T13:34:36,9961,6,100.0,8850000,4.26,30433280,2410096977,3616809024
2025-05-28T13:34:37,9961,6,100.0,8850000,4.26,30433280,2410096977,3616809024
2025-05-28T13:34:38,9961,6,100.0,8850000,4.26,30433280,2410096977,3616809024
2025-05-28T13:34:39,9961,6,100.0,8850000,4.26,30433280,2410096977,3616809024
2025-05-28T13:34:40,9961,6,100.0,8850000,4.26,30433280,2410096977,3616809024
2025-05-28T13:34:41,9961,6,100.0,8850000,4.26,30433280,2410096977,3616809024
2025-05-28T13:34:42,9961,6,100.0,8850000,4.26,30433280,2410096977,3616809024
2025-05-28T13:34:43,9961,6,100.0,8850000,4.26,30433280,2410096977,3616809024
2025-05-28T13:34:44,9976,6,100.0,8850000,4.26,30433280,2413779898,3622308318
2025-05-28T13:34:45,9976,6,100.0,8850000,4.26,30433280,2413779898,3622308318
2025-05-28T13:34:46,9976,6,100.0,8850000,4.26,30433280,2413779898,3622308318
2025-05-28T13:34:47,9976,6,100.0,8850000,4.26,30433280,2413779898,3622308318
2025-05-28T13:34:48,9976,6,100.0,8850000,4.26,30433280,2413779898,3622308318
2025-05-28T13:34:49,9976,6,100.0,8850000,4.26,30433280,2413779898,3622308318
2025-05-28T13:34:50,9976,6,100.0,8850000,4.26,30433280,2413779898,3622308318
2025-05-28T13:34:51,9976,6,100.0,8850000,4.26,30433280,2413779898,3622308318
2025-05-28T13:34:52,9976,6,100.0,8850000,4.26,30433280,2413779898,3622308318
2025-05-28T13:34:53,9976,6,100.0,8850000,4.26,30433280,2413779898,3622308318
2025-05-28T13:34:54,9976,6,100.0,8850000,4.26,30433280,2413779898,3622308318
2025-05-28T13:34:55,9976,6,100.0,8850000,4.26,30433280,2413779898,3622308318
2025-05-28T13:34:56,9976,6,100.0,8850000,4.26,30433280,2413779898,3622308318
2025-05-28T13:34:57,9976,6,100.0,8850000,4.26,30433280,2413779898,3622308318
2025-05-28T13:34:58,9976,6,100.0,8850000,4.26,30433280,2413779898,3622308318
2025-05-28T13:34:59,9991,6,100.0,8850000,4.26,30433280,2417684269,3628029147
2025-05-28T13:35:00,9991,6,100.0,8850000,4.26,30433280,2417684269,3628029147
2025-05-28T13:35:01,9991,6,100.0,8850000,4.26,30433280,2417684269,3628029147
2025-05-28T13:35:02,9991,6,100.0,8850000,4.26,30433280,2417684269,3628029147
2025-05-28T13:35:03,9991,6,100.0,8850000,4.26,30433280,2417684269,3628029147
2025-05-28T13:35:04,9991,6,100.0,8850000,4.26,30433280,2417684269,3628029147
2025-05-28T13:35:05,9991,6,100.0,8850000,4.26,30433280,2417684269,3628029147
2025-05-28T13:35:06,9991,6,100.0,8850000,4.26,30433280,2417684269,3628029147
2025-05-28T13:35:07,9991,6,100.0,8850000,4.26,30433280,2417684269,3628029147
2025-05-28T13:35:08,9991,6,100.0,8850000,4.26,30433280,2417684269,3628029147
2025-05-28T13:35:09,9991,6,100.0,8850000,4.26,30433280,2417684269,3628029147
2025-05-28T13:35:10,9991,6,100.0,8850000,4.26,30433280,2417684269,3628029147
2025-05-28T13:35:11,9991,6,100.0,8850000,4.26,30433280,2417684269,3628029147
2025-05-28T13:35:12,9991,6,100.0,8850000,4.26,30433280,2417684269,3628029147
2025-05-28T13:35:13,9991,6,100.0,8850000,4.26,30433280,2417684269,3628029147
2025-05-28T13:35:14,10006,6,100.0,8850000,4.27,30543872,2420960770,3633122365
2025-05-28T13:35:15,10006,6,100.0,8850000,4.27,30543872,2420960770,3633122365
2025-05-28T13:35:16,10006,6,100.0,8850000,4.27,30543872,2420960770,3633122365
2025-05-28T13:35:17,10006,6,100.0,8850000,4.27,30543872,2420960770,3633122365
2025-05-28T13:35:18,10006,6,100.0,8850000,4.27,30543872,2420960770,3633122365
2025-05-28T13:35:19,10006,6,100.0,8850000,4.27,30543872,2420960770,3633122365
2025-05-28T13:35:20,10006,6,100.0,8850000,4.27,30543872,2420960770,3633122365
2025-05-28T13:35:21,10006,6,100.0,8850000,4.27,30543872,2420960770,3633122365
2025-05-28T13:35:22,10006,6,100.0,8850000,4.27,30543872,2420960770,3633122365
2025-05-28T13:35:23,10006,6,100.0,8850000,4.27,30543872,2420960770,3633122365
2025-05-28T13:35:24,10006,6,100.0,8850000,4.27,30543872,2420960770,3633122365
2025-05-28T13:35:25,10006,6,100.0,8850000,4.27,30543872,2420960770,3633122365
2025-05-28T13:35:26,10006,6,100.0,8850000,4.27,30543872,2420960770,3633122365
2025-05-28T13:35:27,10006,6,100.0,8850000,4.27,30543872,2420960770,3633122365
2025-05-28T13:35:28,10006,6,100.0,8850000,4.27,30543872,2420960770,3633122365
2025-05-28T13:35:29,10021,6,100.0,8850000,4.28,30101504,2424582713,3638560349
2025-05-28T13:35:30,10021,6,100.0,8850000,4.28,30101504,2424582713,3638560349
2025-05-28T13:35:31,10021,6,100.0,8850000,4.28,30101504,2424582713,3638560349
2025-05-28T13:35:32,10021,6,100.0,8850000,4.28,30101504,2424582713,3638560349
2025-05-28T13:35:33,10021,6,100.0,8850000,4.28,30101504,2424582713,3638560349
2025-05-28T13:35:34,10021,6,100.0,8850000,4.28,30101504,2424582713,3638560349
2025-05-28T13:35:35,10021,6,100.0,8850000,4.28,30101504,2424582713,3638560349
2025-05-28T13:35:36,10021,6,100.0,8850000,4.28,30101504,2424582713,3638560349
2025-05-28T13:35:37,10021,6,100.0,8850000,4.28,30101504,2424582713,3638560349
2025-05-28T13:35:38,10021,6,100.0,8850000,4.28,30101504,2424582713,3638560349
2025-05-28T13:35:39,10021,6,100.0,8850000,4.28,30101504,2424582713,3638560349
2025-05-28T13:35:40,10021,6,100.0,8850000,4.28,30101504,2424582713,3638560349
2025-05-28T13:35:41,10021,6,100.0,8850000,4.28,30101504,2424582713,3638560349
2025-05-28T13:35:42,10021,6,100.0,8850000,4.28,30101504,2424582713,3638560349
2025-05-28T13:35:43,10021,6,100.0,8850000,4.28,30101504,2424582713,3638560349
2025-05-28T13:35:44,10036,6,100.0,8850000,4.28,30101504,2428220831,3644014712
2025-05-28T13:35:45,10036,6,100.0,8850000,4.28,30101504,2428220831,3644014712
2025-05-28T13:35:46,10036,6,100.0,8850000,4.28,30101504,2428220831,3644014712
2025-05-28T13:35:47,10036,6,100.0,8850000,4.28,30101504,2428220831,3644014712
2025-05-28T13:35:48,10036,6,100.0,8850000,4.28,30101504,2428220831,3644014712
2025-05-28T13:35:49,10036,6,100.0,8850000,4.28,30101504,2428220831,3644014712
2025-05-28T13:35:50,10036,6,100.0,8850000,4.28,30101504,2428220831,3644014712
2025-05-28T13:35:51,10036,6,100.0,8850000,4.28,30101504,2428220831,3644014712
2025-05-28T13:35:52,10036,6,100.0,8850000,4.28,30101504,2428220831,3644014712
2025-05-28T13:35:53,10036,6,100.0,8850000,4.28,30101504,2428220831,3644014712
2025-05-28T13:35:54,10036,6,100.0,8850000,4.28,30101504,2428220831,3644014712
2025-05-28T13:35:55,10036,6,100.0,8850000,4.28,30101504,2428220831,3644014712
2025-05-28T13:35:56,10036,6,100.0,8850000,4.28,30101504,2428220831,3644014712
2025-05-28T13:35:57,10036,6,100.0,8850000,4.28,30101504,2428220831,3644014712
2025-05-28T13:35:58,10036,6,100.0,8850000,4.28,30101504,2428220831,3644014712
2025-05-28T13:35:59,10051,6,100.0,8850000,4.29,30101504,2431842032,3649452804
2025-05-28T13:36:00,10051,6,100.0,8850000,4.29,30101504,2431842032,3649452804
2025-05-28T13:36:01,10051,6,100.0,8850000,4.29,30101504,2431842032,3649452804
2025-05-28T13:36:02,10051,6,100.0,8850000,4.29,30101504,2431842032,3649452804
2025-05-28T13:36:03,10051,6,100.0,8850000,4.29,30101504,2431842032,3649452804
2025-05-28T13:36:04,10051,6,100.0,8850000,4.29,30101504,2431842032,3649452804
2025-05-28T13:36:05,10051,6,100.0,8850000,4.29,30101504,2431842032,3649452804
2025-05-28T13:36:06,10051,6,100.0,8850000,4.29,30101504,2431842032,3649452804
2025-05-28T13:36:07,10051,6,100.0,8850000,4.29,30101504,2431842032,3649452804
2025-05-28T13:36:08,10051,6,100.0,8850000,4.29,30101504,2431842032,3649452804
2025-05-28T13:36:09,10051,6,100.0,8850000,4.29,30101504,2431842032,3649452804
2025-05-28T13:36:10,10051,6,100.0,8850000,4.29,30101504,2431842032,3649452804
2025-05-28T13:36:11,10051,6,100.0,8850000,4.29,30101504,2431842032,3649452804
2025-05-28T13:36:12,10051,6,100.0,8850000,4.29,30101504,2431842032,3649452804
2025-05-28T13:36:13,10051,6,100.0,8850000,4.29,30101504,2431842032,3649452804
2025-05-28T13:36:14,10066,6,100.0,8850000,4.29,30101504,2435446889,3654874117
2025-05-28T13:36:15,10066,6,100.0,8850000,4.29,30101504,2435446889,3654874117
2025-05-28T13:36:16,10066,6,100.0,8850000,4.29,30101504,2435446889,3654874117
2025-05-28T13:36:17,10066,6,100.0,8850000,4.29,30101504,2435446889,3654874117
2025-05-28T13:36:18,10066,6,100.0,8850000,4.29,30101504,2435446889,3654874117
2025-05-28T13:36:19,10066,6,100.0,8850000,4.29,30101504,2435446889,3654874117
2025-05-28T13:36:20,10066,6,100.0,8850000,4.29,30101504,2435446889,3654874117
2025-05-28T13:36:21,10066,6,100.0,8850000,4.29,30101504,2435446889,3654874117
2025-05-28T13:36:22,10066,6,100.0,8850000,4.29,30101504,2435446889,3654874117
2025-05-28T13:36:23,10066,6,100.0,8850000,4.29,30101504,2435446889,3654874117
2025-05-28T13:36:24,10066,6,100.0,8850000,4.29,30101504,2435446889,3654874117
2025-05-28T13:36:25,10066,6,100.0,8850000,4.29,30101504,2435446889,3654874117
2025-05-28T13:36:26,10066,6,100.0,8850000,4.29,30101504,2435446889,3654874117
2025-05-28T13:36:27,10066,6,100.0,8850000,4.29,30101504,2435446889,3654874117
2025-05-28T13:36:28,10066,6,100.0,8850000,4.29,30101504,2435446889,3654874117
2025-05-28T13:36:29,10081,6,100.0,8850000,4.29,30101504,2439081146,3660324935
2025-05-28T13:36:30,10081,6,100.0,8850000,4.29,30101504,2439081146,3660324935
2025-05-28T13:36:31,10081,6,100.0,8850000,4.29,30101504,2439081146,3660324935
2025-05-28T13:36:32,10081,6,100.0,8850000,4.29,30101504,2439081146,3660324935
2025-05-28T13:36:33,10081,6,100.0,8850000,4.29,30101504,2439081146,3660324935
2025-05-28T13:36:34,10081,6,100.0,8850000,4.29,30101504,2439081146,3660324935
2025-05-28T13:36:35,10081,6,100.0,8850000,4.29,30101504,2439081146,3660324935
2025-05-28T13:36:36,10081,6,100.0,8850000,4.29,30101504,2439081146,3660324935
2025-05-28T13:36:37,10081,6,100.0,8850000,4.29,30101504,2439081146,3660324935
2025-05-28T13:36:38,10081,6,100.0,8850000,4.29,30101504,2439081146,3660324935
2025-05-28T13:36:39,10081,6,100.0,8850000,4.29,30101504,2439081146,3660324935
2025-05-28T13:36:40,10081,6,100.0,8850000,4.29,30101504,2439081146,3660324935
2025-05-28T13:36:41,10081,6,100.0,8850000,4.29,30101504,2439081146,3660324935
2025-05-28T13:36:42,10081,6,100.0,8850000,4.29,30101504,2439081146,3660324935
2025-05-28T13:36:43,10081,6,100.0,8850000,4.29,30101504,2439081146,3660324935
2025-05-28T13:36:44,10096,6,100.0,8850000,4.29,30101504,2442751908,3665812155
2025-05-28T13:36:45,10096,6,100.0,8850000,4.29,30101504,2442751908,3665812155
2025-05-28T13:36:46,10096,6,100.0,8850000,4.29,30101504,2442751908,3665812155
2025-05-28T13:36:47,10096,6,100.0,8850000,4.29,30101504,2442751908,3665812155
2025-05-28T13:36:48,10096,6,100.0,8850000,4.29,30101504,2442751908,3665812155
2025-05-28T13:36:49,10096,6,100.0,8850000,4.29,30101504,2442751908,3665812155
2025-05-28T13:36:50,10096,6,100.0,8850000,4.29,30101504,2442751908,3665812155
2025-05-28T13:36:51,10096,6,100.0,8850000,4.29,30101504,2442751908,3665812155
2025-05-28T13:36:52,10096,6,100.0,8850000,4.29,30101504,2442751908,3665812155
2025-05-28T13:36:53,10096,6,100.0,8850000,4.29,30101504,2442751908,3665812155
2025-05-28T13:36:54,10096,6,100.0,8850000,4.29,30101504,2442751908,3665812155
2025-05-28T13:36:55,10096,6,100.0,8850000,4.29,30101504,2442751908,3665812155
2025-05-28T13:36:56,10096,6,100.0,8850000,4.29,30101504,2442751908,3665812155
2025-05-28T13:36:57,10096,6,100.0,8850000,4.29,30101504,2442751908,3665812155
2025-05-28T13:36:58,10096,6,100.0,8850000,4.29,30101504,2442751908,3665812155
2025-05-28T13:36:59,10111,6,100.0,8850000,4.31,30101504,2446328202,3671204855
2025-05-28T13:37:00,10111,6,100.0,8850000,4.31,30101504,2446328202,3671204855
2025-05-28T13:37:01,10111,6,100.0,8850000,4.31,30101504,2446328202,3671204855
2025-05-28T13:37:02,10111,6,100.0,8850000,4.31,30101504,2446328202,3671204855
2025-05-28T13:37:03,10111,6,100.0,8850000,4.31,30101504,2446328202,3671204855
2025-05-28T13:37:04,10111,6,100.0,8850000,4.31,30101504,2446328202,3671204855
2025-05-28T13:37:05,10111,6,100.0,8850000,4.31,30101504,2446328202,3671204855
2025-05-28T13:37:06,10111,6,100.0,8850000,4.31,30101504,2446328202,3671204855
2025-05-28T13:37:07,10111,6,100.0,8850000,4.31,30101504,2446328202,3671204855
2025-05-28T13:37:08,10111,6,100.0,8850000,4.31,30101504,2446328202,3671204855
2025-05-28T13:37:09,10111,6,100.0,8850000,4.31,30101504,2446328202,3671204855
2025-05-28T13:37:10,10111,6,100.0,8850000,4.31,30101504,2446328202,3671204855
2025-05-28T13:37:11,10111,6,100.0,8850000,4.31,30101504,2446328202,3671204855
2025-05-28T13:37:12,10111,6,100.0,8850000,4.31,30101504,2446328202,3671204855
2025-05-28T13:37:13,10111,6,100.0,8850000,4.31,30101504,2446328202,3671204855
2025-05-28T13:37:14,10126,6,100.0,8850000,4.31,30101504,2449992244,3676687095
2025-05-28T13:37:15,10126,6,100.0,8850000,4.31,30101504,2449992244,3676687095
2025-05-28T13:37:16,10126,6,100.0,8850000,4.31,30101504,2449992244,3676687095
2025-05-28T13:37:17,10126,6,100.0,8850000,4.31,30101504,2449992244,3676687095
2025-05-28T13:37:18,10126,6,100.0,8850000,4.31,30101504,2449992244,3676687095
2025-05-28T13:37:19,10126,6,100.0,8850000,4.31,30101504,2449992244,3676687095
2025-05-28T13:37:20,10126,6,100.0,8850000,4.31,30101504,2449992244,3676687095
2025-05-28T13:37:21,10126,6,100.0,8850000,4.31,30101504,2449992244,3676687095
2025-05-28T13:37:22,10126,6,100.0,8850000,4.31,30101504,2449992244,3676687095
2025-05-28T13:37:23,10126,6,100.0,8850000,4.31,30101504,2449992244,3676687095
2025-05-28T13:37:24,10126,6,100.0,8850000,4.31,30101504,2449992244,3676687095
2025-05-28T13:37:25,10126,6,100.0,8850000,4.31,30101504,2449992244,3676687095
2025-05-28T13:37:26,10126,6,100.0,8850000,4.31,30101504,2449992244,3676687095
2025-05-28T13:37:27,10126,6,100.0,8850000,4.31,30101504,2449992244,3676687095
2025-05-28T13:37:28,10126,6,100.0,8850000,4.31,30101504,2449992244,3676687095
2025-05-28T13:37:29,10141,6,100.0,8850000,4.33,29937664,2453613598,3682125051
2025-05-28T13:37:30,10141,6,100.0,8850000,4.33,29937664,2453613598,3682125051
2025-05-28T13:37:31,10141,6,100.0,8850000,4.33,29937664,2453613598,3682125051
2025-05-28T13:37:32,10141,6,100.0,8850000,4.33,29937664,2453613598,3682125051
2025-05-28T13:37:33,10141,6,100.0,8850000,4.33,29937664,2453613598,3682125051
2025-05-28T13:37:34,10141,6,100.0,8850000,4.33,29937664,2453613598,3682125051
2025-05-28T13:37:35,10141,6,100.0,8850000,4.33,29937664,2453613598,3682125051
2025-05-28T13:37:36,10141,6,100.0,8850000,4.33,29937664,2453613598,3682125051
2025-05-28T13:37:37,10141,6,100.0,8850000,4.33,29937664,2453613598,3682125051
2025-05-28T13:37:38,10141,6,100.0,8850000,4.33,29937664,2453613598,3682125051
2025-05-28T13:37:39,10141,6,100.0,8850000,4.33,29937664,2453613598,3682125051
2025-05-28T13:37:40,10141,6,100.0,8850000,4.33,29937664,2453613598,3682125051
2025-05-28T13:37:41,10141,6,100.0,8850000,4.33,29937664,2453613598,3682125051
2025-05-28T13:37:42,10141,6,100.0,8850000,4.33,29937664,2453613598,3682125051
2025-05-28T13:37:43,10141,6,100.0,8850000,4.33,29937664,2453613598,3682125051
2025-05-28T13:37:44,10156,6,100.0,8850000,4.33,29937664,2457235161,3687563123
2025-05-28T13:37:45,10156,6,100.0,8850000,4.33,29937664,2457235161,3687563123
2025-05-28T13:37:46,10156,6,100.0,8850000,4.33,29937664,2457235161,3687563123
2025-05-28T13:37:47,10156,6,100.0,8850000,4.33,29937664,2457235161,3687563123
2025-05-28T13:37:48,10156,6,100.0,8850000,4.33,29937664,2457235161,3687563123
2025-05-28T13:37:49,10156,6,100.0,8850000,4.33,29937664,2457235161,3687563123
2025-05-28T13:37:50,10156,6,100.0,8850000,4.33,29937664,2457235161,3687563123
2025-05-28T13:37:51,10156,6,100.0,8850000,4.33,29937664,2457235161,3687563123
2025-05-28T13:37:52,10156,6,100.0,8850000,4.33,29937664,2457235161,3687563123
2025-05-28T13:37:53,10156,6,100.0,8850000,4.33,29937664,2457235161,3687563123
2025-05-28T13:37:54,10156,6,100.0,8850000,4.33,29937664,2457235161,3687563123
2025-05-28T13:37:55,10156,6,100.0,8850000,4.33,29937664,2457235161,3687563123
2025-05-28T13:37:56,10156,6,100.0,8850000,4.33,29937664,2457235161,3687563123
2025-05-28T13:37:57,10156,6,100.0,8850000,4.33,29937664,2457235161,3687563123
2025-05-28T13:37:58,10156,6,100.0,8850000,4.33,29937664,2457235161,3687563123
2025-05-28T13:37:59,10171,6,100.0,8850000,4.33,30203904,2460856607,3693001028
2025-05-28T13:38:00,10171,6,100.0,8850000,4.33,30203904,2460856607,3693001028
2025-05-28T13:38:01,10171,6,100.0,8850000,4.33,30203904,2460856607,3693001028
2025-05-28T13:38:02,10171,6,100.0,8850000,4.33,30203904,2460856607,3693001028
2025-05-28T13:38:03,10171,6,100.0,8850000,4.33,30203904,2460856607,3693001028
2025-05-28T13:38:04,10171,6,100.0,8850000,4.33,30203904,2460856607,3693001028
2025-05-28T13:38:05,10171,6,100.0,8850000,4.33,30203904,2460856607,3693001028
2025-05-28T13:38:06,10171,6,100.0,8850000,4.33,30203904,2460856607,3693001028
2025-05-28T13:38:07,10171,6,100.0,8850000,4.33,30203904,2460856607,3693001028
2025-05-28T13:38:08,10171,6,100.0,8850000,4.33,30203904,2460856607,3693001028
2025-05-28T13:38:09,10171,6,100.0,8850000,4.33,30203904,2460856607,3693001028
2025-05-28T13:38:10,10171,6,100.0,8850000,4.33,30203904,2460856607,3693001028
2025-05-28T13:38:11,10171,6,100.0,8850000,4.33,30203904,2460856607,3693001028
2025-05-28T13:38:12,10171,6,100.0,8850000,4.33,30203904,2460856607,3693001028
2025-05-28T13:38:13,10171,6,100.0,8850000,4.33,30203904,2460856607,3693001028
2025-05-28T13:38:14,10186,6,100.0,8850000,4.33,30203904,2464428458,3698389751
2025-05-28T13:38:15,10186,6,100.0,8850000,4.33,30203904,2464428458,3698389751
2025-05-28T13:38:16,10186,6,100.0,8850000,4.33,30203904,2464428458,3698389751
2025-05-28T13:38:17,10186,6,100.0,8850000,4.33,30203904,2464428458,3698389751
2025-05-28T13:38:18,10186,6,100.0,8850000,4.33,30203904,2464428458,3698389751
2025-05-28T13:38:19,10186,6,100.0,8850000,4.33,30203904,2464428458,3698389751
2025-05-28T13:38:20,10186,6,100.0,8850000,4.33,30203904,2464428458,3698389751
2025-05-28T13:38:21,10186,6,100.0,8850000,4.33,30203904,2464428458,3698389751
2025-05-28T13:38:22,10186,6,100.0,8850000,4.33,30203904,2464428458,3698389751
2025-05-28T13:38:23,10186,6,100.0,8850000,4.33,30203904,2464428458,3698389751
2025-05-28T13:38:24,10186,6,100.0,8850000,4.33,30203904,2464428458,3698389751
2025-05-28T13:38:25,10186,6,100.0,8850000,4.33,30203904,2464428458,3698389751
2025-05-28T13:38:26,10186,6,100.0,8850000,4.33,30203904,2464428458,3698389751
2025-05-28T13:38:27,10186,6,100.0,8850000,4.33,30203904,2464428458,3698389751
2025-05-28T13:38:28,10186,6,100.0,8850000,4.33,30203904,2464428458,3698389751
2025-05-28T13:38:29,10201,6,100.0,8850000,4.34,30203904,2468037419,3703815449
2025-05-28T13:38:30,10201,6,100.0,8850000,4.34,30203904,2468037419,3703815449
2025-05-28T13:38:31,10201,6,100.0,8850000,4.34,30203904,2468037419,3703815449
2025-05-28T13:38:32,10201,6,100.0,8850000,4.34,30203904,2468037419,3703815449
2025-05-28T13:38:33,10201,6,100.0,8850000,4.34,30203904,2468037419,3703815449
2025-05-28T13:38:34,10201,6,100.0,8850000,4.34,30203904,2468037419,3703815449
2025-05-28T13:38:35,10201,6,100.0,8850000,4.34,30203904,2468037419,3703815449
2025-05-28T13:38:36,10201,6,100.0,8850000,4.34,30203904,2468037419,3703815449
2025-05-28T13:38:37,10201,6,100.0,8850000,4.34,30203904,2468037419,3703815449
2025-05-28T13:38:38,10201,6,100.0,8850000,4.34,30203904,2468037419,3703815449
2025-05-28T13:38:39,10201,6,100.0,8850000,4.34,30203904,2468037419,3703815449
2025-05-28T13:38:40,10201,6,100.0,8850000,4.34,30203904,2468037419,3703815449
2025-05-28T13:38:41,10201,6,100.0,8850000,4.34,30203904,2468037419,3703815449
2025-05-28T13:38:42,10201,6,100.0,8850000,4.34,30203904,2468037419,3703815449
2025-05-28T13:38:43,10201,6,100.0,8850000,4.34,30203904,2468037419,3703815449
2025-05-28T13:38:44,10216,6,100.0,8850000,4.34,30203904,2471720900,3709315228
2025-05-28T13:38:45,10216,6,100.0,8850000,4.34,30203904,2471720900,3709315228
2025-05-28T13:38:46,10216,6,100.0,8850000,4.34,30203904,2471720900,3709315228
2025-05-28T13:38:47,10216,6,100.0,8850000,4.34,30203904,2471720900,3709315228
2025-05-28T13:38:48,10216,6,100.0,8850000,4.34,30203904,2471720900,3709315228
2025-05-28T13:38:49,10216,6,100.0,8850000,4.34,30203904,2471720900,3709315228
2025-05-28T13:38:50,10216,6,100.0,8850000,4.34,30203904,2471720900,3709315228
2025-05-28T13:38:51,10216,6,100.0,8850000,4.34,30203904,2471720900,3709315228
2025-05-28T13:38:52,10216,6,100.0,8850000,4.34,30203904,2471720900,3709315228
2025-05-28T13:38:53,10216,6,100.0,8850000,4.34,30203904,2471720900,3709315228
2025-05-28T13:38:54,10216,6,100.0,8850000,4.34,30203904,2471720900,3709315228
2025-05-28T13:38:55,10216,6,100.0,8850000,4.34,30203904,2471720900,3709315228
2025-05-28T13:38:56,10216,6,100.0,8850000,4.34,30203904,2471720900,3709315228
2025-05-28T13:38:57,10216,6,100.0,8850000,4.34,30203904,2471720900,3709315228
2025-05-28T13:38:58,10216,6,100.0,8850000,4.34,30203904,2471720900,3709315228
2025-05-28T13:38:59,10231,6,100.0,8850000,4.35,30203904,2475342549,3714753126
2025-05-28T13:39:00,10231,6,100.0,8850000,4.35,30203904,2475342549,3714753126
2025-05-28T13:39:01,10231,6,100.0,8850000,4.35,30203904,2475342549,3714753126
2025-05-28T13:39:02,10231,6,100.0,8850000,4.35,30203904,2475342549,3714753126
2025-05-28T13:39:03,10231,6,100.0,8850000,4.35,30203904,2475342549,3714753126
2025-05-28T13:39:04,10231,6,100.0,8850000,4.35,30203904,2475342549,3714753126
2025-05-28T13:39:05,10231,6,100.0,8850000,4.35,30203904,2475342549,3714753126
2025-05-28T13:39:06,10231,6,100.0,8850000,4.35,30203904,2475342549,3714753126
2025-05-28T13:39:07,10231,6,100.0,8850000,4.35,30203904,2475342549,3714753126
2025-05-28T13:39:08,10231,6,100.0,8850000,4.35,30203904,2475342549,3714753126
2025-05-28T13:39:09,10231,6,100.0,8850000,4.35,30203904,2475342549,3714753126
2025-05-28T13:39:10,10231,6,100.0,8850000,4.35,30203904,2475342549,3714753126
2025-05-28T13:39:11,10231,6,100.0,8850000,4.35,30203904,2475342549,3714753126
2025-05-28T13:39:12,10231,6,100.0,8850000,4.35,30203904,2475342549,3714753126
2025-05-28T13:39:13,10231,6,100.0,8850000,4.35,30203904,2475342549,3714753126
2025-05-28T13:39:14,10246,6,100.0,8850000,4.36,30203904,2478964364,3720191451
2025-05-28T13:39:15,10246,6,100.0,8850000,4.36,30203904,2478964364,3720191451
2025-05-28T13:39:16,10246,6,100.0,8850000,4.36,30203904,2478964364,3720191451
2025-05-28T13:39:17,10246,6,100.0,8850000,4.36,30203904,2478964364,3720191451
2025-05-28T13:39:18,10246,6,100.0,8850000,4.36,30203904,2478964364,3720191451
2025-05-28T13:39:19,10246,6,100.0,8850000,4.36,30203904,2478964364,3720191451
2025-05-28T13:39:20,10246,6,100.0,8850000,4.36,30203904,2478964364,3720191451
2025-05-28T13:39:21,10246,6,100.0,8850000,4.36,30203904,2478964364,3720191451
2025-05-28T13:39:22,10246,6,100.0,8850000,4.36,30203904,2478964364,3720191451
2025-05-28T13:39:23,10246,6,100.0,8850000,4.36,30203904,2478964364,3720191451
2025-05-28T13:39:24,10246,6,100.0,8850000,4.36,30203904,2478964364,3720191451
2025-05-28T13:39:25,10246,6,100.0,8850000,4.36,30203904,2478964364,3720191451
2025-05-28T13:39:26,10246,6,100.0,8850000,4.36,30203904,2478964364,3720191451
2025-05-28T13:39:27,10246,6,100.0,8850000,4.36,30203904,2478964364,3720191451
2025-05-28T13:39:28,10246,6,100.0,8850000,4.36,30203904,2478964364,3720191451
2025-05-28T13:39:29,10261,6,100.0,8850000,4.37,30089216,2482902853,3725946242
2025-05-28T13:39:30,10261,6,100.0,8850000,4.37,30089216,2482902853,3725946242
2025-05-28T13:39:31,10261,6,100.0,8850000,4.37,30089216,2482902853,3725946242
2025-05-28T13:39:32,10261,6,100.0,8850000,4.37,30089216,2482902853,3725946242
2025-05-28T13:39:33,10261,6,100.0,8850000,4.37,30089216,2482902853,3725946242
2025-05-28T13:39:34,10261,6,100.0,8850000,4.37,30089216,2482902853,3725946242
2025-05-28T13:39:35,10261,6,100.0,8850000,4.37,30089216,2482902853,3725946242
2025-05-28T13:39:36,10261,6,100.0,8850000,4.37,30089216,2482902853,3725946242
2025-05-28T13:39:37,10261,6,100.0,8850000,4.37,30089216,2482902853,3725946242
2025-05-28T13:39:38,10261,6,100.0,8850000,4.37,30089216,2482902853,3725946242
2025-05-28T13:39:39,10261,6,100.0,8850000,4.37,30089216,2482902853,3725946242
2025-05-28T13:39:40,10261,6,100.0,8850000,4.37,30089216,2482902853,3725946242
2025-05-28T13:39:41,10261,6,100.0,8850000,4.37,30089216,2482902853,3725946242
2025-05-28T13:39:42,10261,6,100.0,8850000,4.37,30089216,2482902853,3725946242
2025-05-28T13:39:43,10261,6,100.0,8850000,4.37,30089216,2482902853,3725946242
2025-05-28T13:39:44,10276,6,100.0,8850000,4.37,30089216,2486145483,3731005719
2025-05-28T13:39:45,10276,6,100.0,8850000,4.37,30089216,2486145483,3731005719
2025-05-28T13:39:46,10276,6,100.0,8850000,4.37,30089216,2486145483,3731005719
2025-05-28T13:39:47,10276,6,100.0,8850000,4.37,30089216,2486145483,3731005719
2025-05-28T13:39:48,10276,6,100.0,8850000,4.37,30089216,2486145483,3731005719
2025-05-28T13:39:49,10276,6,100.0,8850000,4.37,30089216,2486145483,3731005719
2025-05-28T13:39:50,10276,6,100.0,8850000,4.37,30089216,2486145483,3731005719
2025-05-28T13:39:51,10276,6,100.0,8850000,4.37,30089216,2486145483,3731005719
2025-05-28T13:39:52,10276,6,100.0,8850000,4.37,30089216,2486145483,3731005719
2025-05-28T13:39:53,10276,6,100.0,8850000,4.37,30089216,2486145483,3731005719
2025-05-28T13:39:54,10276,6,100.0,8850000,4.37,30089216,2486145483,3731005719
2025-05-28T13:39:55,10276,6,100.0,8850000,4.37,30089216,2486145483,3731005719
2025-05-28T13:39:56,10276,6,100.0,8850000,4.37,30089216,2486145483,3731005719
2025-05-28T13:39:57,10276,6,100.0,8850000,4.37,30089216,2486145483,3731005719
2025-05-28T13:39:58,10276,6,100.0,8850000,4.37,30089216,2486145483,3731005719
2025-05-28T13:39:59,10291,6,100.0,8850000,4.37,30089216,2489828783,3736505479
2025-05-28T13:40:00,10291,6,100.0,8850000,4.37,30089216,2489828783,3736505479
2025-05-28T13:40:01,10291,6,100.0,8850000,4.37,30089216,2489828783,3736505479
2025-05-28T13:40:02,10291,6,100.0,8850000,4.37,30089216,2489828783,3736505479
2025-05-28T13:40:03,10291,6,100.0,8850000,4.37,30089216,2489828783,3736505479
2025-05-28T13:40:04,10291,6,100.0,8850000,4.37,30089216,2489828783,3736505479
2025-05-28T13:40:05,10291,6,100.0,8850000,4.37,30089216,2489828783,3736505479
2025-05-28T13:40:06,10291,6,100.0,8850000,4.37,30089216,2489828783,3736505479
2025-05-28T13:40:07,10291,6,100.0,8850000,4.37,30089216,2489828783,3736505479
2025-05-28T13:40:08,10291,6,100.0,8850000,4.37,30089216,2489828783,3736505479
2025-05-28T13:40:09,10291,6,100.0,8850000,4.37,30089216,2489828783,3736505479
2025-05-28T13:40:10,10291,6,100.0,8850000,4.37,30089216,2489828783,3736505479
2025-05-28T13:40:11,10291,6,100.0,8850000,4.37,30089216,2489828783,3736505479
2025-05-28T13:40:12,10291,6,100.0,8850000,4.37,30089216,2489828783,3736505479
2025-05-28T13:40:13,10291,6,100.0,8850000,4.37,30089216,2489828783,3736505479
2025-05-28T13:40:14,10306,6,100.0,8850000,4.37,30089216,2493449401,3741943386
2025-05-28T13:40:15,10306,6,100.0,8850000,4.37,30089216,2493449401,3741943386
2025-05-28T13:40:16,10306,6,100.0,8850000,4.37,30089216,2493449401,3741943386
2025-05-28T13:40:17,10306,6,100.0,8850000,4.37,30089216,2493449401,3741943386
2025-05-28T13:40:18,10306,6,100.0,8850000,4.37,30089216,2493449401,3741943386
2025-05-28T13:40:19,10306,6,100.0,8850000,4.37,30089216,2493449401,3741943386
2025-05-28T13:40:20,10306,6,100.0,8850000,4.37,30089216,2493449401,3741943386
2025-05-28T13:40:21,10306,6,100.0,8850000,4.37,30089216,2493449401,3741943386
2025-05-28T13:40:22,10306,6,100.0,8850000,4.37,30089216,2493449401,3741943386
2025-05-28T13:40:23,10306,6,100.0,8850000,4.37,30089216,2493449401,3741943386
2025-05-28T13:40:24,10306,6,100.0,8850000,4.37,30089216,2493449401,3741943386
2025-05-28T13:40:25,10306,6,100.0,8850000,4.37,30089216,2493449401,3741943386
2025-05-28T13:40:26,10306,6,100.0,8850000,4.37,30089216,2493449401,3741943386
2025-05-28T13:40:27,10306,6,100.0,8850000,4.37,30089216,2493449401,3741943386
2025-05-28T13:40:28,10306,6,100.0,8850000,4.37,30089216,2493449401,3741943386
2025-05-28T13:40:29,10321,6,100.0,8850000,4.39,30089216,2497009501,3747319894
2025-05-28T13:40:30,10321,6,100.0,8850000,4.39,30089216,2497009501,3747319894
2025-05-28T13:40:31,10321,6,100.0,8850000,4.39,30089216,2497009501,3747319894
2025-05-28T13:40:32,10321,6,100.0,8850000,4.39,30089216,2497009501,3747319894
2025-05-28T13:40:33,10321,6,100.0,8850000,4.39,30089216,2497009501,3747319894
2025-05-28T13:40:34,10321,6,100.0,8850000,4.39,30089216,2497009501,3747319894
2025-05-28T13:40:35,10321,6,100.0,8850000,4.39,30089216,2497009501,3747319894
2025-05-28T13:40:36,10321,6,100.0,8850000,4.39,30089216,2497009501,3747319894
2025-05-28T13:40:37,10321,6,100.0,8850000,4.39,30089216,2497009501,3747319894
2025-05-28T13:40:38,10321,6,100.0,8850000,4.39,30089216,2497009501,3747319894
2025-05-28T13:40:39,10321,6,100.0,8850000,4.39,30089216,2497009501,3747319894
2025-05-28T13:40:40,10321,6,100.0,8850000,4.39,30089216,2497009501,3747319894
2025-05-28T13:40:41,10321,6,100.0,8850000,4.39,30089216,2497009501,3747319894
2025-05-28T13:40:42,10321,6,100.0,8850000,4.39,30089216,2497009501,3747319894
2025-05-28T13:40:43,10321,6,100.0,8850000,4.39,30089216,2497009501,3747319894
2025-05-28T13:40:44,10336,6,100.0,8850000,4.39,30089216,2500707248,3752835343
2025-05-28T13:40:45,10336,6,100.0,8850000,4.39,30089216,2500707248,3752835343
2025-05-28T13:40:46,10336,6,100.0,8850000,4.39,30089216,2500707248,3752835343
2025-05-28T13:40:47,10336,6,100.0,8850000,4.39,30089216,2500707248,3752835343
2025-05-28T13:40:48,10336,6,100.0,8850000,4.39,30089216,2500707248,3752835343
