timestamp,timestamp.1,ops,success_rate,duration,cpu,memory,receive,transmit
2025-06-02 07:25:00,1748849100,,0.25,,,,,
2025-06-02 07:25:05,1748849105,1.0,0.5833333333333334,0.0,0.0,35225600.0,846451.0,1211752.0
2025-06-02 07:25:10,1748849110,1.0,0.8333333333333335,0.0,0.0,35225600.0,846451.0,1211752.0
2025-06-02 07:25:15,1748849115,1.0,1.0,0.0,0.0,35225600.0,846451.0,1211752.0
2025-06-02 07:25:20,1748849120,1.0,1.0,0.0,0.01075268817204302,35225600.0,1013811.0,1429462.0
2025-06-02 07:25:25,1748849125,1.0,1.0,0.0,0.01075268817204302,35225600.0,1013811.0,1429462.0
2025-06-02 07:25:30,1748849130,1.0,1.0,0.0,0.01075268817204302,35225600.0,1013811.0,1429462.0
2025-06-02 07:25:35,1748849135,1.0,1.0,0.0,0.01075268817204302,35495936.0,1223228.0,1743916.0
2025-06-02 07:25:40,1748849140,1.0,1.0,0.0,0.01075268817204302,35495936.0,1223228.0,1743916.0
2025-06-02 07:25:45,1748849145,1.0,1.0,0.0,0.01075268817204302,35495936.0,1223228.0,1743916.0
2025-06-02 07:25:50,1748849150,1.0,1.0,0.0,0.01075268817204302,35495936.0,1411787.0,2037308.0
2025-06-02 07:25:55,1748849155,1.0,1.0,0.0,0.01075268817204302,35495936.0,1411787.0,2037308.0
2025-06-02 07:26:00,1748849160,1.0,1.0,0.0,0.01075268817204302,35495936.0,1411787.0,2037308.0
2025-06-02 07:26:05,1748849165,1.0,1.0,0.0,0.01075268817204302,35495936.0,1599546.0,2330006.0
2025-06-02 07:26:10,1748849170,1.0,1.0,0.0,0.01075268817204302,35495936.0,1599546.0,2330006.0
2025-06-02 07:26:15,1748849175,1.0,1.0,0.0,0.01075268817204302,35495936.0,1599546.0,2330006.0
2025-06-02 07:26:20,1748849180,1.0,1.0,0.0,0.032258064516129066,36315136.0,1964393.0,2790692.0
2025-06-02 07:26:25,1748849185,1.0,1.0,0.0,0.032258064516129066,36315136.0,1964393.0,2790692.0
2025-06-02 07:26:30,1748849190,1.0,1.0,0.0,0.032258064516129066,36315136.0,1964393.0,2790692.0
2025-06-02 07:26:35,1748849195,1.0,1.0,0.0,0.032258064516129066,36315136.0,2152917.0,3125000.0
2025-06-02 07:26:40,1748849200,1.0,1.0,0.0,0.032258064516129066,36315136.0,2152917.0,3125000.0
2025-06-02 07:26:45,1748849205,1.0,1.0,0.0,0.032258064516129066,36315136.0,2152917.0,3125000.0
2025-06-02 07:26:50,1748849210,1.0,1.0,0.0,0.043010752688172026,36585472.0,2342959.0,3460179.0
2025-06-02 07:26:55,1748849215,1.0,1.0,0.0,0.043010752688172026,36585472.0,2342959.0,3460179.0
2025-06-02 07:27:00,1748849220,1.0,1.0,0.0,0.043010752688172026,36585472.0,2342959.0,3460179.0
2025-06-02 07:27:05,1748849225,1.0,1.0,0.0,0.05376344086021505,37384192.0,2706517.0,3920972.0
2025-06-02 07:27:10,1748849230,1.0,1.0,0.0,0.05376344086021505,37384192.0,2706517.0,3920972.0
2025-06-02 07:27:15,1748849235,1.0,1.0,0.0,0.05376344086021505,37384192.0,2706517.0,3920972.0
2025-06-02 07:27:20,1748849240,1.0,1.0,0.0,0.05376344086021505,37384192.0,2895075.0,4214369.0
2025-06-02 07:27:25,1748849245,1.0,1.0,0.0,0.05376344086021505,37384192.0,2895075.0,4214369.0
2025-06-02 07:27:30,1748849250,1.0,1.0,0.0,0.05376344086021505,37384192.0,2895075.0,4214369.0
2025-06-02 07:27:35,1748849255,1.0,1.0,0.0,0.05376344086021505,37384192.0,3082962.0,4507196.0
2025-06-02 07:27:40,1748849260,1.0,1.0,0.0,0.05376344086021505,37384192.0,3082962.0,4507196.0
2025-06-02 07:27:45,1748849265,1.0,1.0,0.0,0.05376344086021505,37384192.0,3082962.0,4507196.0
2025-06-02 07:27:50,1748849270,1.0,1.0,0.0,0.06451612903225806,37646336.0,3271598.0,4800706.0
2025-06-02 07:27:55,1748849275,1.0,1.0,0.0,0.06451612903225806,37646336.0,3271598.0,4800706.0
2025-06-02 07:28:00,1748849280,1.0,1.0,0.0,0.06451612903225806,37646336.0,3271598.0,4800706.0
2025-06-02 07:28:05,1748849285,1.0,1.0,0.0,0.06451612903225806,37875712.0,3459433.0,5093575.0
2025-06-02 07:28:10,1748849290,1.0,1.0,0.0,0.06451612903225806,37875712.0,3459433.0,5093575.0
2025-06-02 07:28:15,1748849295,1.0,1.0,0.0,0.06451612903225806,37875712.0,3459433.0,5093575.0
2025-06-02 07:28:20,1748849300,1.0,1.0,0.0,0.06451612903225806,37875712.0,3648074.0,5387063.0
2025-06-02 07:28:25,1748849305,1.0,1.0,0.0,0.06451612903225806,37875712.0,3648074.0,5387063.0
2025-06-02 07:28:30,1748849310,1.0,1.0,0.0,0.06451612903225806,37875712.0,3648074.0,5387063.0
2025-06-02 07:28:35,1748849315,1.0,1.0,0.0,0.07526881720430109,37875712.0,3835923.0,5679951.0
2025-06-02 07:28:40,1748849320,1.0,1.0,0.0,0.07526881720430109,37875712.0,3835923.0,5679951.0
2025-06-02 07:28:45,1748849325,1.0,1.0,0.0,0.07526881720430109,37875712.0,3835923.0,5679951.0
2025-06-02 07:28:50,1748849330,1.0,1.0,0.0,0.07526881720430109,38105088.0,4024517.0,5973428.0
2025-06-02 07:28:55,1748849335,1.0,1.0,0.0,0.07526881720430109,38105088.0,4024517.0,5973428.0
2025-06-02 07:29:00,1748849340,1.0,1.0,0.0,0.07526881720430109,38105088.0,4024517.0,5973428.0
2025-06-02 07:29:05,1748849345,1.0,1.0,0.0,0.0860215053763441,38105088.0,4212367.0,6266319.0
2025-06-02 07:29:10,1748849350,1.0,1.0,0.0,0.0860215053763441,38105088.0,4212367.0,6266319.0
2025-06-02 07:29:15,1748849355,1.0,1.0,0.0,0.0860215053763441,38105088.0,4212367.0,6266319.0
2025-06-02 07:29:20,1748849360,1.0,1.0,0.0,0.11827956989247311,36671488.0,4401013.0,6559848.0
2025-06-02 07:29:25,1748849365,1.0,1.0,0.0,0.11827956989247311,36671488.0,4401013.0,6559848.0
2025-06-02 07:29:30,1748849370,1.0,1.0,0.0,0.11827956989247311,36671488.0,4401013.0,6559848.0
2025-06-02 07:29:35,1748849375,1.0,1.0,0.0,0.11827956989247311,33492992.0,4588861.0,6852728.0
2025-06-02 07:29:40,1748849380,1.0,1.0,0.0,0.11827956989247311,33492992.0,4588861.0,6852728.0
2025-06-02 07:29:45,1748849385,1.0,1.0,0.0,0.11827956989247311,33492992.0,4588861.0,6852728.0
2025-06-02 07:29:50,1748849390,1.0,1.0,0.0,0.11827956989247311,33492992.0,4777456.0,7146174.0
2025-06-02 07:29:55,1748849395,1.0,1.0,0.0,0.11827956989247311,33492992.0,4777456.0,7146174.0
2025-06-02 07:30:00,1748849400,1.0,1.0,0.0,0.11827956989247311,33492992.0,4777456.0,7146174.0
2025-06-02 07:30:05,1748849405,1.0,1.0,0.0,0.11827956989247311,33492992.0,4965359.0,7439117.0
2025-06-02 07:30:10,1748849410,1.0,1.0,0.0,0.11827956989247311,33492992.0,4965359.0,7439117.0
2025-06-02 07:30:15,1748849415,1.0,1.0,0.0,0.11827956989247311,33492992.0,4965359.0,7439117.0
2025-06-02 07:30:20,1748849420,1.0,1.0,0.0,0.12903225806451613,33492992.0,5154004.0,7732638.0
2025-06-02 07:30:25,1748849425,1.0,1.0,0.0,0.12903225806451613,33492992.0,5154004.0,7732638.0
2025-06-02 07:30:30,1748849430,1.0,1.0,0.0,0.12903225806451613,33492992.0,5154004.0,7732638.0
2025-06-02 07:30:35,1748849435,1.0,1.0,0.0,0.12903225806451613,33492992.0,5341907.0,8025581.0
2025-06-02 07:30:40,1748849440,1.0,1.0,0.0,0.12903225806451613,33492992.0,5341907.0,8025581.0
2025-06-02 07:30:45,1748849445,1.0,1.0,0.0,0.12903225806451613,33492992.0,5341907.0,8025581.0
2025-06-02 07:30:50,1748849450,1.0,1.0,0.0,0.12903225806451613,33492992.0,5530553.0,8319109.0
2025-06-02 07:30:55,1748849455,1.0,1.0,0.0,0.12903225806451613,33492992.0,5530553.0,8319109.0
2025-06-02 07:31:00,1748849460,1.0,1.0,0.0,0.12903225806451613,33492992.0,5530553.0,8319109.0
2025-06-02 07:31:05,1748849465,1.0,1.0,0.0,0.12903225806451613,33492992.0,5718451.0,8612041.0
2025-06-02 07:31:10,1748849470,1.0,1.0,0.0,0.12903225806451613,33492992.0,5718451.0,8612041.0
2025-06-02 07:31:15,1748849475,1.0,1.0,0.0,0.12903225806451613,33492992.0,5718451.0,8612041.0
2025-06-02 07:31:20,1748849480,1.0,1.0,0.0,0.13978494623655915,33492992.0,5907098.0,8905570.0
2025-06-02 07:31:25,1748849485,1.0,1.0,0.0,0.13978494623655915,33492992.0,5907098.0,8905570.0
2025-06-02 07:31:30,1748849490,1.0,1.0,0.0,0.13978494623655915,33492992.0,5907098.0,8905570.0
2025-06-02 07:31:35,1748849495,1.0,1.0,0.0,0.13978494623655915,33492992.0,6094999.0,9198505.0
2025-06-02 07:31:40,1748849500,1.0,1.0,0.0,0.13978494623655915,33492992.0,6094999.0,9198505.0
2025-06-02 07:31:45,1748849505,1.0,1.0,0.0,0.13978494623655915,33492992.0,6094999.0,9198505.0
2025-06-02 07:31:50,1748849510,1.0,1.0,0.0,0.15053763440860218,33492992.0,6283593.0,9491978.0
2025-06-02 07:31:55,1748849515,1.0,1.0,0.0,0.15053763440860218,33492992.0,6283593.0,9491978.0
2025-06-02 07:32:00,1748849520,1.0,1.0,0.0,0.15053763440860218,33492992.0,6283593.0,9491978.0
2025-06-02 07:32:05,1748849525,1.0,1.0,0.0,0.15053763440860218,33492992.0,6471443.0,9784866.0
2025-06-02 07:32:10,1748849530,1.0,1.0,0.0,0.15053763440860218,33492992.0,6471443.0,9784866.0
2025-06-02 07:32:15,1748849535,1.0,1.0,0.0,0.15053763440860218,33492992.0,6471443.0,9784866.0
2025-06-02 07:32:20,1748849540,1.0,1.0,0.0,0.15053763440860218,33746944.0,6660040.0,10078320.0
2025-06-02 07:32:25,1748849545,1.0,1.0,0.0,0.15053763440860218,33746944.0,6660040.0,10078320.0
2025-06-02 07:32:30,1748849550,1.0,1.0,0.0,0.15053763440860218,33746944.0,6660040.0,10078320.0
2025-06-02 07:32:35,1748849555,1.0,1.0,0.0,0.15053763440860218,33746944.0,6847946.0,10371267.0
2025-06-02 07:32:40,1748849560,1.0,1.0,0.0,0.15053763440860218,33746944.0,6847946.0,10371267.0
2025-06-02 07:32:45,1748849565,1.0,1.0,0.0,0.15053763440860218,33746944.0,6847946.0,10371267.0
2025-06-02 07:32:50,1748849570,1.0,1.0,0.0,0.16129032258064518,33746944.0,7036593.0,10664794.0
2025-06-02 07:32:55,1748849575,1.0,1.0,0.0,0.16129032258064518,33746944.0,7036593.0,10664794.0
2025-06-02 07:33:00,1748849580,1.0,1.0,0.0,0.16129032258064518,33746944.0,7036593.0,10664794.0
2025-06-02 07:33:05,1748849585,1.0,1.0,0.0,0.16129032258064518,33746944.0,7224495.0,10957734.0
2025-06-02 07:33:10,1748849590,1.0,1.0,0.0,0.16129032258064518,33746944.0,7224495.0,10957734.0
2025-06-02 07:33:15,1748849595,1.0,1.0,0.0,0.16129032258064518,33746944.0,7224495.0,10957734.0
2025-06-02 07:33:20,1748849600,1.0,1.0,0.0,0.16129032258064518,33746944.0,7413090.0,11251210.0
2025-06-02 07:33:25,1748849605,1.0,1.0,0.0,0.16129032258064518,33746944.0,7413090.0,11251210.0
2025-06-02 07:33:30,1748849610,1.0,1.0,0.0,0.16129032258064518,33746944.0,7413090.0,11251210.0
2025-06-02 07:33:35,1748849615,1.0,1.0,0.0,0.16129032258064518,33746944.0,7600888.0,11544015.0
2025-06-02 07:33:40,1748849620,1.0,1.0,0.0,0.16129032258064518,33746944.0,7600888.0,11544015.0
2025-06-02 07:33:45,1748849625,1.0,1.0,0.0,0.16129032258064518,33746944.0,7600888.0,11544015.0
2025-06-02 07:33:50,1748849630,1.0,1.0,0.0,0.17204301075268816,33746944.0,7789483.0,11837490.0
2025-06-02 07:33:55,1748849635,1.0,1.0,0.0,0.17204301075268816,33746944.0,7789483.0,11837490.0
2025-06-02 07:34:00,1748849640,1.0,1.0,0.0,0.17204301075268816,33746944.0,7789483.0,11837490.0
2025-06-02 07:34:05,1748849645,1.0,1.0,0.0,0.17204301075268816,33746944.0,7977388.0,12130436.0
2025-06-02 07:34:10,1748849650,1.0,1.0,0.0,0.17204301075268816,33746944.0,7977388.0,12130436.0
2025-06-02 07:34:15,1748849655,1.0,1.0,0.0,0.17204301075268816,33746944.0,7977388.0,12130436.0
2025-06-02 07:34:20,1748849660,1.0,1.0,0.0,0.17204301075268816,33746944.0,8166037.0,12423968.0
2025-06-02 07:34:25,1748849665,1.0,1.0,0.0,0.17204301075268816,33746944.0,8166037.0,12423968.0
2025-06-02 07:34:30,1748849670,1.0,1.0,0.0,0.17204301075268816,33746944.0,8166037.0,12423968.0
2025-06-02 07:34:35,1748849675,1.0,1.0,0.0,0.17204301075268816,33746944.0,8353882.0,12716843.0
2025-06-02 07:34:40,1748849680,1.0,1.0,0.0,0.17204301075268816,33746944.0,8353882.0,12716843.0
2025-06-02 07:34:45,1748849685,1.0,1.0,0.0,0.17204301075268816,33746944.0,8353882.0,12716843.0
2025-06-02 07:34:50,1748849690,1.0,1.0,0.0,0.17204301075268816,33746944.0,8542530.0,13010346.0
2025-06-02 07:34:55,1748849695,1.0,1.0,0.0,0.17204301075268816,33746944.0,8542530.0,13010346.0
2025-06-02 07:35:00,1748849700,1.0,1.0,0.0,0.17204301075268816,33746944.0,8542530.0,13010346.0
2025-06-02 07:35:05,1748849705,1.0,1.0,0.0,0.17204301075268816,33746944.0,8730432.0,13303284.0
2025-06-02 07:35:10,1748849710,1.0,1.0,0.0,0.17204301075268816,33746944.0,8730432.0,13303284.0
2025-06-02 07:35:15,1748849715,1.0,1.0,0.0,0.17204301075268816,33746944.0,8730432.0,13303284.0
2025-06-02 07:35:20,1748849720,1.0,1.0,0.0,0.1827956989247312,33730560.0,8919080.0,13596814.0
2025-06-02 07:35:25,1748849725,1.0,1.0,0.0,0.1827956989247312,33730560.0,8919080.0,13596814.0
2025-06-02 07:35:30,1748849730,1.0,1.0,0.0,0.1827956989247312,33730560.0,8919080.0,13596814.0
2025-06-02 07:35:35,1748849735,1.0,1.0,0.0,0.1935483870967742,33730560.0,9106983.0,13889751.0
2025-06-02 07:35:40,1748849740,1.0,1.0,0.0,0.1935483870967742,33730560.0,9106983.0,13889751.0
2025-06-02 07:35:45,1748849745,1.0,1.0,0.0,0.1935483870967742,33730560.0,9106983.0,13889751.0
2025-06-02 07:35:50,1748849750,1.0,1.0,0.0,0.1935483870967742,33730560.0,9295579.0,14183229.0
2025-06-02 07:35:55,1748849755,1.0,1.0,0.0,0.1935483870967742,33730560.0,9295579.0,14183229.0
2025-06-02 07:36:00,1748849760,1.0,1.0,0.0,0.1935483870967742,33730560.0,9295579.0,14183229.0
2025-06-02 07:36:05,1748849765,1.0,1.0,0.0,0.1935483870967742,33730560.0,9483483.0,14476166.0
2025-06-02 07:36:10,1748849770,1.0,1.0,0.0,0.1935483870967742,33730560.0,9483483.0,14476166.0
2025-06-02 07:36:15,1748849775,1.0,1.0,0.0,0.1935483870967742,33730560.0,9483483.0,14476166.0
2025-06-02 07:36:20,1748849780,1.0,1.0,0.0,0.1935483870967742,33730560.0,9672079.0,14769643.0
2025-06-02 07:36:25,1748849785,1.0,1.0,0.0,0.1935483870967742,33730560.0,9672079.0,14769643.0
2025-06-02 07:36:30,1748849790,1.0,1.0,0.0,0.1935483870967742,33730560.0,9672079.0,14769643.0
2025-06-02 07:36:35,1748849795,1.0,1.0,0.0,0.20430107526881722,33730560.0,9859982.0,15062582.0
2025-06-02 07:36:40,1748849800,1.0,1.0,0.0,0.20430107526881722,33730560.0,9859982.0,15062582.0
2025-06-02 07:36:45,1748849805,1.0,1.0,0.0,0.20430107526881722,33730560.0,9859982.0,15062582.0
2025-06-02 07:36:50,1748849810,1.0,1.0,0.0,0.20430107526881722,33730560.0,10048630.0,15356111.0
2025-06-02 07:36:55,1748849815,1.0,1.0,0.0,0.20430107526881722,33730560.0,10048630.0,15356111.0
2025-06-02 07:37:00,1748849820,1.0,1.0,0.0,0.20430107526881722,33730560.0,10048630.0,15356111.0
2025-06-02 07:37:05,1748849825,1.0,1.0,0.0,0.20430107526881722,33730560.0,10236377.0,15648895.0
2025-06-02 07:37:10,1748849830,1.0,1.0,0.0,0.20430107526881722,33730560.0,10236377.0,15648895.0
2025-06-02 07:37:15,1748849835,1.0,1.0,0.0,0.20430107526881722,33730560.0,10236377.0,15648895.0
2025-06-02 07:37:20,1748849840,1.0,1.0,0.0,0.20430107526881722,33730560.0,10425025.0,15942425.0
2025-06-02 07:37:25,1748849845,1.0,1.0,0.0,0.20430107526881722,33730560.0,10425025.0,15942425.0
2025-06-02 07:37:30,1748849850,1.0,1.0,0.0,0.20430107526881722,33730560.0,10425025.0,15942425.0
2025-06-02 07:37:35,1748849855,1.0,1.0,0.0,0.20430107526881722,33730560.0,10612876.0,16235314.0
2025-06-02 07:37:40,1748849860,1.0,1.0,0.0,0.20430107526881722,33730560.0,10612876.0,16235314.0
2025-06-02 07:37:45,1748849865,1.0,1.0,0.0,0.20430107526881722,33730560.0,10612876.0,16235314.0
2025-06-02 07:37:50,1748849870,1.0,1.0,0.0,0.21505376344086025,33730560.0,10801474.0,16528796.0
2025-06-02 07:37:55,1748849875,1.0,1.0,0.0,0.21505376344086025,33730560.0,10801474.0,16528796.0
2025-06-02 07:38:00,1748849880,1.0,1.0,0.0,0.21505376344086025,33730560.0,10801474.0,16528796.0
2025-06-02 07:38:05,1748849885,1.0,1.0,0.0,0.21505376344086025,33730560.0,10989434.0,16821802.0
2025-06-02 07:38:10,1748849890,1.0,1.0,0.0,0.21505376344086025,33730560.0,10989434.0,16821802.0
2025-06-02 07:38:15,1748849895,1.0,1.0,0.0,0.21505376344086025,33730560.0,10989434.0,16821802.0
2025-06-02 07:38:20,1748849900,1.0,1.0,0.0,0.21505376344086025,33730560.0,11178087.0,17115343.0
2025-06-02 07:38:25,1748849905,1.0,1.0,0.0,0.21505376344086025,33730560.0,11178087.0,17115343.0
2025-06-02 07:38:30,1748849910,1.0,1.0,0.0,0.21505376344086025,33730560.0,11178087.0,17115343.0
2025-06-02 07:38:35,1748849915,1.0,1.0,0.0,0.21505376344086025,33730560.0,11365944.0,17408245.0
2025-06-02 07:38:40,1748849920,1.0,1.0,0.0,0.21505376344086025,33730560.0,11365944.0,17408245.0
2025-06-02 07:38:45,1748849925,1.0,1.0,0.0,0.21505376344086025,33730560.0,11365944.0,17408245.0
2025-06-02 07:38:50,1748849930,1.0,1.0,0.0,0.21505376344086025,33730560.0,11554597.0,17701786.0
2025-06-02 07:38:55,1748849935,1.0,1.0,0.0,0.21505376344086025,33730560.0,11554597.0,17701786.0
2025-06-02 07:39:00,1748849940,1.0,1.0,0.0,0.21505376344086025,33730560.0,11554597.0,17701786.0
2025-06-02 07:39:05,1748849945,1.0,1.0,0.0,0.22580645161290328,33730560.0,11742505.0,17994732.0
2025-06-02 07:39:10,1748849950,1.0,1.0,0.0,0.22580645161290328,33730560.0,11742505.0,17994732.0
2025-06-02 07:39:15,1748849955,1.0,1.0,0.0,0.22580645161290328,33730560.0,11742505.0,17994732.0
2025-06-02 07:39:20,1748849960,1.0,1.0,0.0,0.22580645161290328,33730560.0,11931053.0,18288167.0
2025-06-02 07:39:25,1748849965,1.0,1.0,0.0,0.22580645161290328,33730560.0,11931053.0,18288167.0
2025-06-02 07:39:30,1748849970,1.0,1.0,0.0,0.22580645161290328,33730560.0,11931053.0,18288167.0
2025-06-02 07:39:35,1748849975,1.0,1.0,0.0,0.22580645161290328,33730560.0,12118959.0,18581115.0
2025-06-02 07:39:40,1748849980,1.0,1.0,0.0,0.22580645161290328,33730560.0,12118959.0,18581115.0
2025-06-02 07:39:45,1748849985,1.0,1.0,0.0,0.22580645161290328,33730560.0,12118959.0,18581115.0
2025-06-02 07:39:50,1748849990,1.0,1.0,0.0,0.22580645161290328,33730560.0,12307561.0,18874606.0
2025-06-02 07:39:55,1748849995,1.0,1.0,0.0,0.22580645161290328,33730560.0,12307561.0,18874606.0
2025-06-02 07:40:00,1748850000,1.0,1.0,0.0,0.22580645161290328,33730560.0,12307561.0,18874606.0
2025-06-02 07:40:05,1748850005,1.0,1.0,0.0,0.23655913978494628,33730560.0,12495414.0,19167499.0
2025-06-02 07:40:10,1748850010,1.0,1.0,0.0,0.23655913978494628,33730560.0,12495414.0,19167499.0
2025-06-02 07:40:15,1748850015,1.0,1.0,0.0,0.23655913978494628,33730560.0,12495414.0,19167499.0
2025-06-02 07:40:20,1748850020,1.0,1.0,0.0,0.23655913978494628,33730560.0,12684067.0,19461037.0
2025-06-02 07:40:25,1748850025,1.0,1.0,0.0,0.23655913978494628,33730560.0,12684067.0,19461037.0
2025-06-02 07:40:30,1748850030,1.0,1.0,0.0,0.23655913978494628,33730560.0,12684067.0,19461037.0
2025-06-02 07:40:35,1748850035,1.0,1.0,0.0,0.23655913978494628,33730560.0,12871977.0,19753992.0
2025-06-02 07:40:40,1748850040,1.0,1.0,0.0,0.23655913978494628,33730560.0,12871977.0,19753992.0
2025-06-02 07:40:45,1748850045,1.0,1.0,0.0,0.23655913978494628,33730560.0,12871977.0,19753992.0
2025-06-02 07:40:50,1748850050,1.0,1.0,0.0,0.23655913978494628,33730560.0,13060631.0,20047531.0
2025-06-02 07:40:55,1748850055,1.0,1.0,0.0,0.23655913978494628,33730560.0,13060631.0,20047531.0
2025-06-02 07:41:00,1748850060,1.0,1.0,0.0,0.23655913978494628,33730560.0,13060631.0,20047531.0
2025-06-02 07:41:05,1748850065,1.0,1.0,0.0,0.2473118279569893,33730560.0,13248538.0,20340478.0
2025-06-02 07:41:10,1748850070,1.0,1.0,0.0,0.2473118279569893,33730560.0,13248538.0,20340478.0
2025-06-02 07:41:15,1748850075,1.0,1.0,0.0,0.2473118279569893,33730560.0,13248538.0,20340478.0
2025-06-02 07:41:20,1748850080,1.0,1.0,0.0,0.2473118279569893,33730560.0,13437192.0,20634020.0
2025-06-02 07:41:25,1748850085,1.0,1.0,0.0,0.2473118279569893,33730560.0,13437192.0,20634020.0
2025-06-02 07:41:30,1748850090,1.0,1.0,0.0,0.2473118279569893,33730560.0,13437192.0,20634020.0
2025-06-02 07:41:35,1748850095,1.0,1.0,0.0,0.2473118279569893,33972224.0,13625102.0,20926974.0
2025-06-02 07:41:40,1748850100,1.0,1.0,0.0,0.2473118279569893,33972224.0,13625102.0,20926974.0
2025-06-02 07:41:45,1748850105,1.0,1.0,0.0,0.2473118279569893,33972224.0,13625102.0,20926974.0
2025-06-02 07:41:50,1748850110,1.0,1.0,0.0,0.2473118279569893,33972224.0,13813754.0,21220515.0
2025-06-02 07:41:55,1748850115,1.0,1.0,0.0,0.2473118279569893,33972224.0,13813754.0,21220515.0
2025-06-02 07:42:00,1748850120,1.0,1.0,0.0,0.2473118279569893,33972224.0,13813754.0,21220515.0
2025-06-02 07:42:05,1748850125,1.0,1.0,0.0,0.2473118279569893,33972224.0,14001609.0,21513417.0
2025-06-02 07:42:10,1748850130,1.0,1.0,0.0,0.2473118279569893,33972224.0,14001609.0,21513417.0
2025-06-02 07:42:15,1748850135,1.0,1.0,0.0,0.2473118279569893,33972224.0,14001609.0,21513417.0
2025-06-02 07:42:20,1748850140,1.0,1.0,0.0,0.26881720430107536,33972224.0,14190207.0,21806873.0
2025-06-02 07:42:25,1748850145,1.0,1.0,0.0,0.26881720430107536,33972224.0,14190207.0,21806873.0
2025-06-02 07:42:30,1748850150,1.0,1.0,0.0,0.26881720430107536,33972224.0,14190207.0,21806873.0
2025-06-02 07:42:35,1748850155,1.0,1.0,0.0,0.26881720430107536,33972224.0,14378063.0,22099773.0
2025-06-02 07:42:40,1748850160,1.0,1.0,0.0,0.26881720430107536,33972224.0,14378063.0,22099773.0
2025-06-02 07:42:45,1748850165,1.0,1.0,0.0,0.26881720430107536,33972224.0,14378063.0,22099773.0
2025-06-02 07:42:50,1748850170,2.0,1.0,0.0,0.29032258064516125,40005632.0,14816290.0,22742613.0
2025-06-02 07:42:55,1748850175,2.0,1.0,0.0,0.29032258064516125,40005632.0,14816290.0,22742613.0
2025-06-02 07:43:00,1748850180,2.0,1.0,0.0,0.29032258064516125,40005632.0,14816290.0,22742613.0
2025-06-02 07:43:05,1748850185,2.0,1.0,1.65,0.29032258064516125,40005632.0,15004118.0,23035925.0
2025-06-02 07:43:10,1748850190,2.0,1.0,1.65,0.29032258064516125,40005632.0,15004118.0,23035925.0
2025-06-02 07:43:15,1748850195,2.0,1.0,1.65,0.29032258064516125,40005632.0,15004118.0,23035925.0
2025-06-02 07:43:20,1748850200,2.0,1.0,1.65,0.3010752688172043,40005632.0,15192814.0,23329926.0
2025-06-02 07:43:25,1748850205,2.0,1.0,1.65,0.3010752688172043,40005632.0,15192814.0,23329926.0
2025-06-02 07:43:30,1748850210,2.0,1.0,1.65,0.3010752688172043,40005632.0,15192814.0,23329926.0
2025-06-02 07:43:35,1748850215,2.0,1.0,1.65,0.3010752688172043,40005632.0,15380647.0,23623201.0
2025-06-02 07:43:40,1748850220,2.0,1.0,1.65,0.3010752688172043,40005632.0,15380647.0,23623201.0
2025-06-02 07:43:45,1748850225,2.0,1.0,1.65,0.3010752688172043,40005632.0,15380647.0,23623201.0
2025-06-02 07:43:50,1748850230,2.0,1.0,1.65,0.3010752688172043,40005632.0,15569737.0,23917418.0
2025-06-02 07:43:55,1748850235,2.0,1.0,1.65,0.3010752688172043,40005632.0,15569737.0,23917418.0
2025-06-02 07:44:00,1748850240,2.0,1.0,1.65,0.3010752688172043,40005632.0,15569737.0,23917418.0
2025-06-02 07:44:05,1748850245,2.0,1.0,1.65,0.3010752688172043,40271872.0,15757428.0,24210632.0
2025-06-02 07:44:10,1748850250,2.0,1.0,1.65,0.3010752688172043,40271872.0,15757428.0,24210632.0
2025-06-02 07:44:15,1748850255,2.0,1.0,1.65,0.3010752688172043,40271872.0,15757428.0,24210632.0
2025-06-02 07:44:20,1748850260,2.0,1.0,1.65,0.3010752688172043,40853504.0,15946084.0,24504600.0
2025-06-02 07:44:25,1748850265,2.0,1.0,1.65,0.3010752688172043,40853504.0,15946084.0,24504600.0
2025-06-02 07:44:30,1748850270,2.0,1.0,1.65,0.3010752688172043,40853504.0,15946084.0,24504600.0
2025-06-02 07:44:35,1748850275,2.0,1.0,1.65,0.3118279569892473,40853504.0,16133722.0,24797758.0
2025-06-02 07:44:40,1748850280,2.0,1.0,1.65,0.3118279569892473,40853504.0,16133722.0,24797758.0
2025-06-02 07:44:45,1748850285,2.0,1.0,1.65,0.3118279569892473,40853504.0,16133722.0,24797758.0
2025-06-02 07:44:50,1748850290,2.0,1.0,1.65,0.3118279569892473,40853504.0,16322378.0,25091773.0
2025-06-02 07:44:55,1748850295,2.0,1.0,1.65,0.3118279569892473,40853504.0,16322378.0,25091773.0
2025-06-02 07:45:00,1748850300,2.0,1.0,1.65,0.3118279569892473,40853504.0,16322378.0,25091773.0
2025-06-02 07:45:05,1748850305,2.0,1.0,1.65,0.3118279569892473,40853504.0,16510017.0,25384933.0
2025-06-02 07:45:10,1748850310,2.0,1.0,1.65,0.3118279569892473,40853504.0,16510017.0,25384933.0
2025-06-02 07:45:15,1748850315,2.0,1.0,1.65,0.3118279569892473,40853504.0,16510017.0,25384933.0
2025-06-02 07:45:20,1748850320,2.0,1.0,1.65,0.3118279569892473,41115648.0,16698672.0,25678901.0
2025-06-02 07:45:25,1748850325,2.0,1.0,1.65,0.3118279569892473,41115648.0,16698672.0,25678901.0
2025-06-02 07:45:30,1748850330,2.0,1.0,1.65,0.3118279569892473,41115648.0,16698672.0,25678901.0
2025-06-02 07:45:35,1748850335,2.0,1.0,1.65,0.3225806451612903,41115648.0,16886417.0,25972166.0
2025-06-02 07:45:40,1748850340,2.0,1.0,1.65,0.3225806451612903,41115648.0,16886417.0,25972166.0
2025-06-02 07:45:45,1748850345,2.0,1.0,1.65,0.3225806451612903,41115648.0,16886417.0,25972166.0
2025-06-02 07:45:50,1748850350,2.0,1.0,1.65,0.3225806451612903,41115648.0,17075015.0,26266077.0
2025-06-02 07:45:55,1748850355,2.0,1.0,1.65,0.3225806451612903,41115648.0,17075015.0,26266077.0
2025-06-02 07:46:00,1748850360,2.0,1.0,1.65,0.3225806451612903,41115648.0,17075015.0,26266077.0
2025-06-02 07:46:05,1748850365,2.0,1.0,1.65,0.3225806451612903,41115648.0,17262650.0,26559196.0
2025-06-02 07:46:10,1748850370,2.0,1.0,1.65,0.3225806451612903,41115648.0,17262650.0,26559196.0
2025-06-02 07:46:15,1748850375,2.0,1.0,1.65,0.3225806451612903,41115648.0,17262650.0,26559196.0
2025-06-02 07:46:20,1748850380,2.0,1.0,1.65,0.3225806451612903,41115648.0,17451355.0,26853210.0
2025-06-02 07:46:25,1748850385,2.0,1.0,1.65,0.3225806451612903,41115648.0,17451355.0,26853210.0
2025-06-02 07:46:30,1748850390,2.0,1.0,1.65,0.3225806451612903,41115648.0,17451355.0,26853210.0
2025-06-02 07:46:35,1748850395,2.0,1.0,1.65,0.3225806451612903,41115648.0,17638989.0,27146359.0
2025-06-02 07:46:40,1748850400,2.0,1.0,1.65,0.3225806451612903,41115648.0,17638989.0,27146359.0
2025-06-02 07:46:45,1748850405,2.0,1.0,1.65,0.3225806451612903,41115648.0,17638989.0,27146359.0
2025-06-02 07:46:50,1748850410,2.0,1.0,1.65,0.33333333333333337,38207488.0,17827691.0,27440364.0
2025-06-02 07:46:55,1748850415,2.0,1.0,1.65,0.33333333333333337,38207488.0,17827691.0,27440364.0
2025-06-02 07:47:00,1748850420,2.0,1.0,1.65,0.33333333333333337,38207488.0,17827691.0,27440364.0
2025-06-02 07:47:05,1748850425,2.0,1.0,1.65,0.33333333333333337,38207488.0,18015221.0,27733414.0
2025-06-02 07:47:10,1748850430,2.0,1.0,1.65,0.33333333333333337,38207488.0,18015221.0,27733414.0
2025-06-02 07:47:15,1748850435,2.0,1.0,1.65,0.33333333333333337,38207488.0,18015221.0,27733414.0
2025-06-02 07:47:20,1748850440,2.0,1.0,1.65,0.33333333333333337,38207488.0,18203822.0,28027350.0
2025-06-02 07:47:25,1748850445,2.0,1.0,1.65,0.33333333333333337,38207488.0,18203822.0,28027350.0
2025-06-02 07:47:30,1748850450,2.0,1.0,1.65,0.33333333333333337,38207488.0,18203822.0,28027350.0
2025-06-02 07:47:35,1748850455,2.0,1.0,1.65,0.33333333333333337,38207488.0,18391510.0,28320553.0
2025-06-02 07:47:40,1748850460,2.0,1.0,1.65,0.33333333333333337,38207488.0,18391510.0,28320553.0
2025-06-02 07:47:45,1748850465,2.0,1.0,1.65,0.33333333333333337,38207488.0,18391510.0,28320553.0
2025-06-02 07:47:50,1748850470,2.0,1.0,1.65,0.34408602150537637,38207488.0,18580110.0,28614509.0
2025-06-02 07:47:55,1748850475,2.0,1.0,1.65,0.34408602150537637,38207488.0,18580110.0,28614509.0
2025-06-02 07:48:00,1748850480,2.0,1.0,1.65,0.34408602150537637,38207488.0,18580110.0,28614509.0
2025-06-02 07:48:05,1748850485,2.0,1.0,1.65,0.34408602150537637,38207488.0,18767743.0,28907654.0
2025-06-02 07:48:10,1748850490,2.0,1.0,1.65,0.34408602150537637,38207488.0,18767743.0,28907654.0
2025-06-02 07:48:15,1748850495,2.0,1.0,1.65,0.34408602150537637,38207488.0,18767743.0,28907654.0
2025-06-02 07:48:20,1748850500,2.0,1.0,1.65,0.34408602150537637,38207488.0,18956482.0,29201751.0
2025-06-02 07:48:25,1748850505,2.0,1.0,1.65,0.34408602150537637,38207488.0,18956482.0,29201751.0
2025-06-02 07:48:30,1748850510,2.0,1.0,1.65,0.34408602150537637,38207488.0,18956482.0,29201751.0
2025-06-02 07:48:35,1748850515,2.0,1.0,1.65,0.34408602150537637,38207488.0,19144169.0,29494924.0
2025-06-02 07:48:40,1748850520,2.0,1.0,1.65,0.34408602150537637,38207488.0,19144169.0,29494924.0
2025-06-02 07:48:45,1748850525,2.0,1.0,1.65,0.34408602150537637,38207488.0,19144169.0,29494924.0
2025-06-02 07:48:50,1748850530,2.0,1.0,1.65,0.34408602150537637,36777984.0,19332877.0,29788940.0
2025-06-02 07:48:55,1748850535,2.0,1.0,1.65,0.34408602150537637,36777984.0,19332877.0,29788940.0
2025-06-02 07:49:00,1748850540,2.0,1.0,1.65,0.34408602150537637,36777984.0,19332877.0,29788940.0
2025-06-02 07:49:05,1748850545,2.0,1.0,1.65,0.36559139784946243,36777984.0,19520568.0,30082145.0
2025-06-02 07:49:10,1748850550,2.0,1.0,1.65,0.36559139784946243,36777984.0,19520568.0,30082145.0
2025-06-02 07:49:15,1748850555,2.0,1.0,1.65,0.36559139784946243,36777984.0,19520568.0,30082145.0
2025-06-02 07:49:20,1748850560,2.0,1.0,1.65,0.36559139784946243,36777984.0,19709274.0,30376109.0
2025-06-02 07:49:25,1748850565,2.0,1.0,1.65,0.36559139784946243,36777984.0,19709274.0,30376109.0
2025-06-02 07:49:30,1748850570,2.0,1.0,1.65,0.36559139784946243,36777984.0,19709274.0,30376109.0
2025-06-02 07:49:35,1748850575,2.0,1.0,1.65,0.36559139784946243,36777984.0,19896860.0,30669217.0
2025-06-02 07:49:40,1748850580,2.0,1.0,1.65,0.36559139784946243,36777984.0,19896860.0,30669217.0
2025-06-02 07:49:45,1748850585,2.0,1.0,1.65,0.36559139784946243,36777984.0,19896860.0,30669217.0
2025-06-02 07:49:50,1748850590,2.0,1.0,1.65,0.36559139784946243,36777984.0,20085568.0,30963208.0
2025-06-02 07:49:55,1748850595,2.0,1.0,1.65,0.36559139784946243,36777984.0,20085568.0,30963208.0
2025-06-02 07:50:00,1748850600,2.0,1.0,1.65,0.36559139784946243,36777984.0,20085568.0,30963208.0
2025-06-02 07:50:05,1748850605,2.0,1.0,1.65,0.36559139784946243,36777984.0,20273454.0,31256612.0
2025-06-02 07:50:10,1748850610,2.0,1.0,1.65,0.36559139784946243,36777984.0,20273454.0,31256612.0
2025-06-02 07:50:15,1748850615,2.0,1.0,1.65,0.36559139784946243,36777984.0,20273454.0,31256612.0
2025-06-02 07:50:20,1748850620,2.0,1.0,1.65,0.36559139784946243,36777984.0,20462413.0,31550972.0
2025-06-02 07:50:25,1748850625,2.0,1.0,1.65,0.36559139784946243,36777984.0,20462413.0,31550972.0
2025-06-02 07:50:30,1748850630,2.0,1.0,1.65,0.36559139784946243,36777984.0,20462413.0,31550972.0
2025-06-02 07:50:35,1748850635,2.0,1.0,1.65,0.36559139784946243,36777984.0,20650186.0,31844309.0
2025-06-02 07:50:40,1748850640,2.0,1.0,1.65,0.36559139784946243,36777984.0,20650186.0,31844309.0
2025-06-02 07:50:45,1748850645,2.0,1.0,1.65,0.36559139784946243,36777984.0,20650186.0,31844309.0
2025-06-02 07:50:50,1748850650,2.0,1.0,1.65,0.37634408602150543,36741120.0,20838926.0,32138455.0
2025-06-02 07:50:55,1748850655,2.0,1.0,1.65,0.37634408602150543,36741120.0,20838926.0,32138455.0
2025-06-02 07:51:00,1748850660,2.0,1.0,1.65,0.37634408602150543,36741120.0,20838926.0,32138455.0
2025-06-02 07:51:05,1748850665,2.0,1.0,1.65,0.37634408602150543,36741120.0,21026649.0,32431740.0
2025-06-02 07:51:10,1748850670,2.0,1.0,1.65,0.37634408602150543,36741120.0,21026649.0,32431740.0
2025-06-02 07:51:15,1748850675,2.0,1.0,1.65,0.37634408602150543,36741120.0,21026649.0,32431740.0
2025-06-02 07:51:20,1748850680,2.0,1.0,1.65,0.37634408602150543,36741120.0,21215334.0,32725824.0
2025-06-02 07:51:25,1748850685,2.0,1.0,1.65,0.37634408602150543,36741120.0,21215334.0,32725824.0
2025-06-02 07:51:30,1748850690,2.0,1.0,1.65,0.37634408602150543,36741120.0,21215334.0,32725824.0
2025-06-02 07:51:35,1748850695,2.0,1.0,1.65,0.37634408602150543,36741120.0,21403105.0,33019153.0
2025-06-02 07:51:40,1748850700,2.0,1.0,1.65,0.37634408602150543,36741120.0,21403105.0,33019153.0
2025-06-02 07:51:45,1748850705,2.0,1.0,1.65,0.37634408602150543,36741120.0,21403105.0,33019153.0
2025-06-02 07:51:50,1748850710,2.0,1.0,1.65,0.37634408602150543,36741120.0,21591841.0,33313236.0
2025-06-02 07:51:55,1748850715,2.0,1.0,1.65,0.37634408602150543,36741120.0,21591841.0,33313236.0
2025-06-02 07:52:00,1748850720,2.0,1.0,1.65,0.37634408602150543,36741120.0,21591841.0,33313236.0
2025-06-02 07:52:05,1748850725,2.0,1.0,1.65,0.38709677419354843,36741120.0,21779510.0,33606466.0
2025-06-02 07:52:10,1748850730,2.0,1.0,1.65,0.38709677419354843,36741120.0,21779510.0,33606466.0
2025-06-02 07:52:15,1748850735,2.0,1.0,1.65,0.38709677419354843,36741120.0,21779510.0,33606466.0
2025-06-02 07:52:20,1748850740,2.0,1.0,1.65,0.38709677419354843,36741120.0,21968391.0,33900667.0
2025-06-02 07:52:25,1748850745,2.0,1.0,1.65,0.38709677419354843,36741120.0,21968391.0,33900667.0
2025-06-02 07:52:30,1748850750,2.0,1.0,1.65,0.38709677419354843,36741120.0,21968391.0,33900667.0
2025-06-02 07:52:35,1748850755,2.0,1.0,1.65,0.38709677419354843,36741120.0,22156163.0,34193998.0
2025-06-02 07:52:40,1748850760,2.0,1.0,1.65,0.38709677419354843,36741120.0,22156163.0,34193998.0
2025-06-02 07:52:45,1748850765,2.0,1.0,1.65,0.38709677419354843,36741120.0,22156163.0,34193998.0
2025-06-02 07:52:50,1748850770,2.0,1.0,1.65,0.38709677419354843,36741120.0,22344903.0,34488141.0
2025-06-02 07:52:55,1748850775,2.0,1.0,1.65,0.38709677419354843,36741120.0,22344903.0,34488141.0
2025-06-02 07:53:00,1748850780,2.0,1.0,1.65,0.38709677419354843,36741120.0,22344903.0,34488141.0
2025-06-02 07:53:05,1748850785,2.0,1.0,1.65,0.3978494623655915,36741120.0,22532679.0,34781484.0
2025-06-02 07:53:10,1748850790,2.0,1.0,1.65,0.3978494623655915,36741120.0,22532679.0,34781484.0
2025-06-02 07:53:15,1748850795,2.0,1.0,1.65,0.3978494623655915,36741120.0,22532679.0,34781484.0
2025-06-02 07:53:20,1748850800,2.0,1.0,1.65,0.3978494623655915,36741120.0,22721417.0,35075579.0
2025-06-02 07:53:25,1748850805,2.0,1.0,1.65,0.3978494623655915,36741120.0,22721417.0,35075579.0
2025-06-02 07:53:30,1748850810,2.0,1.0,1.65,0.3978494623655915,36741120.0,22721417.0,35075579.0
2025-06-02 07:53:35,1748850815,2.0,1.0,1.65,0.3978494623655915,36741120.0,22909193.0,35368891.0
2025-06-02 07:53:40,1748850820,2.0,1.0,1.65,0.3978494623655915,36741120.0,22909193.0,35368891.0
2025-06-02 07:53:45,1748850825,2.0,1.0,1.65,0.3978494623655915,36741120.0,22909193.0,35368891.0
2025-06-02 07:53:50,1748850830,2.0,1.0,1.65,0.3978494623655915,36741120.0,23098079.0,35663084.0
2025-06-02 07:53:55,1748850835,2.0,1.0,1.65,0.3978494623655915,36741120.0,23098079.0,35663084.0
2025-06-02 07:54:00,1748850840,2.0,1.0,1.65,0.3978494623655915,36741120.0,23098079.0,35663084.0
2025-06-02 07:54:05,1748850845,2.0,1.0,1.65,0.3978494623655915,36741120.0,23285852.0,35956420.0
2025-06-02 07:54:10,1748850850,2.0,1.0,1.65,0.3978494623655915,36741120.0,23285852.0,35956420.0
2025-06-02 07:54:15,1748850855,2.0,1.0,1.65,0.3978494623655915,36741120.0,23285852.0,35956420.0
2025-06-02 07:54:20,1748850860,2.0,1.0,1.65,0.3978494623655915,36741120.0,23474644.0,36250512.0
2025-06-02 07:54:25,1748850865,2.0,1.0,1.65,0.3978494623655915,36741120.0,23474644.0,36250512.0
2025-06-02 07:54:30,1748850870,2.0,1.0,1.65,0.3978494623655915,36741120.0,23474644.0,36250512.0
2025-06-02 07:54:35,1748850875,2.0,1.0,1.65,0.4086021505376344,36741120.0,23662365.0,36543797.0
2025-06-02 07:54:40,1748850880,2.0,1.0,1.65,0.4086021505376344,36741120.0,23662365.0,36543797.0
2025-06-02 07:54:45,1748850885,2.0,1.0,1.65,0.4086021505376344,36741120.0,23662365.0,36543797.0
2025-06-02 07:54:50,1748850890,2.0,1.0,1.65,0.4086021505376344,36761600.0,23851302.0,36837962.0
2025-06-02 07:54:55,1748850895,2.0,1.0,1.65,0.4086021505376344,36761600.0,23851302.0,36837962.0
2025-06-02 07:55:00,1748850900,2.0,1.0,1.65,0.4086021505376344,36761600.0,23851302.0,36837962.0
2025-06-02 07:55:05,1748850905,2.0,1.0,1.65,0.4086021505376344,36761600.0,24039079.0,37131303.0
2025-06-02 07:55:10,1748850910,2.0,1.0,1.65,0.4086021505376344,36761600.0,24039079.0,37131303.0
2025-06-02 07:55:15,1748850915,2.0,1.0,1.65,0.4086021505376344,36761600.0,24039079.0,37131303.0
2025-06-02 07:55:20,1748850920,2.0,1.0,1.65,0.4193548387096774,36761600.0,24227925.0,37425450.0
2025-06-02 07:55:25,1748850925,2.0,1.0,1.65,0.4193548387096774,36761600.0,24227925.0,37425450.0
2025-06-02 07:55:30,1748850930,2.0,1.0,1.65,0.4193548387096774,36761600.0,24227925.0,37425450.0
2025-06-02 07:55:35,1748850935,2.0,1.0,1.65,0.4193548387096774,36761600.0,24415702.0,37718790.0
2025-06-02 07:55:40,1748850940,2.0,1.0,1.65,0.4193548387096774,36761600.0,24415702.0,37718790.0
2025-06-02 07:55:45,1748850945,2.0,1.0,1.65,0.4193548387096774,36761600.0,24415702.0,37718790.0
2025-06-02 07:55:50,1748850950,2.0,1.0,1.65,0.4193548387096774,36761600.0,24604494.0,38012882.0
2025-06-02 07:55:55,1748850955,2.0,1.0,1.65,0.4193548387096774,36761600.0,24604494.0,38012882.0
2025-06-02 07:56:00,1748850960,2.0,1.0,1.65,0.4193548387096774,36761600.0,24604494.0,38012882.0
2025-06-02 07:56:05,1748850965,2.0,1.0,1.65,0.4193548387096774,36761600.0,24792164.0,38306109.0
2025-06-02 07:56:10,1748850970,2.0,1.0,1.65,0.4193548387096774,36761600.0,24792164.0,38306109.0
2025-06-02 07:56:15,1748850975,2.0,1.0,1.65,0.4193548387096774,36761600.0,24792164.0,38306109.0
2025-06-02 07:56:20,1748850980,2.0,1.0,1.65,0.4193548387096774,36761600.0,24981007.0,38600304.0
2025-06-02 07:56:25,1748850985,2.0,1.0,1.65,0.4193548387096774,36761600.0,24981007.0,38600304.0
2025-06-02 07:56:30,1748850990,2.0,1.0,1.65,0.4193548387096774,36761600.0,24981007.0,38600304.0
2025-06-02 07:56:35,1748850995,2.0,1.0,1.65,0.4193548387096774,36761600.0,25168783.0,38893640.0
2025-06-02 07:56:40,1748851000,2.0,1.0,1.65,0.4193548387096774,36761600.0,25168783.0,38893640.0
2025-06-02 07:56:45,1748851005,2.0,1.0,1.65,0.4193548387096774,36761600.0,25168783.0,38893640.0
2025-06-02 07:56:50,1748851010,2.0,1.0,1.65,0.43010752688172044,35381248.0,25357576.0,39187838.0
2025-06-02 07:56:55,1748851015,2.0,1.0,1.65,0.43010752688172044,35381248.0,25357576.0,39187838.0
2025-06-02 07:57:00,1748851020,2.0,1.0,1.65,0.43010752688172044,35381248.0,25357576.0,39187838.0
2025-06-02 07:57:05,1748851025,2.0,1.0,1.65,0.43010752688172044,35381248.0,25545404.0,39481226.0
2025-06-02 07:57:10,1748851030,2.0,1.0,1.65,0.43010752688172044,35381248.0,25545404.0,39481226.0
2025-06-02 07:57:15,1748851035,2.0,1.0,1.65,0.43010752688172044,35381248.0,25545404.0,39481226.0
2025-06-02 07:57:20,1748851040,2.0,1.0,1.65,0.44086021505376344,35381248.0,25734042.0,39775276.0
2025-06-02 07:57:25,1748851045,2.0,1.0,1.65,0.44086021505376344,35381248.0,25734042.0,39775276.0
2025-06-02 07:57:30,1748851050,2.0,1.0,1.65,0.44086021505376344,35381248.0,25734042.0,39775276.0
2025-06-02 07:57:35,1748851055,2.0,1.0,1.65,0.44086021505376344,35639296.0,25921820.0,40068595.0
2025-06-02 07:57:40,1748851060,2.0,1.0,1.65,0.44086021505376344,35639296.0,25921820.0,40068595.0
2025-06-02 07:57:45,1748851065,2.0,1.0,1.65,0.44086021505376344,35639296.0,25921820.0,40068595.0
2025-06-02 07:57:50,1748851070,2.0,1.0,1.65,0.44086021505376344,35639296.0,26110615.0,40362749.0
2025-06-02 07:57:55,1748851075,2.0,1.0,1.65,0.44086021505376344,35639296.0,26110615.0,40362749.0
2025-06-02 07:58:00,1748851080,2.0,1.0,1.65,0.44086021505376344,35639296.0,26110615.0,40362749.0
2025-06-02 07:58:05,1748851085,2.0,1.0,1.65,0.45161290322580644,35639296.0,26298392.0,40656094.0
2025-06-02 07:58:10,1748851090,2.0,1.0,1.65,0.45161290322580644,35639296.0,26298392.0,40656094.0
2025-06-02 07:58:15,1748851095,2.0,1.0,1.65,0.45161290322580644,35639296.0,26298392.0,40656094.0
2025-06-02 07:58:20,1748851100,2.0,1.0,1.65,0.45161290322580644,35901440.0,26487134.0,40950191.0
2025-06-02 07:58:25,1748851105,2.0,1.0,1.65,0.45161290322580644,35901440.0,26487134.0,40950191.0
2025-06-02 07:58:30,1748851110,2.0,1.0,1.65,0.45161290322580644,35901440.0,26487134.0,40950191.0
2025-06-02 07:58:35,1748851115,2.0,1.0,1.65,0.45161290322580644,35901440.0,26674798.0,41243414.0
2025-06-02 07:58:40,1748851120,2.0,1.0,1.65,0.45161290322580644,35901440.0,26674798.0,41243414.0
2025-06-02 07:58:45,1748851125,2.0,1.0,1.65,0.45161290322580644,35901440.0,26674798.0,41243414.0
2025-06-02 07:58:50,1748851130,2.0,1.0,1.65,0.45161290322580644,36335616.0,26863540.0,41537531.0
2025-06-02 07:58:55,1748851135,2.0,1.0,1.65,0.45161290322580644,36335616.0,26863540.0,41537531.0
2025-06-02 07:59:00,1748851140,2.0,1.0,1.65,0.45161290322580644,36335616.0,26863540.0,41537531.0
2025-06-02 07:59:05,1748851145,2.0,1.0,1.65,0.45161290322580644,36593664.0,27051317.0,41830869.0
2025-06-02 07:59:10,1748851150,2.0,1.0,1.65,0.45161290322580644,36593664.0,27051317.0,41830869.0
2025-06-02 07:59:15,1748851155,2.0,1.0,1.65,0.45161290322580644,36593664.0,27051317.0,41830869.0
2025-06-02 07:59:20,1748851160,2.0,1.0,1.65,0.4623655913978495,36593664.0,27240110.0,42125016.0
2025-06-02 07:59:25,1748851165,2.0,1.0,1.65,0.4623655913978495,36593664.0,27240110.0,42125016.0
2025-06-02 07:59:30,1748851170,2.0,1.0,1.65,0.4623655913978495,36593664.0,27240110.0,42125016.0
2025-06-02 07:59:35,1748851175,2.0,1.0,1.65,0.4623655913978495,36593664.0,27427836.0,42418304.0
2025-06-02 07:59:40,1748851180,2.0,1.0,1.65,0.4623655913978495,36593664.0,27427836.0,42418304.0
2025-06-02 07:59:45,1748851185,2.0,1.0,1.65,0.4623655913978495,36593664.0,27427836.0,42418304.0
2025-06-02 07:59:50,1748851190,2.0,1.0,1.65,0.4623655913978495,36593664.0,27616575.0,42712397.0
2025-06-02 07:59:55,1748851195,2.0,1.0,1.65,0.4623655913978495,36593664.0,27616575.0,42712397.0
2025-06-02 08:00:00,1748851200,2.0,1.0,1.65,0.4623655913978495,36593664.0,27616575.0,42712397.0
2025-06-02 08:00:05,1748851205,2.0,1.0,1.65,0.4623655913978495,36593664.0,27804297.0,43005650.0
2025-06-02 08:00:10,1748851210,2.0,1.0,1.65,0.4623655913978495,36593664.0,27804297.0,43005650.0
2025-06-02 08:00:15,1748851215,2.0,1.0,1.65,0.4623655913978495,36593664.0,27804297.0,43005650.0
2025-06-02 08:00:20,1748851220,2.0,1.0,1.65,0.4623655913978495,36593664.0,27993038.0,43299791.0
2025-06-02 08:00:25,1748851225,2.0,1.0,1.65,0.4623655913978495,36593664.0,27993038.0,43299791.0
2025-06-02 08:00:30,1748851230,2.0,1.0,1.65,0.4623655913978495,36593664.0,27993038.0,43299791.0
2025-06-02 08:00:35,1748851235,2.0,1.0,1.65,0.4623655913978495,36593664.0,28180810.0,43593122.0
2025-06-02 08:00:40,1748851240,2.0,1.0,1.65,0.4623655913978495,36593664.0,28180810.0,43593122.0
2025-06-02 08:00:45,1748851245,2.0,1.0,1.65,0.4623655913978495,36593664.0,28180810.0,43593122.0
2025-06-02 08:00:50,1748851250,2.0,1.0,1.65,0.4731182795698925,35516416.0,28369697.0,43887418.0
2025-06-02 08:00:55,1748851255,2.0,1.0,1.65,0.4731182795698925,35516416.0,28369697.0,43887418.0
2025-06-02 08:01:00,1748851260,2.0,1.0,1.65,0.4731182795698925,35516416.0,28369697.0,43887418.0
2025-06-02 08:01:05,1748851265,2.0,1.0,1.65,0.4731182795698925,35516416.0,28557366.0,44180652.0
2025-06-02 08:01:10,1748851270,2.0,1.0,1.65,0.4731182795698925,35516416.0,28557366.0,44180652.0
2025-06-02 08:01:15,1748851275,2.0,1.0,1.65,0.4731182795698925,35516416.0,28557366.0,44180652.0
2025-06-02 08:01:20,1748851280,2.0,1.0,1.65,0.48387096774193555,35516416.0,28746110.0,44474727.0
2025-06-02 08:01:25,1748851285,2.0,1.0,1.65,0.48387096774193555,35516416.0,28746110.0,44474727.0
2025-06-02 08:01:30,1748851290,2.0,1.0,1.65,0.48387096774193555,35516416.0,28746110.0,44474727.0
2025-06-02 08:01:35,1748851295,2.0,1.0,1.65,0.48387096774193555,35516416.0,28933890.0,44768073.0
2025-06-02 08:01:40,1748851300,2.0,1.0,1.65,0.48387096774193555,35516416.0,28933890.0,44768073.0
2025-06-02 08:01:45,1748851305,2.0,1.0,1.65,0.48387096774193555,35516416.0,28933890.0,44768073.0
2025-06-02 08:01:50,1748851310,2.0,1.0,1.65,0.48387096774193555,35516416.0,29122634.0,45062174.0
2025-06-02 08:01:55,1748851315,2.0,1.0,1.65,0.48387096774193555,35516416.0,29122634.0,45062174.0
2025-06-02 08:02:00,1748851320,2.0,1.0,1.65,0.48387096774193555,35516416.0,29122634.0,45062174.0
2025-06-02 08:02:05,1748851325,2.0,1.0,1.65,0.48387096774193555,35516416.0,29310362.0,45355470.0
2025-06-02 08:02:10,1748851330,2.0,1.0,1.65,0.48387096774193555,35516416.0,29310362.0,45355470.0
2025-06-02 08:02:15,1748851335,2.0,1.0,1.65,0.48387096774193555,35516416.0,29310362.0,45355470.0
2025-06-02 08:02:20,1748851340,2.0,1.0,1.65,0.49462365591397855,36114432.0,29499105.0,45649572.0
2025-06-02 08:02:25,1748851345,2.0,1.0,1.65,0.49462365591397855,36114432.0,29499105.0,45649572.0
2025-06-02 08:02:30,1748851350,2.0,1.0,1.65,0.49462365591397855,36114432.0,29499105.0,45649572.0
2025-06-02 08:02:35,1748851355,2.0,1.0,1.65,0.49462365591397855,36376576.0,29686880.0,45942885.0
2025-06-02 08:02:40,1748851360,2.0,1.0,1.65,0.49462365591397855,36376576.0,29686880.0,45942885.0
2025-06-02 08:02:45,1748851365,2.0,1.0,1.65,0.49462365591397855,36376576.0,29686880.0,45942885.0
2025-06-02 08:02:50,1748851370,2.0,1.0,1.65,0.49462365591397855,36376576.0,29875621.0,46236980.0
2025-06-02 08:02:55,1748851375,2.0,1.0,1.65,0.49462365591397855,36376576.0,29875621.0,46236980.0
2025-06-02 08:03:00,1748851380,2.0,1.0,1.65,0.49462365591397855,36376576.0,29875621.0,46236980.0
2025-06-02 08:03:05,1748851385,2.0,1.0,1.65,0.49462365591397855,36376576.0,30063396.0,46530317.0
2025-06-02 08:03:10,1748851390,2.0,1.0,1.65,0.49462365591397855,36376576.0,30063396.0,46530317.0
2025-06-02 08:03:15,1748851395,2.0,1.0,1.65,0.49462365591397855,36376576.0,30063396.0,46530317.0
2025-06-02 08:03:20,1748851400,2.0,1.0,1.65,0.5053763440860216,36376576.0,30252084.0,46824410.0
2025-06-02 08:03:25,1748851405,2.0,1.0,1.65,0.5053763440860216,36376576.0,30252084.0,46824410.0
2025-06-02 08:03:30,1748851410,2.0,1.0,1.65,0.5053763440860216,36376576.0,30252084.0,46824410.0
2025-06-02 08:03:35,1748851415,2.0,1.0,1.65,0.5053763440860216,36376576.0,30439798.0,47117681.0
2025-06-02 08:03:40,1748851420,2.0,1.0,1.65,0.5053763440860216,36376576.0,30439798.0,47117681.0
2025-06-02 08:03:45,1748851425,2.0,1.0,1.65,0.5053763440860216,36376576.0,30439798.0,47117681.0
2025-06-02 08:03:50,1748851430,2.0,1.0,1.65,0.5053763440860216,36376576.0,30628589.0,47411793.0
2025-06-02 08:03:55,1748851435,2.0,1.0,1.65,0.5053763440860216,36376576.0,30628589.0,47411793.0
2025-06-02 08:04:00,1748851440,2.0,1.0,1.65,0.5053763440860216,36376576.0,30628589.0,47411793.0
2025-06-02 08:04:05,1748851445,2.0,1.0,1.65,0.5053763440860216,36376576.0,30816364.0,47705131.0
2025-06-02 08:04:10,1748851450,2.0,1.0,1.65,0.5053763440860216,36376576.0,30816364.0,47705131.0
2025-06-02 08:04:15,1748851455,2.0,1.0,1.65,0.5053763440860216,36376576.0,30816364.0,47705131.0
2025-06-02 08:04:20,1748851460,2.0,1.0,1.65,0.5053763440860216,36376576.0,31005156.0,47999273.0
2025-06-02 08:04:25,1748851465,2.0,1.0,1.65,0.5053763440860216,36376576.0,31005156.0,47999273.0
2025-06-02 08:04:30,1748851470,2.0,1.0,1.65,0.5053763440860216,36376576.0,31005156.0,47999273.0
2025-06-02 08:04:35,1748851475,2.0,1.0,1.65,0.5053763440860216,36376576.0,31192984.0,48292665.0
2025-06-02 08:04:40,1748851480,2.0,1.0,1.65,0.5053763440860216,36376576.0,31192984.0,48292665.0
2025-06-02 08:04:45,1748851485,2.0,1.0,1.65,0.5053763440860216,36376576.0,31192984.0,48292665.0
2025-06-02 08:04:50,1748851490,2.0,1.0,1.65,0.5161290322580646,36376576.0,31381562.0,48586645.0
2025-06-02 08:04:55,1748851495,2.0,1.0,1.65,0.5161290322580646,36376576.0,31381562.0,48586645.0
2025-06-02 08:05:00,1748851500,2.0,1.0,1.65,0.5161290322580646,36376576.0,31381562.0,48586645.0
2025-06-02 08:05:05,1748851505,2.0,1.0,1.65,0.5161290322580646,36376576.0,31569390.0,48880007.0
2025-06-02 08:05:10,1748851510,2.0,1.0,1.65,0.5161290322580646,36376576.0,31569390.0,48880007.0
2025-06-02 08:05:15,1748851515,2.0,1.0,1.65,0.5161290322580646,36376576.0,31569390.0,48880007.0
2025-06-02 08:05:20,1748851520,2.0,1.0,1.65,0.5161290322580646,36376576.0,31758079.0,49174103.0
2025-06-02 08:05:25,1748851525,2.0,1.0,1.65,0.5161290322580646,36376576.0,31758079.0,49174103.0
2025-06-02 08:05:30,1748851530,2.0,1.0,1.65,0.5161290322580646,36376576.0,31758079.0,49174103.0
2025-06-02 08:05:35,1748851535,2.0,1.0,1.65,0.5161290322580646,36376576.0,31945906.0,49467388.0
2025-06-02 08:05:40,1748851540,2.0,1.0,1.65,0.5161290322580646,36376576.0,31945906.0,49467388.0
2025-06-02 08:05:45,1748851545,2.0,1.0,1.65,0.5161290322580646,36376576.0,31945906.0,49467388.0
2025-06-02 08:05:50,1748851550,2.0,1.0,1.65,0.5268817204301076,36376576.0,32134637.0,49761529.0
2025-06-02 08:05:55,1748851555,2.0,1.0,1.65,0.5268817204301076,36376576.0,32134637.0,49761529.0
2025-06-02 08:06:00,1748851560,2.0,1.0,1.65,0.5268817204301076,36376576.0,32134637.0,49761529.0
2025-06-02 08:06:05,1748851565,2.0,1.0,1.65,0.5268817204301076,36376576.0,32322357.0,50054812.0
2025-06-02 08:06:10,1748851570,2.0,1.0,1.65,0.5268817204301076,36376576.0,32322357.0,50054812.0
2025-06-02 08:06:15,1748851575,2.0,1.0,1.65,0.5268817204301076,36376576.0,32322357.0,50054812.0
2025-06-02 08:06:20,1748851580,2.0,1.0,1.65,0.5268817204301076,36376576.0,32511147.0,50348923.0
2025-06-02 08:06:25,1748851585,2.0,1.0,1.65,0.5268817204301076,36376576.0,32511147.0,50348923.0
2025-06-02 08:06:30,1748851590,2.0,1.0,1.65,0.5268817204301076,36376576.0,32511147.0,50348923.0
2025-06-02 08:06:35,1748851595,2.0,1.0,1.65,0.5268817204301076,36376576.0,32698924.0,50642263.0
2025-06-02 08:06:40,1748851600,2.0,1.0,1.65,0.5268817204301076,36376576.0,32698924.0,50642263.0
2025-06-02 08:06:45,1748851605,2.0,1.0,1.65,0.5268817204301076,36376576.0,32698924.0,50642263.0
2025-06-02 08:06:50,1748851610,2.0,1.0,1.65,0.5376344086021506,36376576.0,32887754.0,50936445.0
2025-06-02 08:06:55,1748851615,2.0,1.0,1.65,0.5376344086021506,36376576.0,32887754.0,50936445.0
2025-06-02 08:07:00,1748851620,2.0,1.0,1.65,0.5376344086021506,36376576.0,32887754.0,50936445.0
2025-06-02 08:07:05,1748851625,2.0,1.0,1.65,0.5376344086021506,36376576.0,33075532.0,51229790.0
2025-06-02 08:07:10,1748851630,2.0,1.0,1.65,0.5376344086021506,36376576.0,33075532.0,51229790.0
2025-06-02 08:07:15,1748851635,2.0,1.0,1.65,0.5376344086021506,36376576.0,33075532.0,51229790.0
2025-06-02 08:07:20,1748851640,2.0,1.0,1.65,0.5376344086021506,36376576.0,33264273.0,51523836.0
2025-06-02 08:07:25,1748851645,2.0,1.0,1.65,0.5376344086021506,36376576.0,33264273.0,51523836.0
2025-06-02 08:07:30,1748851650,2.0,1.0,1.65,0.5376344086021506,36376576.0,33264273.0,51523836.0
2025-06-02 08:07:35,1748851655,2.0,1.0,1.65,0.5376344086021506,36376576.0,33452051.0,51817153.0
2025-06-02 08:07:40,1748851660,2.0,1.0,1.65,0.5376344086021506,36376576.0,33452051.0,51817153.0
2025-06-02 08:07:45,1748851665,2.0,1.0,1.65,0.5376344086021506,36376576.0,33452051.0,51817153.0
2025-06-02 08:07:50,1748851670,2.0,1.0,1.65,0.5376344086021506,36376576.0,33640847.0,52111308.0
2025-06-02 08:07:55,1748851675,2.0,1.0,1.65,0.5376344086021506,36376576.0,33640847.0,52111308.0
2025-06-02 08:08:00,1748851680,2.0,1.0,1.65,0.5376344086021506,36376576.0,33640847.0,52111308.0
2025-06-02 08:08:05,1748851685,2.0,1.0,1.65,0.5483870967741936,36376576.0,33828625.0,52404647.0
2025-06-02 08:08:10,1748851690,2.0,1.0,1.65,0.5483870967741936,36376576.0,33828625.0,52404647.0
2025-06-02 08:08:15,1748851695,2.0,1.0,1.65,0.5483870967741936,36376576.0,33828625.0,52404647.0
2025-06-02 08:08:20,1748851700,2.0,1.0,1.65,0.5483870967741936,36376576.0,34017513.0,52698940.0
2025-06-02 08:08:25,1748851705,2.0,1.0,1.65,0.5483870967741936,36376576.0,34017513.0,52698940.0
2025-06-02 08:08:30,1748851710,2.0,1.0,1.65,0.5483870967741936,36376576.0,34017513.0,52698940.0
2025-06-02 08:08:35,1748851715,2.0,1.0,1.65,0.5483870967741936,36376576.0,34205129.0,52992119.0
2025-06-02 08:08:40,1748851720,2.0,1.0,1.65,0.5483870967741936,36376576.0,34205129.0,52992119.0
2025-06-02 08:08:45,1748851725,2.0,1.0,1.65,0.5483870967741936,36376576.0,34205129.0,52992119.0
2025-06-02 08:08:50,1748851730,2.0,1.0,1.65,0.5591397849462366,36581376.0,34394016.0,53286276.0
2025-06-02 08:08:55,1748851735,2.0,1.0,1.65,0.5591397849462366,36581376.0,34394016.0,53286276.0
2025-06-02 08:09:00,1748851740,2.0,1.0,1.65,0.5591397849462366,36581376.0,34394016.0,53286276.0
2025-06-02 08:09:05,1748851745,2.0,1.0,1.65,0.5591397849462366,36843520.0,34581730.0,53579540.0
2025-06-02 08:09:10,1748851750,2.0,1.0,1.65,0.5591397849462366,36843520.0,34581730.0,53579540.0
2025-06-02 08:09:15,1748851755,2.0,1.0,1.65,0.5591397849462366,36843520.0,34581730.0,53579540.0
2025-06-02 08:09:20,1748851760,2.0,1.0,1.65,0.5591397849462366,36843520.0,34770515.0,53873665.0
2025-06-02 08:09:25,1748851765,2.0,1.0,1.65,0.5591397849462366,36843520.0,34770515.0,53873665.0
2025-06-02 08:09:30,1748851770,2.0,1.0,1.65,0.5591397849462366,36843520.0,34770515.0,53873665.0
2025-06-02 08:09:35,1748851775,2.0,1.0,1.65,0.5698924731182796,36843520.0,34958236.0,54166940.0
2025-06-02 08:09:40,1748851780,2.0,1.0,1.65,0.5698924731182796,36843520.0,34958236.0,54166940.0
2025-06-02 08:09:45,1748851785,2.0,1.0,1.65,0.5698924731182796,36843520.0,34958236.0,54166940.0
2025-06-02 08:09:50,1748851790,2.0,1.0,1.65,0.5698924731182796,36843520.0,35147118.0,54461216.0
2025-06-02 08:09:55,1748851795,2.0,1.0,1.65,0.5698924731182796,36843520.0,35147118.0,54461216.0
2025-06-02 08:10:00,1748851800,2.0,1.0,1.65,0.5698924731182796,36843520.0,35147118.0,54461216.0
2025-06-02 08:10:05,1748851805,2.0,1.0,1.65,0.5698924731182796,37113856.0,35334840.0,54754492.0
2025-06-02 08:10:10,1748851810,2.0,1.0,1.65,0.5698924731182796,37113856.0,35334840.0,54754492.0
2025-06-02 08:10:15,1748851815,2.0,1.0,1.65,0.5698924731182796,37113856.0,35334840.0,54754492.0
2025-06-02 08:10:20,1748851820,2.0,1.0,1.65,0.5698924731182796,37113856.0,35523576.0,55048570.0
2025-06-02 08:10:25,1748851825,2.0,1.0,1.65,0.5698924731182796,37113856.0,35523576.0,55048570.0
2025-06-02 08:10:30,1748851830,2.0,1.0,1.65,0.5698924731182796,37113856.0,35523576.0,55048570.0
2025-06-02 08:10:35,1748851835,2.0,1.0,1.65,0.5698924731182796,37113856.0,35711401.0,55341897.0
2025-06-02 08:10:40,1748851840,2.0,1.0,1.65,0.5698924731182796,37113856.0,35711401.0,55341897.0
2025-06-02 08:10:45,1748851845,2.0,1.0,1.65,0.5698924731182796,37113856.0,35711401.0,55341897.0
2025-06-02 08:10:50,1748851850,2.0,1.0,1.65,0.5806451612903226,35663872.0,35900191.0,55636031.0
2025-06-02 08:10:55,1748851855,2.0,1.0,1.65,0.5806451612903226,35663872.0,35900191.0,55636031.0
2025-06-02 08:11:00,1748851860,2.0,1.0,1.65,0.5806451612903226,35663872.0,35900191.0,55636031.0
2025-06-02 08:11:05,1748851865,2.0,1.0,1.65,0.5806451612903226,35663872.0,36088120.0,55929499.0
2025-06-02 08:11:10,1748851870,2.0,1.0,1.65,0.5806451612903226,35663872.0,36088120.0,55929499.0
2025-06-02 08:11:15,1748851875,2.0,1.0,1.65,0.5806451612903226,35663872.0,36088120.0,55929499.0
2025-06-02 08:11:20,1748851880,3.0,1.0,3.4,0.6021505376344087,40251392.0,36525981.0,56571096.0
2025-06-02 08:11:25,1748851885,3.0,1.0,3.4,0.6021505376344087,40251392.0,36525981.0,56571096.0
2025-06-02 08:11:30,1748851890,3.0,1.0,3.4,0.6021505376344087,40251392.0,36525981.0,56571096.0
2025-06-02 08:11:35,1748851895,3.0,1.0,3.4,0.6129032258064517,40251392.0,36713759.0,56864436.0
2025-06-02 08:11:40,1748851900,3.0,1.0,3.4,0.6129032258064517,40251392.0,36713759.0,56864436.0
2025-06-02 08:11:45,1748851905,3.0,1.0,3.4,0.6129032258064517,40251392.0,36713759.0,56864436.0
2025-06-02 08:11:50,1748851910,3.0,1.0,3.4,0.6129032258064517,40251392.0,36902606.0,57158666.0
2025-06-02 08:11:55,1748851915,3.0,1.0,3.4,0.6129032258064517,40251392.0,36902606.0,57158666.0
2025-06-02 08:12:00,1748851920,3.0,1.0,3.4,0.6129032258064517,40251392.0,36902606.0,57158666.0
2025-06-02 08:12:05,1748851925,3.0,1.0,3.4,0.6129032258064517,40251392.0,37090384.0,57452035.0
2025-06-02 08:12:10,1748851930,3.0,1.0,3.4,0.6129032258064517,40251392.0,37090384.0,57452035.0
2025-06-02 08:12:15,1748851935,3.0,1.0,3.4,0.6129032258064517,40251392.0,37090384.0,57452035.0
2025-06-02 08:12:20,1748851940,3.0,1.0,3.4,0.6129032258064517,40251392.0,37279375.0,57746355.0
2025-06-02 08:12:25,1748851945,3.0,1.0,3.4,0.6129032258064517,40251392.0,37279375.0,57746355.0
2025-06-02 08:12:30,1748851950,3.0,1.0,3.4,0.6129032258064517,40251392.0,37279375.0,57746355.0
2025-06-02 08:12:35,1748851955,3.0,1.0,3.4,0.6236559139784947,40251392.0,37467100.0,58039672.0
2025-06-02 08:12:40,1748851960,3.0,1.0,3.4,0.6236559139784947,40251392.0,37467100.0,58039672.0
2025-06-02 08:12:45,1748851965,3.0,1.0,3.4,0.6236559139784947,40251392.0,37467100.0,58039672.0
2025-06-02 08:12:50,1748851970,3.0,1.0,3.4,0.6236559139784947,40783872.0,37655895.0,58333901.0
2025-06-02 08:12:55,1748851975,3.0,1.0,3.4,0.6236559139784947,40783872.0,37655895.0,58333901.0
2025-06-02 08:13:00,1748851980,3.0,1.0,3.4,0.6236559139784947,40783872.0,37655895.0,58333901.0
2025-06-02 08:13:05,1748851985,3.0,1.0,3.4,0.6236559139784947,40783872.0,37843725.0,58627325.0
2025-06-02 08:13:10,1748851990,3.0,1.0,3.4,0.6236559139784947,40783872.0,37843725.0,58627325.0
2025-06-02 08:13:15,1748851995,3.0,1.0,3.4,0.6236559139784947,40783872.0,37843725.0,58627325.0
2025-06-02 08:13:20,1748852000,3.0,1.0,3.4,0.6236559139784947,41054208.0,38032659.0,58921640.0
2025-06-02 08:13:25,1748852005,3.0,1.0,3.4,0.6236559139784947,41054208.0,38032659.0,58921640.0
2025-06-02 08:13:30,1748852010,3.0,1.0,3.4,0.6236559139784947,41054208.0,38032659.0,58921640.0
2025-06-02 08:13:35,1748852015,3.0,1.0,3.4,0.6344086021505377,41054208.0,38220429.0,59215003.0
2025-06-02 08:13:40,1748852020,3.0,1.0,3.4,0.6344086021505377,41054208.0,38220429.0,59215003.0
2025-06-02 08:13:45,1748852025,3.0,1.0,3.4,0.6344086021505377,41054208.0,38220429.0,59215003.0
2025-06-02 08:13:50,1748852030,3.0,1.0,3.4,0.6344086021505377,41054208.0,38409172.0,59509100.0
2025-06-02 08:13:55,1748852035,3.0,1.0,3.4,0.6344086021505377,41054208.0,38409172.0,59509100.0
2025-06-02 08:14:00,1748852040,3.0,1.0,3.4,0.6344086021505377,41054208.0,38409172.0,59509100.0
2025-06-02 08:14:05,1748852045,3.0,1.0,3.4,0.6344086021505377,39428096.0,38596950.0,59802468.0
2025-06-02 08:14:10,1748852050,3.0,1.0,3.4,0.6344086021505377,39428096.0,38596950.0,59802468.0
2025-06-02 08:14:15,1748852055,3.0,1.0,3.4,0.6344086021505377,39428096.0,38596950.0,59802468.0
2025-06-02 08:14:20,1748852060,3.0,1.0,3.4,0.6451612903225807,39428096.0,38785745.0,60096641.0
2025-06-02 08:14:25,1748852065,3.0,1.0,3.4,0.6451612903225807,39428096.0,38785745.0,60096641.0
2025-06-02 08:14:30,1748852070,3.0,1.0,3.4,0.6451612903225807,39428096.0,38785745.0,60096641.0
2025-06-02 08:14:35,1748852075,3.0,1.0,3.4,0.6451612903225807,39428096.0,38973574.0,60390060.0
2025-06-02 08:14:40,1748852080,3.0,1.0,3.4,0.6451612903225807,39428096.0,38973574.0,60390060.0
2025-06-02 08:14:45,1748852085,3.0,1.0,3.4,0.6451612903225807,39428096.0,38973574.0,60390060.0
2025-06-02 08:14:50,1748852090,3.0,1.0,3.4,0.6451612903225807,39428096.0,39162314.0,60684180.0
2025-06-02 08:14:55,1748852095,3.0,1.0,3.4,0.6451612903225807,39428096.0,39162314.0,60684180.0
2025-06-02 08:15:00,1748852100,3.0,1.0,3.4,0.6451612903225807,39428096.0,39162314.0,60684180.0
2025-06-02 08:15:05,1748852105,3.0,1.0,3.4,0.6451612903225807,39428096.0,39350321.0,60977750.0
2025-06-02 08:15:10,1748852110,3.0,1.0,3.4,0.6451612903225807,39428096.0,39350321.0,60977750.0
2025-06-02 08:15:15,1748852115,3.0,1.0,3.4,0.6451612903225807,39428096.0,39350321.0,60977750.0
2025-06-02 08:15:20,1748852120,3.0,1.0,3.4,0.6451612903225807,39428096.0,39539340.0,61272200.0
2025-06-02 08:15:25,1748852125,3.0,1.0,3.4,0.6451612903225807,39428096.0,39539340.0,61272200.0
2025-06-02 08:15:30,1748852130,3.0,1.0,3.4,0.6451612903225807,39428096.0,39539340.0,61272200.0
2025-06-02 08:15:35,1748852135,3.0,1.0,3.4,0.6559139784946239,39428096.0,39727117.0,61565563.0
2025-06-02 08:15:40,1748852140,3.0,1.0,3.4,0.6559139784946239,39428096.0,39727117.0,61565563.0
2025-06-02 08:15:45,1748852145,3.0,1.0,3.4,0.6559139784946239,39428096.0,39727117.0,61565563.0
2025-06-02 08:15:50,1748852150,3.0,1.0,3.4,0.6559139784946239,39428096.0,39915912.0,61859950.0
2025-06-02 08:15:55,1748852155,3.0,1.0,3.4,0.6559139784946239,39428096.0,39915912.0,61859950.0
2025-06-02 08:16:00,1748852160,3.0,1.0,3.4,0.6559139784946239,39428096.0,39915912.0,61859950.0
2025-06-02 08:16:05,1748852165,3.0,1.0,3.4,0.6559139784946239,34889728.0,40103686.0,62153472.0
2025-06-02 08:16:10,1748852170,3.0,1.0,3.4,0.6559139784946239,34889728.0,40103686.0,62153472.0
2025-06-02 08:16:15,1748852175,3.0,1.0,3.4,0.6559139784946239,34889728.0,40103686.0,62153472.0
2025-06-02 08:16:20,1748852180,3.0,1.0,3.4,0.6559139784946239,34889728.0,40292422.0,62447714.0
2025-06-02 08:16:25,1748852185,3.0,1.0,3.4,0.6559139784946239,34889728.0,40292422.0,62447714.0
2025-06-02 08:16:30,1748852190,3.0,1.0,3.4,0.6559139784946239,34889728.0,40292422.0,62447714.0
2025-06-02 08:16:35,1748852195,3.0,1.0,3.4,0.6559139784946239,34889728.0,40480252.0,62741291.0
2025-06-02 08:16:40,1748852200,3.0,1.0,3.4,0.6559139784946239,34889728.0,40480252.0,62741291.0
2025-06-02 08:16:45,1748852205,3.0,1.0,3.4,0.6559139784946239,34889728.0,40480252.0,62741291.0
2025-06-02 08:16:50,1748852210,3.0,1.0,3.4,0.6666666666666669,34889728.0,40669098.0,63035672.0
2025-06-02 08:16:55,1748852215,3.0,1.0,3.4,0.6666666666666669,34889728.0,40669098.0,63035672.0
2025-06-02 08:17:00,1748852220,3.0,1.0,3.4,0.6666666666666669,34889728.0,40669098.0,63035672.0
2025-06-02 08:17:05,1748852225,3.0,1.0,3.4,0.6666666666666669,34889728.0,40856927.0,63329250.0
2025-06-02 08:17:10,1748852230,3.0,1.0,3.4,0.6666666666666669,34889728.0,40856927.0,63329250.0
2025-06-02 08:17:15,1748852235,3.0,1.0,3.4,0.6666666666666669,34889728.0,40856927.0,63329250.0
2025-06-02 08:17:20,1748852240,3.0,1.0,3.4,0.6666666666666669,34889728.0,41045720.0,63623580.0
2025-06-02 08:17:25,1748852245,3.0,1.0,3.4,0.6666666666666669,34889728.0,41045720.0,63623580.0
2025-06-02 08:17:30,1748852250,3.0,1.0,3.4,0.6666666666666669,34889728.0,41045720.0,63623580.0
2025-06-02 08:17:35,1748852255,3.0,1.0,3.4,0.6666666666666669,34889728.0,41233551.0,63917132.0
2025-06-02 08:17:40,1748852260,3.0,1.0,3.4,0.6666666666666669,34889728.0,41233551.0,63917132.0
2025-06-02 08:17:45,1748852265,3.0,1.0,3.4,0.6666666666666669,34889728.0,41233551.0,63917132.0
2025-06-02 08:17:50,1748852270,3.0,1.0,3.4,0.6666666666666669,34889728.0,41422345.0,64211465.0
2025-06-02 08:17:55,1748852275,3.0,1.0,3.4,0.6666666666666669,34889728.0,41422345.0,64211465.0
2025-06-02 08:18:00,1748852280,3.0,1.0,3.4,0.6666666666666669,34889728.0,41422345.0,64211465.0
2025-06-02 08:18:05,1748852285,3.0,1.0,3.4,0.6666666666666669,35012608.0,41610123.0,64504991.0
2025-06-02 08:18:10,1748852290,3.0,1.0,3.4,0.6666666666666669,35012608.0,41610123.0,64504991.0
2025-06-02 08:18:15,1748852295,3.0,1.0,3.4,0.6666666666666669,35012608.0,41610123.0,64504991.0
2025-06-02 08:18:20,1748852300,3.0,1.0,3.4,0.6774193548387096,35012608.0,41798918.0,64799378.0
2025-06-02 08:18:25,1748852305,3.0,1.0,3.4,0.6774193548387096,35012608.0,41798918.0,64799378.0
2025-06-02 08:18:30,1748852310,3.0,1.0,3.4,0.6774193548387096,35012608.0,41798918.0,64799378.0
2025-06-02 08:18:35,1748852315,3.0,1.0,3.4,0.6774193548387096,35012608.0,41986636.0,65092846.0
2025-06-02 08:18:40,1748852320,3.0,1.0,3.4,0.6774193548387096,35012608.0,41986636.0,65092846.0
2025-06-02 08:18:45,1748852325,3.0,1.0,3.4,0.6774193548387096,35012608.0,41986636.0,65092846.0
2025-06-02 08:18:50,1748852330,3.0,1.0,3.4,0.6881720430107526,35012608.0,42175431.0,65387204.0
2025-06-02 08:18:55,1748852335,3.0,1.0,3.4,0.6881720430107526,35012608.0,42175431.0,65387204.0
2025-06-02 08:19:00,1748852340,3.0,1.0,3.4,0.6881720430107526,35012608.0,42175431.0,65387204.0
2025-06-02 08:19:05,1748852345,3.0,1.0,3.4,0.6881720430107526,35012608.0,42363208.0,65680731.0
2025-06-02 08:19:10,1748852350,3.0,1.0,3.4,0.6881720430107526,35012608.0,42363208.0,65680731.0
2025-06-02 08:19:15,1748852355,3.0,1.0,3.4,0.6881720430107526,35012608.0,42363208.0,65680731.0
2025-06-02 08:19:20,1748852360,3.0,1.0,3.4,0.6881720430107526,35012608.0,42551900.0,65975018.0
2025-06-02 08:19:25,1748852365,3.0,1.0,3.4,0.6881720430107526,35012608.0,42551900.0,65975018.0
2025-06-02 08:19:30,1748852370,3.0,1.0,3.4,0.6881720430107526,35012608.0,42551900.0,65975018.0
2025-06-02 08:19:35,1748852375,3.0,1.0,3.4,0.6881720430107526,35012608.0,42739782.0,66268648.0
2025-06-02 08:19:40,1748852380,3.0,1.0,3.4,0.6881720430107526,35012608.0,42739782.0,66268648.0
2025-06-02 08:19:45,1748852385,3.0,1.0,3.4,0.6881720430107526,35012608.0,42739782.0,66268648.0
2025-06-02 08:19:50,1748852390,3.0,1.0,3.4,0.6881720430107526,35012608.0,42928665.0,66563124.0
2025-06-02 08:19:55,1748852395,3.0,1.0,3.4,0.6881720430107526,35012608.0,42928665.0,66563124.0
2025-06-02 08:20:00,1748852400,3.0,1.0,3.4,0.6881720430107526,35012608.0,42928665.0,66563124.0
2025-06-02 08:20:05,1748852405,3.0,1.0,3.4,0.6989247311827956,34885632.0,43116444.0,66856626.0
2025-06-02 08:20:10,1748852410,3.0,1.0,3.4,0.6989247311827956,34885632.0,43116444.0,66856626.0
2025-06-02 08:20:15,1748852415,3.0,1.0,3.4,0.6989247311827956,34885632.0,43116444.0,66856626.0
2025-06-02 08:20:20,1748852420,3.0,1.0,3.4,0.6989247311827956,34885632.0,43305330.0,67151104.0
2025-06-02 08:20:25,1748852425,3.0,1.0,3.4,0.6989247311827956,34885632.0,43305330.0,67151104.0
2025-06-02 08:20:30,1748852430,3.0,1.0,3.4,0.6989247311827956,34885632.0,43305330.0,67151104.0
2025-06-02 08:20:35,1748852435,3.0,1.0,3.4,0.6989247311827956,34885632.0,43493108.0,67444630.0
2025-06-02 08:20:40,1748852440,3.0,1.0,3.4,0.6989247311827956,34885632.0,43493108.0,67444630.0
2025-06-02 08:20:45,1748852445,3.0,1.0,3.4,0.6989247311827956,34885632.0,43493108.0,67444630.0
2025-06-02 08:20:50,1748852450,3.0,1.0,3.4,0.6989247311827956,34885632.0,43681954.0,67738962.0
2025-06-02 08:20:55,1748852455,3.0,1.0,3.4,0.6989247311827956,34885632.0,43681954.0,67738962.0
2025-06-02 08:21:00,1748852460,3.0,1.0,3.4,0.6989247311827956,34885632.0,43681954.0,67738962.0
2025-06-02 08:21:05,1748852465,3.0,1.0,3.4,0.6989247311827956,34885632.0,43869726.0,68032480.0
2025-06-02 08:21:10,1748852470,3.0,1.0,3.4,0.6989247311827956,34885632.0,43869726.0,68032480.0
2025-06-02 08:21:15,1748852475,3.0,1.0,3.4,0.6989247311827956,34885632.0,43869726.0,68032480.0
2025-06-02 08:21:20,1748852480,3.0,1.0,3.4,0.6989247311827956,34885632.0,44058573.0,68326782.0
2025-06-02 08:21:25,1748852485,3.0,1.0,3.4,0.6989247311827956,34885632.0,44058573.0,68326782.0
2025-06-02 08:21:30,1748852490,3.0,1.0,3.4,0.6989247311827956,34885632.0,44058573.0,68326782.0
2025-06-02 08:21:35,1748852495,3.0,1.0,3.4,0.7096774193548386,34885632.0,44246404.0,68620363.0
2025-06-02 08:21:40,1748852500,3.0,1.0,3.4,0.7096774193548386,34885632.0,44246404.0,68620363.0
2025-06-02 08:21:45,1748852505,3.0,1.0,3.4,0.7096774193548386,34885632.0,44246404.0,68620363.0
2025-06-02 08:21:50,1748852510,3.0,1.0,3.4,0.7096774193548386,34885632.0,44435198.0,68914644.0
2025-06-02 08:21:55,1748852515,3.0,1.0,3.4,0.7096774193548386,34885632.0,44435198.0,68914644.0
2025-06-02 08:22:00,1748852520,3.0,1.0,3.4,0.7096774193548386,34885632.0,44435198.0,68914644.0
2025-06-02 08:22:05,1748852525,3.0,1.0,3.4,0.7096774193548386,34885632.0,44623028.0,69208222.0
2025-06-02 08:22:10,1748852530,3.0,1.0,3.4,0.7096774193548386,34885632.0,44623028.0,69208222.0
2025-06-02 08:22:15,1748852535,3.0,1.0,3.4,0.7096774193548386,34885632.0,44623028.0,69208222.0
2025-06-02 08:22:20,1748852540,3.0,1.0,3.4,0.7096774193548386,34885632.0,44811813.0,69502539.0
2025-06-02 08:22:25,1748852545,3.0,1.0,3.4,0.7096774193548386,34885632.0,44811813.0,69502539.0
2025-06-02 08:22:30,1748852550,3.0,1.0,3.4,0.7096774193548386,34885632.0,44811813.0,69502539.0
2025-06-02 08:22:35,1748852555,3.0,1.0,3.4,0.7204301075268817,34885632.0,44999641.0,69796088.0
2025-06-02 08:22:40,1748852560,3.0,1.0,3.4,0.7204301075268817,34885632.0,44999641.0,69796088.0
2025-06-02 08:22:45,1748852565,3.0,1.0,3.4,0.7204301075268817,34885632.0,44999641.0,69796088.0
2025-06-02 08:22:50,1748852570,3.0,1.0,3.4,0.7204301075268817,34885632.0,45188484.0,70090468.0
2025-06-02 08:22:55,1748852575,3.0,1.0,3.4,0.7204301075268817,34885632.0,45188484.0,70090468.0
2025-06-02 08:23:00,1748852580,3.0,1.0,3.4,0.7204301075268817,34885632.0,45188484.0,70090468.0
2025-06-02 08:23:05,1748852585,3.0,1.0,3.4,0.7204301075268817,34885632.0,45376263.0,70383995.0
2025-06-02 08:23:10,1748852590,3.0,1.0,3.4,0.7204301075268817,34885632.0,45376263.0,70383995.0
2025-06-02 08:23:15,1748852595,3.0,1.0,3.4,0.7204301075268817,34885632.0,45376263.0,70383995.0
2025-06-02 08:23:20,1748852600,3.0,1.0,3.4,0.7204301075268817,42614784.0,45565306.0,70678526.0
2025-06-02 08:23:25,1748852605,3.0,1.0,3.4,0.7204301075268817,42614784.0,45565306.0,70678526.0
2025-06-02 08:23:30,1748852610,3.0,1.0,3.4,0.7204301075268817,42614784.0,45565306.0,70678526.0
2025-06-02 08:23:35,1748852615,3.0,1.0,3.4,0.7204301075268817,42614784.0,45753077.0,70972046.0
2025-06-02 08:23:40,1748852620,3.0,1.0,3.4,0.7204301075268817,42614784.0,45753077.0,70972046.0
2025-06-02 08:23:45,1748852625,3.0,1.0,3.4,0.7204301075268817,42614784.0,45753077.0,70972046.0
2025-06-02 08:23:50,1748852630,3.0,1.0,3.4,0.7311827956989247,42614784.0,45941964.0,71266391.0
2025-06-02 08:23:55,1748852635,3.0,1.0,3.4,0.7311827956989247,42614784.0,45941964.0,71266391.0
2025-06-02 08:24:00,1748852640,3.0,1.0,3.4,0.7311827956989247,42614784.0,45941964.0,71266391.0
2025-06-02 08:24:05,1748852645,3.0,1.0,3.4,0.7311827956989247,42614784.0,46129795.0,71559971.0
2025-06-02 08:24:10,1748852650,3.0,1.0,3.4,0.7311827956989247,42614784.0,46129795.0,71559971.0
2025-06-02 08:24:15,1748852655,3.0,1.0,3.4,0.7311827956989247,42614784.0,46129795.0,71559971.0
2025-06-02 08:24:20,1748852660,3.0,1.0,3.4,0.7311827956989247,42614784.0,46318681.0,71854444.0
2025-06-02 08:24:25,1748852665,3.0,1.0,3.4,0.7311827956989247,42614784.0,46318681.0,71854444.0
2025-06-02 08:24:30,1748852670,3.0,1.0,3.4,0.7311827956989247,42614784.0,46318681.0,71854444.0
2025-06-02 08:24:35,1748852675,3.0,1.0,3.4,0.7419354838709677,42614784.0,46506459.0,72147970.0
2025-06-02 08:24:40,1748852680,3.0,1.0,3.4,0.7419354838709677,42614784.0,46506459.0,72147970.0
2025-06-02 08:24:45,1748852685,3.0,1.0,3.4,0.7419354838709677,42614784.0,46506459.0,72147970.0
2025-06-02 08:24:50,1748852690,3.0,1.0,3.4,0.7419354838709677,42614784.0,46695395.0,72442440.0
2025-06-02 08:24:55,1748852695,3.0,1.0,3.4,0.7419354838709677,42614784.0,46695395.0,72442440.0
2025-06-02 08:25:00,1748852700,3.0,1.0,3.4,0.7419354838709677,42614784.0,46695395.0,72442440.0
2025-06-02 08:25:05,1748852705,3.0,1.0,3.4,0.7419354838709677,42614784.0,46883227.0,72735988.0
2025-06-02 08:25:10,1748852710,3.0,1.0,3.4,0.7419354838709677,42614784.0,46883227.0,72735988.0
2025-06-02 08:25:15,1748852715,3.0,1.0,3.4,0.7419354838709677,42614784.0,46883227.0,72735988.0
2025-06-02 08:25:20,1748852720,3.0,1.0,3.4,0.7419354838709677,42614784.0,47072075.0,73030320.0
2025-06-02 08:25:25,1748852725,3.0,1.0,3.4,0.7419354838709677,42614784.0,47072075.0,73030320.0
2025-06-02 08:25:30,1748852730,3.0,1.0,3.4,0.7419354838709677,42614784.0,47072075.0,73030320.0
2025-06-02 08:25:35,1748852735,3.0,1.0,3.4,0.7526881720430108,42614784.0,47259900.0,73323883.0
2025-06-02 08:25:40,1748852740,3.0,1.0,3.4,0.7526881720430108,42614784.0,47259900.0,73323883.0
2025-06-02 08:25:45,1748852745,3.0,1.0,3.4,0.7526881720430108,42614784.0,47259900.0,73323883.0
2025-06-02 08:25:50,1748852750,3.0,1.0,3.4,0.7526881720430108,42614784.0,47448745.0,73618263.0
2025-06-02 08:25:55,1748852755,3.0,1.0,3.4,0.7526881720430108,42614784.0,47448745.0,73618263.0
2025-06-02 08:26:00,1748852760,3.0,1.0,3.4,0.7526881720430108,42614784.0,47448745.0,73618263.0
2025-06-02 08:26:05,1748852765,3.0,1.0,3.4,0.7526881720430108,42614784.0,47636517.0,73911781.0
2025-06-02 08:26:10,1748852770,3.0,1.0,3.4,0.7526881720430108,42614784.0,47636517.0,73911781.0
2025-06-02 08:26:15,1748852775,3.0,1.0,3.4,0.7526881720430108,42614784.0,47636517.0,73911781.0
2025-06-02 08:26:20,1748852780,3.0,1.0,3.4,0.7526881720430108,42614784.0,47825401.0,74206226.0
2025-06-02 08:26:25,1748852785,3.0,1.0,3.4,0.7526881720430108,42614784.0,47825401.0,74206226.0
2025-06-02 08:26:30,1748852790,3.0,1.0,3.4,0.7526881720430108,42614784.0,47825401.0,74206226.0
2025-06-02 08:26:35,1748852795,3.0,1.0,3.4,0.7634408602150538,42614784.0,48013231.0,74499804.0
2025-06-02 08:26:40,1748852800,3.0,1.0,3.4,0.7634408602150538,42614784.0,48013231.0,74499804.0
2025-06-02 08:26:45,1748852805,3.0,1.0,3.4,0.7634408602150538,42614784.0,48013231.0,74499804.0
2025-06-02 08:26:50,1748852810,3.0,1.0,3.4,0.7634408602150538,42614784.0,48202222.0,74794333.0
2025-06-02 08:26:55,1748852815,3.0,1.0,3.4,0.7634408602150538,42614784.0,48202222.0,74794333.0
2025-06-02 08:27:00,1748852820,3.0,1.0,3.4,0.7634408602150538,42614784.0,48202222.0,74794333.0
2025-06-02 08:27:05,1748852825,3.0,1.0,3.4,0.7634408602150538,42614784.0,48390000.0,75087859.0
2025-06-02 08:27:10,1748852830,3.0,1.0,3.4,0.7634408602150538,42614784.0,48390000.0,75087859.0
2025-06-02 08:27:15,1748852835,3.0,1.0,3.4,0.7634408602150538,42614784.0,48390000.0,75087859.0
2025-06-02 08:27:20,1748852840,3.0,1.0,3.4,0.7634408602150538,42614784.0,48578740.0,75382185.0
2025-06-02 08:27:25,1748852845,3.0,1.0,3.4,0.7634408602150538,42614784.0,48578740.0,75382185.0
2025-06-02 08:27:30,1748852850,3.0,1.0,3.4,0.7634408602150538,42614784.0,48578740.0,75382185.0
2025-06-02 08:27:35,1748852855,3.0,1.0,3.4,0.7634408602150538,42614784.0,48766575.0,75675744.0
2025-06-02 08:27:40,1748852860,3.0,1.0,3.4,0.7634408602150538,42614784.0,48766575.0,75675744.0
2025-06-02 08:27:45,1748852865,3.0,1.0,3.4,0.7634408602150538,42614784.0,48766575.0,75675744.0
2025-06-02 08:27:50,1748852870,3.0,1.0,3.4,0.7741935483870968,42614784.0,48955426.0,75970190.0
2025-06-02 08:27:55,1748852875,3.0,1.0,3.4,0.7741935483870968,42614784.0,48955426.0,75970190.0
2025-06-02 08:28:00,1748852880,3.0,1.0,3.4,0.7741935483870968,42614784.0,48955426.0,75970190.0
2025-06-02 08:28:05,1748852885,3.0,1.0,3.4,0.7741935483870968,42614784.0,49143260.0,76263775.0
2025-06-02 08:28:10,1748852890,3.0,1.0,3.4,0.7741935483870968,42614784.0,49143260.0,76263775.0
2025-06-02 08:28:15,1748852895,3.0,1.0,3.4,0.7741935483870968,42614784.0,49143260.0,76263775.0
2025-06-02 08:28:20,1748852900,3.0,1.0,3.4,0.7741935483870968,42614784.0,49332060.0,76558171.0
2025-06-02 08:28:25,1748852905,3.0,1.0,3.4,0.7741935483870968,42614784.0,49332060.0,76558171.0
2025-06-02 08:28:30,1748852910,3.0,1.0,3.4,0.7741935483870968,42614784.0,49332060.0,76558171.0
2025-06-02 08:28:35,1748852915,3.0,1.0,3.4,0.7849462365591399,42614784.0,49519829.0,76851681.0
2025-06-02 08:28:40,1748852920,3.0,1.0,3.4,0.7849462365591399,42614784.0,49519829.0,76851681.0
2025-06-02 08:28:45,1748852925,3.0,1.0,3.4,0.7849462365591399,42614784.0,49519829.0,76851681.0
2025-06-02 08:28:50,1748852930,3.0,1.0,3.4,0.7849462365591399,42614784.0,49708625.0,77145988.0
2025-06-02 08:28:55,1748852935,3.0,1.0,3.4,0.7849462365591399,42614784.0,49708625.0,77145988.0
2025-06-02 08:29:00,1748852940,3.0,1.0,3.4,0.7849462365591399,42614784.0,49708625.0,77145988.0
2025-06-02 08:29:05,1748852945,3.0,1.0,3.4,0.7956989247311829,42614784.0,49896404.0,77439515.0
2025-06-02 08:29:10,1748852950,3.0,1.0,3.4,0.7956989247311829,42614784.0,49896404.0,77439515.0
2025-06-02 08:29:15,1748852955,3.0,1.0,3.4,0.7956989247311829,42614784.0,49896404.0,77439515.0
2025-06-02 08:29:20,1748852960,3.0,1.0,3.4,0.7956989247311829,42614784.0,50085255.0,77733908.0
2025-06-02 08:29:25,1748852965,3.0,1.0,3.4,0.7956989247311829,42614784.0,50085255.0,77733908.0
2025-06-02 08:29:30,1748852970,3.0,1.0,3.4,0.7956989247311829,42614784.0,50085255.0,77733908.0
2025-06-02 08:29:35,1748852975,3.0,1.0,3.4,0.7956989247311829,42614784.0,50273087.0,78027489.0
2025-06-02 08:29:40,1748852980,3.0,1.0,3.4,0.7956989247311829,42614784.0,50273087.0,78027489.0
2025-06-02 08:29:45,1748852985,3.0,1.0,3.4,0.7956989247311829,42614784.0,50273087.0,78027489.0
2025-06-02 08:29:50,1748852990,3.0,1.0,3.4,0.7956989247311829,42614784.0,50461831.0,78321775.0
2025-06-02 08:29:55,1748852995,3.0,1.0,3.4,0.7956989247311829,42614784.0,50461831.0,78321775.0
2025-06-02 08:30:00,1748853000,3.0,1.0,3.4,0.7956989247311829,42614784.0,50461831.0,78321775.0
2025-06-02 08:30:05,1748853005,3.0,1.0,3.4,0.7956989247311829,42614784.0,50649663.0,78615330.0
2025-06-02 08:30:10,1748853010,3.0,1.0,3.4,0.7956989247311829,42614784.0,50649663.0,78615330.0
2025-06-02 08:30:15,1748853015,3.0,1.0,3.4,0.7956989247311829,42614784.0,50649663.0,78615330.0
2025-06-02 08:30:20,1748853020,3.0,1.0,3.4,0.7956989247311829,42614784.0,50838512.0,78909720.0
2025-06-02 08:30:25,1748853025,3.0,1.0,3.4,0.7956989247311829,42614784.0,50838512.0,78909720.0
2025-06-02 08:30:30,1748853030,3.0,1.0,3.4,0.7956989247311829,42614784.0,50838512.0,78909720.0
2025-06-02 08:30:35,1748853035,3.0,1.0,3.4,0.7956989247311829,42614784.0,51026346.0,79203301.0
2025-06-02 08:30:40,1748853040,3.0,1.0,3.4,0.7956989247311829,42614784.0,51026346.0,79203301.0
2025-06-02 08:30:45,1748853045,3.0,1.0,3.4,0.7956989247311829,42614784.0,51026346.0,79203301.0
2025-06-02 08:30:50,1748853050,3.0,1.0,3.4,0.8172043010752689,42614784.0,51215249.0,79497748.0
2025-06-02 08:30:55,1748853055,3.0,1.0,3.4,0.8172043010752689,42614784.0,51215249.0,79497748.0
2025-06-02 08:31:00,1748853060,3.0,1.0,3.4,0.8172043010752689,42614784.0,51215249.0,79497748.0
2025-06-02 08:31:05,1748853065,3.0,1.0,3.4,0.8172043010752689,42614784.0,51402975.0,79791225.0
2025-06-02 08:31:10,1748853070,3.0,1.0,3.4,0.8172043010752689,42614784.0,51402975.0,79791225.0
2025-06-02 08:31:15,1748853075,3.0,1.0,3.4,0.8172043010752689,42614784.0,51402975.0,79791225.0
2025-06-02 08:31:20,1748853080,3.0,1.0,3.4,0.8172043010752689,42614784.0,51591826.0,80085590.0
2025-06-02 08:31:25,1748853085,3.0,1.0,3.4,0.8172043010752689,42614784.0,51591826.0,80085590.0
2025-06-02 08:31:30,1748853090,3.0,1.0,3.4,0.8172043010752689,42614784.0,51591826.0,80085590.0
2025-06-02 08:31:35,1748853095,3.0,1.0,3.4,0.8172043010752689,42614784.0,51779658.0,80379170.0
2025-06-02 08:31:40,1748853100,3.0,1.0,3.4,0.8172043010752689,42614784.0,51779658.0,80379170.0
2025-06-02 08:31:45,1748853105,3.0,1.0,3.4,0.8172043010752689,42614784.0,51779658.0,80379170.0
2025-06-02 08:31:50,1748853110,3.0,1.0,3.4,0.8172043010752689,42614784.0,51968506.0,80673556.0
2025-06-02 08:31:55,1748853115,3.0,1.0,3.4,0.8172043010752689,42614784.0,51968506.0,80673556.0
2025-06-02 08:32:00,1748853120,3.0,1.0,3.4,0.8172043010752689,42614784.0,51968506.0,80673556.0
2025-06-02 08:32:05,1748853125,3.0,1.0,3.4,0.8172043010752689,42614784.0,52156180.0,80966978.0
2025-06-02 08:32:10,1748853130,3.0,1.0,3.4,0.8172043010752689,42614784.0,52156180.0,80966978.0
2025-06-02 08:32:15,1748853135,3.0,1.0,3.4,0.8172043010752689,42614784.0,52156180.0,80966978.0
2025-06-02 08:32:20,1748853140,3.0,1.0,3.4,0.8172043010752689,42614784.0,52344924.0,81261260.0
2025-06-02 08:32:25,1748853145,3.0,1.0,3.4,0.8172043010752689,42614784.0,52344924.0,81261260.0
2025-06-02 08:32:30,1748853150,3.0,1.0,3.4,0.8172043010752689,42614784.0,52344924.0,81261260.0
2025-06-02 08:32:35,1748853155,3.0,1.0,3.4,0.8279569892473119,42614784.0,52532704.0,81554760.0
2025-06-02 08:32:40,1748853160,3.0,1.0,3.4,0.8279569892473119,42614784.0,52532704.0,81554760.0
2025-06-02 08:32:45,1748853165,3.0,1.0,3.4,0.8279569892473119,42614784.0,52532704.0,81554760.0
2025-06-02 08:32:50,1748853170,3.0,1.0,3.4,0.8279569892473119,42614784.0,52721645.0,81849188.0
2025-06-02 08:32:55,1748853175,3.0,1.0,3.4,0.8279569892473119,42614784.0,52721645.0,81849188.0
2025-06-02 08:33:00,1748853180,3.0,1.0,3.4,0.8279569892473119,42614784.0,52721645.0,81849188.0
2025-06-02 08:33:05,1748853185,3.0,1.0,3.4,0.8279569892473119,42614784.0,52909421.0,82142710.0
2025-06-02 08:33:10,1748853190,3.0,1.0,3.4,0.8279569892473119,42614784.0,52909421.0,82142710.0
2025-06-02 08:33:15,1748853195,3.0,1.0,3.4,0.8279569892473119,42614784.0,52909421.0,82142710.0
2025-06-02 08:33:20,1748853200,3.0,1.0,3.4,0.8279569892473119,42614784.0,53098218.0,82437047.0
2025-06-02 08:33:25,1748853205,3.0,1.0,3.4,0.8279569892473119,42614784.0,53098218.0,82437047.0
2025-06-02 08:33:30,1748853210,3.0,1.0,3.4,0.8279569892473119,42614784.0,53098218.0,82437047.0
2025-06-02 08:33:35,1748853215,3.0,1.0,3.4,0.8279569892473119,42614784.0,53285939.0,82730519.0
2025-06-02 08:33:40,1748853220,3.0,1.0,3.4,0.8279569892473119,42614784.0,53285939.0,82730519.0
2025-06-02 08:33:45,1748853225,3.0,1.0,3.4,0.8279569892473119,42614784.0,53285939.0,82730519.0
2025-06-02 08:33:50,1748853230,3.0,1.0,3.4,0.8279569892473119,42614784.0,53474791.0,83024885.0
2025-06-02 08:33:55,1748853235,3.0,1.0,3.4,0.8279569892473119,42614784.0,53474791.0,83024885.0
2025-06-02 08:34:00,1748853240,3.0,1.0,3.4,0.8279569892473119,42614784.0,53474791.0,83024885.0
2025-06-02 08:34:05,1748853245,3.0,1.0,3.4,0.8387096774193549,42614784.0,53662571.0,83318413.0
2025-06-02 08:34:10,1748853250,3.0,1.0,3.4,0.8387096774193549,42614784.0,53662571.0,83318413.0
2025-06-02 08:34:15,1748853255,3.0,1.0,3.4,0.8387096774193549,42614784.0,53662571.0,83318413.0
2025-06-02 08:34:20,1748853260,3.0,1.0,3.4,0.8387096774193549,42614784.0,53851420.0,83612802.0
2025-06-02 08:34:25,1748853265,3.0,1.0,3.4,0.8387096774193549,42614784.0,53851420.0,83612802.0
2025-06-02 08:34:30,1748853270,3.0,1.0,3.4,0.8387096774193549,42614784.0,53851420.0,83612802.0
2025-06-02 08:34:35,1748853275,3.0,1.0,3.4,0.8387096774193549,42614784.0,54039199.0,83906330.0
2025-06-02 08:34:40,1748853280,3.0,1.0,3.4,0.8387096774193549,42614784.0,54039199.0,83906330.0
2025-06-02 08:34:45,1748853285,3.0,1.0,3.4,0.8387096774193549,42614784.0,54039199.0,83906330.0
2025-06-02 08:34:50,1748853290,3.0,1.0,3.4,0.8387096774193549,42614784.0,54227944.0,84200566.0
2025-06-02 08:34:55,1748853295,3.0,1.0,3.4,0.8387096774193549,42614784.0,54227944.0,84200566.0
2025-06-02 08:35:00,1748853300,3.0,1.0,3.4,0.8387096774193549,42614784.0,54227944.0,84200566.0
2025-06-02 08:35:05,1748853305,3.0,1.0,3.4,0.8387096774193549,42614784.0,54415778.0,84494127.0
2025-06-02 08:35:10,1748853310,3.0,1.0,3.4,0.8387096774193549,42614784.0,54415778.0,84494127.0
2025-06-02 08:35:15,1748853315,3.0,1.0,3.4,0.8387096774193549,42614784.0,54415778.0,84494127.0
2025-06-02 08:35:20,1748853320,3.0,1.0,3.4,0.849462365591398,42614784.0,54604630.0,84788525.0
2025-06-02 08:35:25,1748853325,3.0,1.0,3.4,0.849462365591398,42614784.0,54604630.0,84788525.0
2025-06-02 08:35:30,1748853330,3.0,1.0,3.4,0.849462365591398,42614784.0,54604630.0,84788525.0
2025-06-02 08:35:35,1748853335,3.0,1.0,3.4,0.849462365591398,42614784.0,54792465.0,85082113.0
2025-06-02 08:35:40,1748853340,3.0,1.0,3.4,0.849462365591398,42614784.0,54792465.0,85082113.0
2025-06-02 08:35:45,1748853345,3.0,1.0,3.4,0.849462365591398,42614784.0,54792465.0,85082113.0
2025-06-02 08:35:50,1748853350,3.0,1.0,3.4,0.849462365591398,42614784.0,54981249.0,85376488.0
2025-06-02 08:35:55,1748853355,3.0,1.0,3.4,0.849462365591398,42614784.0,54981249.0,85376488.0
2025-06-02 08:36:00,1748853360,3.0,1.0,3.4,0.849462365591398,42614784.0,54981249.0,85376488.0
2025-06-02 08:36:05,1748853365,3.0,1.0,3.4,0.870967741935484,42614784.0,55169027.0,85670019.0
2025-06-02 08:36:10,1748853370,3.0,1.0,3.4,0.870967741935484,42614784.0,55169027.0,85670019.0
2025-06-02 08:36:15,1748853375,3.0,1.0,3.4,0.870967741935484,42614784.0,55169027.0,85670019.0
2025-06-02 08:36:20,1748853380,3.0,1.0,3.4,0.870967741935484,42614784.0,55357878.0,85964387.0
2025-06-02 08:36:25,1748853385,3.0,1.0,3.4,0.870967741935484,42614784.0,55357878.0,85964387.0
2025-06-02 08:36:30,1748853390,3.0,1.0,3.4,0.870967741935484,42614784.0,55357878.0,85964387.0
2025-06-02 08:36:35,1748853395,3.0,1.0,3.4,0.870967741935484,42614784.0,55545712.0,86257974.0
2025-06-02 08:36:40,1748853400,3.0,1.0,3.4,0.870967741935484,42614784.0,55545712.0,86257974.0
2025-06-02 08:36:45,1748853405,3.0,1.0,3.4,0.870967741935484,42614784.0,55545712.0,86257974.0
2025-06-02 08:36:50,1748853410,3.0,1.0,3.4,0.870967741935484,42614784.0,55734510.0,86552368.0
2025-06-02 08:36:55,1748853415,3.0,1.0,3.4,0.870967741935484,42614784.0,55734510.0,86552368.0
2025-06-02 08:37:00,1748853420,3.0,1.0,3.4,0.870967741935484,42614784.0,55734510.0,86552368.0
2025-06-02 08:37:05,1748853425,3.0,1.0,3.4,0.870967741935484,42614784.0,55922342.0,86845947.0
2025-06-02 08:37:10,1748853430,3.0,1.0,3.4,0.870967741935484,42614784.0,55922342.0,86845947.0
2025-06-02 08:37:15,1748853435,3.0,1.0,3.4,0.870967741935484,42614784.0,55922342.0,86845947.0
2025-06-02 08:37:20,1748853440,3.0,1.0,3.4,0.870967741935484,42614784.0,56111080.0,87140223.0
2025-06-02 08:37:25,1748853445,3.0,1.0,3.4,0.870967741935484,42614784.0,56111080.0,87140223.0
2025-06-02 08:37:30,1748853450,3.0,1.0,3.4,0.870967741935484,42614784.0,56111080.0,87140223.0
2025-06-02 08:37:35,1748853455,3.0,1.0,3.4,0.870967741935484,42614784.0,56298913.0,87433781.0
2025-06-02 08:37:40,1748853460,3.0,1.0,3.4,0.870967741935484,42614784.0,56298913.0,87433781.0
2025-06-02 08:37:45,1748853465,3.0,1.0,3.4,0.870967741935484,42614784.0,56298913.0,87433781.0
2025-06-02 08:37:50,1748853470,3.0,1.0,3.4,0.870967741935484,42614784.0,56487762.0,87728119.0
2025-06-02 08:37:55,1748853475,3.0,1.0,3.4,0.870967741935484,42614784.0,56487762.0,87728119.0
2025-06-02 08:38:00,1748853480,3.0,1.0,3.4,0.870967741935484,42614784.0,56487762.0,87728119.0
2025-06-02 08:38:05,1748853485,3.0,1.0,3.4,0.8817204301075268,42614784.0,56675541.0,88021648.0
2025-06-02 08:38:10,1748853490,3.0,1.0,3.4,0.8817204301075268,42614784.0,56675541.0,88021648.0
2025-06-02 08:38:15,1748853495,3.0,1.0,3.4,0.8817204301075268,42614784.0,56675541.0,88021648.0
2025-06-02 08:38:20,1748853500,3.0,1.0,3.4,0.8817204301075268,42614784.0,56864533.0,88316132.0
2025-06-02 08:38:25,1748853505,3.0,1.0,3.4,0.8817204301075268,42614784.0,56864533.0,88316132.0
2025-06-02 08:38:30,1748853510,3.0,1.0,3.4,0.8817204301075268,42614784.0,56864533.0,88316132.0
2025-06-02 08:38:35,1748853515,3.0,1.0,3.4,0.8817204301075268,42614784.0,57052254.0,88609606.0
2025-06-02 08:38:40,1748853520,3.0,1.0,3.4,0.8817204301075268,42614784.0,57052254.0,88609606.0
2025-06-02 08:38:45,1748853525,3.0,1.0,3.4,0.8817204301075268,42614784.0,57052254.0,88609606.0
2025-06-02 08:38:50,1748853530,3.0,1.0,3.4,0.8817204301075268,42614784.0,57241104.0,88903918.0
2025-06-02 08:38:55,1748853535,3.0,1.0,3.4,0.8817204301075268,42614784.0,57241104.0,88903918.0
2025-06-02 08:39:00,1748853540,3.0,1.0,3.4,0.8817204301075268,42614784.0,57241104.0,88903918.0
2025-06-02 08:39:05,1748853545,3.0,1.0,3.4,0.8817204301075268,42614784.0,57428937.0,89197503.0
2025-06-02 08:39:10,1748853550,3.0,1.0,3.4,0.8817204301075268,42614784.0,57428937.0,89197503.0
2025-06-02 08:39:15,1748853555,3.0,1.0,3.4,0.8817204301075268,42614784.0,57428937.0,89197503.0
2025-06-02 08:39:20,1748853560,4.0,1.0,3.4,0.9139784946236559,44711936.0,57867111.0,89839467.0
2025-06-02 08:39:25,1748853565,4.0,1.0,3.4,0.9139784946236559,44711936.0,57867111.0,89839467.0
2025-06-02 08:39:30,1748853570,4.0,1.0,3.4,0.9139784946236559,44711936.0,57867111.0,89839467.0
2025-06-02 08:39:35,1748853575,4.0,1.0,5.05,0.9139784946236559,44711936.0,58054944.0,90133054.0
2025-06-02 08:39:40,1748853580,4.0,1.0,5.05,0.9139784946236559,44711936.0,58054944.0,90133054.0
2025-06-02 08:39:45,1748853585,4.0,1.0,5.05,0.9139784946236559,44711936.0,58054944.0,90133054.0
2025-06-02 08:39:50,1748853590,4.0,1.0,5.05,0.9139784946236559,44539904.0,58243685.0,90427383.0
2025-06-02 08:39:55,1748853595,4.0,1.0,5.05,0.9139784946236559,44539904.0,58243685.0,90427383.0
2025-06-02 08:40:00,1748853600,4.0,1.0,5.05,0.9139784946236559,44539904.0,58243685.0,90427383.0
2025-06-02 08:40:05,1748853605,4.0,1.0,5.05,0.9139784946236559,44539904.0,58431688.0,90721101.0
2025-06-02 08:40:10,1748853610,4.0,1.0,5.05,0.9139784946236559,44539904.0,58431688.0,90721101.0
2025-06-02 08:40:15,1748853615,4.0,1.0,5.05,0.9139784946236559,44539904.0,58431688.0,90721101.0
2025-06-02 08:40:20,1748853620,4.0,1.0,5.05,0.9139784946236559,44539904.0,58620704.0,91015649.0
2025-06-02 08:40:25,1748853625,4.0,1.0,5.05,0.9139784946236559,44539904.0,58620704.0,91015649.0
2025-06-02 08:40:30,1748853630,4.0,1.0,5.05,0.9139784946236559,44539904.0,58620704.0,91015649.0
2025-06-02 08:40:35,1748853635,4.0,1.0,5.05,0.9139784946236559,44539904.0,58808533.0,91309221.0
2025-06-02 08:40:40,1748853640,4.0,1.0,5.05,0.9139784946236559,44539904.0,58808533.0,91309221.0
2025-06-02 08:40:45,1748853645,4.0,1.0,5.05,0.9139784946236559,44539904.0,58808533.0,91309221.0
2025-06-02 08:40:50,1748853650,4.0,1.0,5.05,0.9354838709677419,44539904.0,58997379.0,91603603.0
2025-06-02 08:40:55,1748853655,4.0,1.0,5.05,0.9354838709677419,44539904.0,58997379.0,91603603.0
2025-06-02 08:41:00,1748853660,4.0,1.0,5.05,0.9354838709677419,44539904.0,58997379.0,91603603.0
2025-06-02 08:41:05,1748853665,4.0,1.0,5.05,0.9354838709677419,43892736.0,59185104.0,91897077.0
2025-06-02 08:41:10,1748853670,4.0,1.0,5.05,0.9354838709677419,43892736.0,59185104.0,91897077.0
2025-06-02 08:41:15,1748853675,4.0,1.0,5.05,0.9354838709677419,43892736.0,59185104.0,91897077.0
2025-06-02 08:41:20,1748853680,4.0,1.0,5.05,0.9354838709677419,42528768.0,59374045.0,92191583.0
2025-06-02 08:41:25,1748853685,4.0,1.0,5.05,0.9354838709677419,42528768.0,59374045.0,92191583.0
2025-06-02 08:41:30,1748853690,4.0,1.0,5.05,0.9354838709677419,42528768.0,59374045.0,92191583.0
2025-06-02 08:41:35,1748853695,4.0,1.0,5.05,0.9354838709677419,37810176.0,59561826.0,92485114.0
2025-06-02 08:41:40,1748853700,4.0,1.0,5.05,0.9354838709677419,37810176.0,59561826.0,92485114.0
2025-06-02 08:41:45,1748853705,4.0,1.0,5.05,0.9354838709677419,37810176.0,59561826.0,92485114.0
2025-06-02 08:41:50,1748853710,4.0,1.0,5.05,0.9354838709677419,37810176.0,59750625.0,92779456.0
2025-06-02 08:41:55,1748853715,4.0,1.0,5.05,0.9354838709677419,37810176.0,59750625.0,92779456.0
2025-06-02 08:42:00,1748853720,4.0,1.0,5.05,0.9354838709677419,37810176.0,59750625.0,92779456.0
2025-06-02 08:42:05,1748853725,4.0,1.0,5.05,0.9462365591397849,37810176.0,59938458.0,93073036.0
2025-06-02 08:42:10,1748853730,4.0,1.0,5.05,0.9462365591397849,37810176.0,59938458.0,93073036.0
2025-06-02 08:42:15,1748853735,4.0,1.0,5.05,0.9462365591397849,37810176.0,59938458.0,93073036.0
2025-06-02 08:42:20,1748853740,4.0,1.0,5.05,0.9462365591397849,37810176.0,60127198.0,93367314.0
2025-06-02 08:42:25,1748853745,4.0,1.0,5.05,0.9462365591397849,37810176.0,60127198.0,93367314.0
2025-06-02 08:42:30,1748853750,4.0,1.0,5.05,0.9462365591397849,37810176.0,60127198.0,93367314.0
2025-06-02 08:42:35,1748853755,4.0,1.0,5.05,0.9462365591397849,37810176.0,60315032.0,93660873.0
2025-06-02 08:42:40,1748853760,4.0,1.0,5.05,0.9462365591397849,37810176.0,60315032.0,93660873.0
2025-06-02 08:42:45,1748853765,4.0,1.0,5.05,0.9462365591397849,37810176.0,60315032.0,93660873.0
2025-06-02 08:42:50,1748853770,4.0,1.0,5.05,0.9462365591397849,37810176.0,60503879.0,93955208.0
2025-06-02 08:42:55,1748853775,4.0,1.0,5.05,0.9462365591397849,37810176.0,60503879.0,93955208.0
2025-06-02 08:43:00,1748853780,4.0,1.0,5.05,0.9462365591397849,37810176.0,60503879.0,93955208.0
2025-06-02 08:43:05,1748853785,4.0,1.0,5.05,0.9462365591397849,37531648.0,60691707.0,94248779.0
2025-06-02 08:43:10,1748853790,4.0,1.0,5.05,0.9462365591397849,37531648.0,60691707.0,94248779.0
2025-06-02 08:43:15,1748853795,4.0,1.0,5.05,0.9462365591397849,37531648.0,60691707.0,94248779.0
2025-06-02 08:43:20,1748853800,4.0,1.0,5.05,0.9462365591397849,37531648.0,60880558.0,94543122.0
2025-06-02 08:43:25,1748853805,4.0,1.0,5.05,0.9462365591397849,37531648.0,60880558.0,94543122.0
2025-06-02 08:43:30,1748853810,4.0,1.0,5.05,0.9462365591397849,37531648.0,60880558.0,94543122.0
2025-06-02 08:43:35,1748853815,4.0,1.0,5.05,0.9677419354838709,36900864.0,61068328.0,94836639.0
2025-06-02 08:43:40,1748853820,4.0,1.0,5.05,0.9677419354838709,36900864.0,61068328.0,94836639.0
2025-06-02 08:43:45,1748853825,4.0,1.0,5.05,0.9677419354838709,36900864.0,61068328.0,94836639.0
2025-06-02 08:43:50,1748853830,4.0,1.0,5.05,0.9677419354838709,36900864.0,61257070.0,95130838.0
2025-06-02 08:43:55,1748853835,4.0,1.0,5.05,0.9677419354838709,36900864.0,61257070.0,95130838.0
2025-06-02 08:44:00,1748853840,4.0,1.0,5.05,0.9677419354838709,36900864.0,61257070.0,95130838.0
2025-06-02 08:44:05,1748853845,4.0,1.0,5.05,0.9677419354838709,36900864.0,61444898.0,95424410.0
2025-06-02 08:44:10,1748853850,4.0,1.0,5.05,0.9677419354838709,36900864.0,61444898.0,95424410.0
2025-06-02 08:44:15,1748853855,4.0,1.0,5.05,0.9677419354838709,36900864.0,61444898.0,95424410.0
2025-06-02 08:44:20,1748853860,4.0,1.0,5.05,0.9677419354838709,36900864.0,61633745.0,95718743.0
2025-06-02 08:44:25,1748853865,4.0,1.0,5.05,0.9677419354838709,36900864.0,61633745.0,95718743.0
2025-06-02 08:44:30,1748853870,4.0,1.0,5.05,0.9677419354838709,36900864.0,61633745.0,95718743.0
2025-06-02 08:44:35,1748853875,4.0,1.0,5.05,0.9677419354838709,36900864.0,61821576.0,96012324.0
2025-06-02 08:44:40,1748853880,4.0,1.0,5.05,0.9677419354838709,36900864.0,61821576.0,96012324.0
2025-06-02 08:44:45,1748853885,4.0,1.0,5.05,0.9677419354838709,36900864.0,61821576.0,96012324.0
2025-06-02 08:44:50,1748853890,4.0,1.0,5.05,0.9677419354838709,36900864.0,62010373.0,96306612.0
2025-06-02 08:44:55,1748853895,4.0,1.0,5.05,0.9677419354838709,36900864.0,62010373.0,96306612.0
2025-06-02 08:45:00,1748853900,4.0,1.0,5.05,0.9677419354838709,36900864.0,62010373.0,96306612.0
2025-06-02 08:45:05,1748853905,4.0,1.0,5.05,0.9677419354838709,36900864.0,62198255.0,96600213.0
2025-06-02 08:45:10,1748853910,4.0,1.0,5.05,0.9677419354838709,36900864.0,62198255.0,96600213.0
2025-06-02 08:45:15,1748853915,4.0,1.0,5.05,0.9677419354838709,36900864.0,62198255.0,96600213.0
2025-06-02 08:45:20,1748853920,4.0,1.0,5.05,0.978494623655914,36900864.0,62387106.0,96894556.0
2025-06-02 08:45:25,1748853925,4.0,1.0,5.05,0.978494623655914,36900864.0,62387106.0,96894556.0
2025-06-02 08:45:30,1748853930,4.0,1.0,5.05,0.978494623655914,36900864.0,62387106.0,96894556.0
2025-06-02 08:45:35,1748853935,4.0,1.0,5.05,0.978494623655914,36818944.0,62574934.0,97188129.0
2025-06-02 08:45:40,1748853940,4.0,1.0,5.05,0.978494623655914,36818944.0,62574934.0,97188129.0
2025-06-02 08:45:45,1748853945,4.0,1.0,5.05,0.978494623655914,36818944.0,62574934.0,97188129.0
2025-06-02 08:45:50,1748853950,4.0,1.0,5.05,0.978494623655914,36630528.0,62763681.0,97482363.0
2025-06-02 08:45:55,1748853955,4.0,1.0,5.05,0.978494623655914,36630528.0,62763681.0,97482363.0
2025-06-02 08:46:00,1748853960,4.0,1.0,5.05,0.978494623655914,36630528.0,62763681.0,97482363.0
2025-06-02 08:46:05,1748853965,4.0,1.0,5.05,0.989247311827957,36315136.0,62951457.0,97775888.0
2025-06-02 08:46:10,1748853970,4.0,1.0,5.05,0.989247311827957,36315136.0,62951457.0,97775888.0
2025-06-02 08:46:15,1748853975,4.0,1.0,5.05,0.989247311827957,36315136.0,62951457.0,97775888.0
2025-06-02 08:46:20,1748853980,4.0,1.0,5.05,0.989247311827957,36315136.0,63140256.0,98070150.0
2025-06-02 08:46:25,1748853985,4.0,1.0,5.05,0.989247311827957,36315136.0,63140256.0,98070150.0
2025-06-02 08:46:30,1748853990,4.0,1.0,5.05,0.989247311827957,36315136.0,63140256.0,98070150.0
2025-06-02 08:46:35,1748853995,4.0,1.0,5.05,0.989247311827957,36315136.0,63328037.0,98363679.0
2025-06-02 08:46:40,1748854000,4.0,1.0,5.05,0.989247311827957,36315136.0,63328037.0,98363679.0
2025-06-02 08:46:45,1748854005,4.0,1.0,5.05,0.989247311827957,36315136.0,63328037.0,98363679.0
2025-06-02 08:46:50,1748854010,4.0,1.0,5.05,0.989247311827957,36315136.0,63516888.0,98658021.0
2025-06-02 08:46:55,1748854015,4.0,1.0,5.05,0.989247311827957,36315136.0,63516888.0,98658021.0
2025-06-02 08:47:00,1748854020,4.0,1.0,5.05,0.989247311827957,36315136.0,63516888.0,98658021.0
2025-06-02 08:47:05,1748854025,4.0,1.0,5.05,0.989247311827957,36315136.0,63704671.0,98951558.0
2025-06-02 08:47:10,1748854030,4.0,1.0,5.05,0.989247311827957,36315136.0,63704671.0,98951558.0
2025-06-02 08:47:15,1748854035,4.0,1.0,5.05,0.989247311827957,36315136.0,63704671.0,98951558.0
2025-06-02 08:47:20,1748854040,4.0,1.0,5.05,1.0,36315136.0,63893466.0,99245895.0
2025-06-02 08:47:25,1748854045,4.0,1.0,5.05,1.0,36315136.0,63893466.0,99245895.0
2025-06-02 08:47:30,1748854050,4.0,1.0,5.05,1.0,36315136.0,63893466.0,99245895.0
2025-06-02 08:47:35,1748854055,4.0,1.0,5.05,1.0,36274176.0,64081298.0,99539450.0
2025-06-02 08:47:40,1748854060,4.0,1.0,5.05,1.0,36274176.0,64081298.0,99539450.0
2025-06-02 08:47:45,1748854065,4.0,1.0,5.05,1.0,36274176.0,64081298.0,99539450.0
2025-06-02 08:47:50,1748854070,4.0,1.0,5.05,1.0,36274176.0,64270241.0,99833987.0
2025-06-02 08:47:55,1748854075,4.0,1.0,5.05,1.0,36274176.0,64270241.0,99833987.0
2025-06-02 08:48:00,1748854080,4.0,1.0,5.05,1.0,36274176.0,64270241.0,99833987.0
2025-06-02 08:48:05,1748854085,4.0,1.0,5.05,1.0,36274176.0,64458073.0,100127570.0
2025-06-02 08:48:10,1748854090,4.0,1.0,5.05,1.0,36274176.0,64458073.0,100127570.0
2025-06-02 08:48:15,1748854095,4.0,1.0,5.05,1.0,36274176.0,64458073.0,100127570.0
